Transaction ID,Item_Cake,Item_Coffee,Item_Cookie,Item_Juice,Item_Salad,Item_Sandwich,Item_Smoothie,Item_Tea,Payment Method_Cash,Payment Method_Credit Card,Payment Method_Digital Wallet,Transaction Date,Location_encoded,Quantity_scaled,Price Per Unit_scaled,Total Spent_scaled
TXN_1961373,0,1,0,0,0,0,0,0,0,1,0,2023-09-08,1,0.25,0.25,0.125
TXN_4977031,1,0,0,0,0,0,0,0,1,0,0,2023-05-16,0,0.75,0.5,0.4583333333333333
TXN_4271903,0,0,1,0,0,0,0,0,0,1,0,2023-07-19,0,0.75,0.0,0.125
TXN_7034554,0,0,0,0,1,0,0,0,0,1,0,2023-04-27,0,0.25,1.0,0.375
TXN_3160411,0,1,0,0,0,0,0,0,0,0,1,2023-06-11,0,0.25,0.25,0.125
TXN_2602893,0,0,0,0,0,0,1,0,0,1,0,2023-03-31,1,1.0,0.75,0.7916666666666666
TXN_4433211,0,0,0,1,0,0,0,0,1,0,0,2023-10-06,1,0.5,0.5,0.3333333333333333
TXN_6699534,0,0,0,0,0,1,0,0,1,0,0,2023-10-28,0,0.75,0.75,0.625
TXN_4717867,0,0,0,1,0,0,0,0,1,0,0,2023-07-28,1,1.0,0.5,0.5833333333333333
TXN_2064365,0,0,0,0,0,1,0,0,0,1,0,2023-12-31,0,1.0,0.75,0.7916666666666666
TXN_2548360,0,0,0,0,1,0,0,0,1,0,0,2023-11-07,1,1.0,1.0,1.0
TXN_3051279,0,0,0,0,0,1,0,0,0,1,0,2023-08-13,1,0.25,0.75,0.29166666666666663
TXN_7619095,0,0,0,0,0,1,0,0,1,0,0,2023-05-03,0,0.25,0.75,0.29166666666666663
TXN_9437049,0,0,1,0,0,0,0,0,1,0,0,2023-06-01,1,1.0,0.0,0.16666666666666666
TXN_8915701,0,0,0,0,0,0,0,1,0,0,1,2023-03-21,0,0.25,0.125,0.08333333333333333
TXN_2847255,0,0,0,0,1,0,0,0,0,1,0,2023-11-15,0,0.5,1.0,0.5833333333333333
TXN_3765707,0,0,0,0,0,1,0,0,1,0,0,2023-06-10,0,0.0,0.75,0.125
TXN_6769710,0,0,0,1,0,0,0,0,1,0,0,2023-02-24,0,0.25,0.5,0.20833333333333331
TXN_8876618,1,0,0,0,0,0,0,0,1,0,0,2023-03-25,1,1.0,0.5,0.5833333333333333
TXN_3709394,0,0,0,1,0,0,0,0,1,0,0,2023-01-15,1,0.75,0.5,0.4583333333333333
TXN_3522028,0,0,0,0,0,0,1,0,1,0,0,2023-04-04,0,1.0,0.75,0.7916666666666666
TXN_3567645,0,0,0,0,0,0,1,0,0,1,0,2023-03-30,1,0.75,0.75,0.625
TXN_5132361,0,0,0,0,0,1,0,0,0,0,1,2023-12-01,1,0.5,0.75,0.4583333333333333
TXN_2616390,0,0,0,0,0,1,0,0,0,0,1,2023-09-18,0,0.25,0.75,0.29166666666666663
TXN_9400181,0,0,0,0,0,1,0,0,1,0,0,2023-06-03,0,1.0,0.75,0.7916666666666666
TXN_7958992,0,0,0,0,0,0,1,0,0,1,0,2023-12-13,0,0.5,0.75,0.4583333333333333
TXN_5183041,0,0,1,0,0,0,0,0,0,1,0,2023-04-20,0,1.0,0.0,0.16666666666666666
TXN_5695074,0,0,0,1,0,0,0,0,0,1,0,2023-04-10,1,0.75,0.5,0.4583333333333333
TXN_8467949,0,0,0,0,0,0,1,0,0,1,0,2023-03-11,0,1.0,0.75,0.7916666666666666
TXN_7640952,1,0,0,0,0,0,0,0,0,0,1,2023-10-04,1,0.75,0.5,0.4583333333333333
TXN_1736287,0,1,0,0,0,0,0,0,0,0,1,2023-06-02,0,1.0,0.25,0.375
TXN_8927252,0,0,1,0,0,0,0,0,0,1,0,2023-11-06,0,0.25,0.0,0.041666666666666664
TXN_9677376,0,0,0,0,0,0,1,0,1,0,0,2023-08-15,0,0.75,0.75,0.625
TXN_7710508,0,0,1,0,0,0,0,0,1,0,0,2023-03-14,0,1.0,0.0,0.16666666666666666
TXN_8853997,0,0,0,0,0,0,1,0,0,0,1,2023-10-09,1,0.25,0.75,0.29166666666666663
TXN_9130559,0,0,0,0,0,1,0,0,0,1,0,2023-05-28,0,0.0,0.75,0.125
TXN_6855453,1,0,0,0,0,0,0,0,0,0,1,2023-07-17,0,0.75,0.5,0.4583333333333333
TXN_1080432,0,0,0,0,1,0,0,0,0,1,0,2023-04-29,0,0.25,1.0,0.375
TXN_2655815,0,0,0,0,0,0,1,0,0,1,0,2023-06-08,1,0.75,0.75,0.625
TXN_6688524,0,1,0,0,0,0,0,0,1,0,0,2023-06-29,1,0.75,0.25,0.29166666666666663
TXN_2083138,0,0,0,0,0,0,1,0,1,0,0,2023-04-17,0,0.5,0.75,0.4583333333333333
TXN_2427584,0,0,0,0,0,1,0,0,0,0,1,2023-12-22,1,0.75,0.75,0.625
TXN_6650263,0,0,0,0,0,0,0,1,1,0,0,2023-01-10,1,0.25,0.125,0.08333333333333333
TXN_9620080,0,0,0,1,0,0,0,0,0,1,0,2023-10-02,1,0.75,0.5,0.4583333333333333
TXN_1491578,0,0,1,0,0,0,0,0,1,0,0,2023-02-23,1,0.25,0.0,0.041666666666666664
TXN_5455792,0,0,0,0,1,0,0,0,1,0,0,2023-03-22,0,0.5,1.0,0.5833333333333333
TXN_8078640,0,0,0,1,0,0,0,0,0,0,1,2023-11-03,0,0.75,0.5,0.4583333333333333
TXN_9499313,0,0,0,1,0,0,0,0,0,0,1,2023-03-02,1,1.0,0.5,0.5833333333333333
TXN_8201146,0,0,0,1,0,0,0,0,1,0,0,2023-06-26,1,1.0,0.5,0.5833333333333333
TXN_8230936,1,0,0,0,0,0,0,0,0,0,1,2023-05-02,0,0.5,0.5,0.3333333333333333
TXN_7742742,1,0,0,0,0,0,0,0,0,1,0,2023-09-05,1,1.0,0.5,0.5833333333333333
TXN_6342161,0,0,0,0,1,0,0,0,0,0,1,2023-01-08,1,1.0,1.0,1.0
TXN_8914892,0,0,0,0,1,0,0,0,0,0,1,2023-03-15,1,1.0,1.0,1.0
TXN_3363746,0,0,0,0,0,0,1,0,0,1,0,2023-11-25,1,0.5,0.75,0.4583333333333333
TXN_8614868,0,0,0,0,0,0,1,0,0,0,1,2023-12-05,1,1.0,0.75,0.7916666666666666
TXN_5522862,0,0,1,0,0,0,0,0,0,1,0,2023-03-19,1,0.25,0.0,0.041666666666666664
TXN_3578141,1,0,0,0,0,0,0,0,1,0,0,2023-06-27,1,1.0,0.5,0.5833333333333333
TXN_2080895,1,0,0,0,0,0,0,0,0,0,1,2023-04-19,0,0.0,0.5,0.08333333333333333
TXN_6421134,0,0,0,0,0,1,0,0,1,0,0,2023-11-03,1,0.75,0.75,0.625
TXN_8813311,0,0,0,1,0,0,0,0,0,1,0,2023-10-07,0,1.0,0.5,0.5833333333333333
TXN_9023317,0,0,0,0,1,0,0,0,0,0,1,2023-09-30,0,0.0,1.0,0.16666666666666666
TXN_8051289,0,0,0,1,0,0,0,0,0,0,1,2023-10-09,0,0.0,0.5,0.08333333333333333
TXN_2537617,0,0,0,0,0,1,0,0,1,0,0,2023-05-27,0,0.0,0.75,0.125
TXN_9099694,0,0,0,0,1,0,0,0,0,0,1,2023-11-18,1,0.5,1.0,0.5833333333333333
TXN_9230615,0,0,0,0,0,0,1,0,0,0,1,2023-06-01,1,0.75,0.75,0.625
TXN_4987129,0,0,0,0,0,1,0,0,0,0,1,2023-10-20,0,0.5,0.75,0.4583333333333333
TXN_8501819,0,0,0,1,0,0,0,0,1,0,0,2023-03-30,0,0.25,0.5,0.20833333333333331
TXN_3068204,0,0,1,0,0,0,0,0,0,1,0,2023-10-03,1,0.0,0.0,0.0
TXN_8427104,0,0,0,0,1,0,0,0,0,0,1,2023-10-27,0,0.25,1.0,0.375
TXN_8471743,1,0,0,0,0,0,0,0,0,0,1,2023-04-06,0,1.0,0.5,0.5833333333333333
TXN_2621580,0,0,0,0,0,0,0,1,1,0,0,2023-03-22,0,0.25,0.125,0.08333333333333333
TXN_4726376,1,0,0,0,0,0,0,0,0,1,0,2023-01-31,0,0.25,0.5,0.20833333333333331
TXN_6044979,0,0,1,0,0,0,0,0,1,0,0,2023-12-08,0,0.0,0.0,0.0
TXN_4238417,0,0,0,0,1,0,0,0,0,0,1,2023-06-19,1,0.25,1.0,0.375
TXN_1900620,0,0,0,0,0,0,1,0,0,1,0,2023-12-14,0,0.25,0.75,0.29166666666666663
TXN_6420335,0,1,0,0,0,0,0,0,1,0,0,2023-07-16,1,0.0,0.25,0.041666666666666664
TXN_3858209,0,0,0,0,0,1,0,0,1,0,0,2023-02-22,1,0.75,0.75,0.625
TXN_2091733,0,0,0,0,1,0,0,0,0,1,0,2023-01-16,0,0.0,1.0,0.16666666666666666
TXN_8735480,0,0,0,0,0,0,0,1,1,0,0,2023-06-02,1,1.0,0.125,0.2708333333333333
TXN_3829165,0,0,0,1,0,0,0,0,1,0,0,2023-06-15,0,0.75,0.5,0.4583333333333333
TXN_3748616,0,1,0,0,0,0,0,0,0,1,0,2023-12-09,0,0.25,0.25,0.125
TXN_1993289,0,0,0,0,0,1,0,0,0,1,0,2023-04-18,0,0.25,0.75,0.29166666666666663
TXN_2123367,0,0,1,0,0,0,0,0,0,0,1,2023-11-07,1,0.25,0.0,0.041666666666666664
TXN_5266394,1,0,0,0,0,0,0,0,1,0,0,2023-10-28,0,0.5,0.5,0.3333333333333333
TXN_5107946,1,0,0,0,0,0,0,0,0,1,0,2023-12-22,0,0.75,0.5,0.4583333333333333
TXN_8035512,0,0,0,0,0,0,0,1,1,0,0,2023-10-29,0,0.5,0.125,0.14583333333333331
TXN_8718498,1,0,0,0,0,0,0,0,0,1,0,2023-04-30,1,1.0,0.5,0.5833333333333333
TXN_3955361,0,0,1,0,0,0,0,0,0,0,1,2023-04-02,1,1.0,0.0,0.16666666666666666
TXN_9487821,0,0,0,0,1,0,0,0,0,0,1,2023-05-24,1,0.0,1.0,0.16666666666666666
TXN_4132730,0,0,1,0,0,0,0,0,1,0,0,2023-03-12,0,1.0,0.0,0.16666666666666666
TXN_8976658,0,0,0,0,0,0,0,1,0,1,0,2023-08-16,0,0.25,0.125,0.08333333333333333
TXN_5455936,1,0,0,0,0,0,0,0,0,0,1,2023-10-28,0,1.0,0.5,0.5833333333333333
TXN_2725602,0,0,0,1,0,0,0,0,0,1,0,2023-09-10,1,1.0,0.5,0.5833333333333333
TXN_3011323,0,1,0,0,0,0,0,0,0,1,0,2023-03-07,0,0.5,0.25,0.20833333333333331
TXN_6289610,0,0,0,1,0,0,0,0,1,0,0,2023-08-07,1,0.5,0.5,0.3333333333333333
TXN_8268061,0,0,0,0,1,0,0,0,0,1,0,2023-08-20,1,0.5,1.0,0.5833333333333333
TXN_5220895,0,0,0,0,1,0,0,0,1,0,0,2023-06-10,0,1.0,1.0,1.0
TXN_3085509,0,1,0,0,0,0,0,0,0,0,1,2023-04-15,0,0.75,0.25,0.29166666666666663
TXN_9999113,0,0,0,1,0,0,0,0,1,0,0,2023-05-27,1,0.75,0.5,0.4583333333333333
TXN_8779771,0,1,0,0,0,0,0,0,1,0,0,2023-07-25,0,0.75,0.25,0.29166666666666663
TXN_9517146,0,0,0,0,1,0,0,0,1,0,0,2023-10-30,1,1.0,1.0,1.0
TXN_1621920,0,0,0,0,1,0,0,0,0,0,1,2023-10-28,1,0.5,1.0,0.5833333333333333
TXN_3808639,0,0,0,1,0,0,0,0,0,0,1,2023-12-15,1,0.25,0.5,0.20833333333333331
TXN_7028009,1,0,0,0,0,0,0,0,0,0,1,2023-05-21,1,0.75,0.5,0.4583333333333333
TXN_7447872,0,0,0,1,0,0,0,0,0,1,0,2023-12-10,0,0.25,0.5,0.20833333333333331
TXN_6955416,0,0,0,0,1,0,0,0,0,1,0,2023-02-25,0,0.75,1.0,0.7916666666666666
TXN_3775339,0,0,1,0,0,0,0,0,0,1,0,2023-04-03,0,0.5,0.0,0.08333333333333333
TXN_9547091,0,0,1,0,0,0,0,0,0,1,0,2023-10-08,0,0.5,0.0,0.08333333333333333
TXN_4358673,0,0,1,0,0,0,0,0,0,0,1,2023-12-28,1,1.0,0.0,0.16666666666666666
TXN_4174591,0,0,0,0,0,0,0,1,0,0,1,2023-08-30,1,0.75,0.125,0.20833333333333331
TXN_3398520,0,0,0,0,0,1,0,0,0,1,0,2023-02-03,0,0.0,0.75,0.125
TXN_6171384,0,0,0,0,0,0,1,0,0,1,0,2023-09-12,1,0.25,0.75,0.29166666666666663
TXN_2530938,0,0,0,0,0,0,1,0,0,1,0,2023-04-27,1,1.0,0.75,0.7916666666666666
TXN_3314971,0,0,0,1,0,0,0,0,0,0,1,2023-05-04,1,0.5,0.5,0.3333333333333333
TXN_3092382,0,1,0,0,0,0,0,0,0,0,1,2023-02-21,0,1.0,0.25,0.375
TXN_1001832,0,0,0,0,1,0,0,0,1,0,0,2023-02-27,1,0.25,1.0,0.375
TXN_1535311,0,0,0,1,0,0,0,0,1,0,0,2023-03-16,0,0.5,0.5,0.3333333333333333
TXN_2148617,0,0,0,1,0,0,0,0,0,0,1,2023-01-10,1,0.5,0.5,0.3333333333333333
TXN_4633784,0,1,0,0,0,0,0,0,0,0,1,2023-02-06,0,1.0,0.5,0.5833333333333333
TXN_4368416,0,0,0,0,1,0,0,0,0,1,0,2023-02-24,1,0.25,1.0,0.375
TXN_9790731,1,0,0,0,0,0,0,0,0,0,1,2023-06-02,0,0.25,0.5,0.20833333333333331
TXN_9339456,0,1,0,0,0,0,0,0,0,0,1,2023-03-29,1,0.5,0.25,0.20833333333333331
TXN_5179020,1,0,0,0,0,0,0,0,0,1,0,2023-06-18,1,0.25,0.5,0.20833333333333331
TXN_6258471,0,1,0,0,0,0,0,0,0,0,1,2023-09-23,0,1.0,0.25,0.375
TXN_7945375,0,0,0,1,0,0,0,0,0,0,1,2023-01-14,1,0.5,0.5,0.3333333333333333
TXN_4685453,0,0,0,0,0,0,0,1,1,0,0,2023-09-14,0,0.75,0.125,0.20833333333333331
TXN_9646452,0,0,0,1,0,0,0,0,0,1,0,2023-09-16,0,1.0,0.5,0.5833333333333333
TXN_9096052,0,0,0,0,0,0,1,0,0,1,0,2023-12-28,1,0.75,0.75,0.625
TXN_5916991,0,0,0,1,0,0,0,0,0,0,1,2023-02-06,1,0.25,0.5,0.20833333333333331
TXN_3407169,0,0,0,0,0,1,0,0,1,0,0,2023-03-11,0,0.25,0.75,0.29166666666666663
TXN_2277042,0,0,0,0,0,0,0,1,1,0,0,2023-04-08,0,0.0,0.125,0.020833333333333332
TXN_9273729,0,0,0,0,0,0,0,1,1,0,0,2023-12-19,0,0.0,0.125,0.020833333333333332
TXN_2181545,0,0,0,1,0,0,0,0,0,1,0,2023-07-14,1,0.75,0.5,0.4583333333333333
TXN_1150033,0,0,0,1,0,0,0,0,1,0,0,2023-04-18,0,1.0,0.5,0.5833333333333333
TXN_1443912,0,0,0,1,0,0,0,0,0,0,1,2023-06-08,0,0.25,0.5,0.20833333333333331
TXN_8700451,0,0,0,0,0,0,0,1,0,1,0,2023-12-12,1,1.0,0.125,0.2708333333333333
TXN_6380550,0,1,0,0,0,0,0,0,1,0,0,2023-01-05,0,1.0,0.25,0.375
TXN_4885518,0,0,0,0,1,0,0,0,0,1,0,2023-06-10,0,0.5,1.0,0.5833333333333333
TXN_3972167,0,0,0,0,0,1,0,0,0,0,1,2023-01-23,0,1.0,0.75,0.7916666666666666
TXN_4878378,0,0,0,0,0,0,0,1,0,1,0,2023-02-20,1,0.0,0.125,0.020833333333333332
TXN_2484241,1,0,0,0,0,0,0,0,0,0,1,2023-07-19,1,0.5,0.5,0.3333333333333333
TXN_2368126,1,0,0,0,0,0,0,0,0,1,0,2023-12-06,0,1.0,0.5,0.5833333333333333
TXN_7943008,0,1,0,0,0,0,0,0,0,1,0,2023-11-25,0,0.0,0.25,0.041666666666666664
TXN_8495063,0,0,0,1,0,0,0,0,1,0,0,2023-05-31,0,0.0,0.5,0.08333333333333333
TXN_4811133,0,0,0,0,1,0,0,0,1,0,0,2023-08-11,0,0.25,1.0,0.375
TXN_8729570,0,0,0,0,0,0,0,1,0,0,1,2023-09-03,0,1.0,0.125,0.2708333333333333
TXN_7623634,1,0,0,0,0,0,0,0,0,1,0,2023-07-11,0,0.25,0.5,0.20833333333333331
TXN_9336980,0,0,0,0,1,0,0,0,1,0,0,2023-06-06,0,0.75,1.0,0.7916666666666666
TXN_3424331,1,0,0,0,0,0,0,0,0,1,0,2023-01-18,1,0.75,0.5,0.4583333333333333
TXN_5072031,1,0,0,0,0,0,0,0,1,0,0,2023-03-23,1,0.25,0.5,0.20833333333333331
TXN_8687151,0,0,0,0,1,0,0,0,1,0,0,2023-06-10,1,1.0,1.0,1.0
TXN_4031509,0,0,0,1,0,0,0,0,0,1,0,2023-01-04,1,0.75,0.75,0.625
TXN_5265095,0,1,0,0,0,0,0,0,0,1,0,2023-06-23,0,0.0,0.25,0.041666666666666664
TXN_6541415,1,0,0,0,0,0,0,0,1,0,0,2023-11-25,0,0.75,0.5,0.4583333333333333
TXN_4108138,0,1,0,0,0,0,0,0,1,0,0,2023-08-03,1,1.0,0.25,0.375
TXN_1909796,0,0,0,0,0,0,1,0,0,1,0,2023-07-12,1,0.25,0.75,0.29166666666666663
TXN_1928241,0,1,0,0,0,0,0,0,1,0,0,2023-04-30,0,0.5,0.25,0.20833333333333331
TXN_4283157,0,0,0,0,1,0,0,0,0,0,1,2023-11-25,0,1.0,1.0,1.0
TXN_8013032,0,1,0,0,0,0,0,0,0,1,0,2023-03-07,0,0.25,0.25,0.125
TXN_8301424,0,0,0,1,0,0,0,0,1,0,0,2023-06-27,1,0.25,0.5,0.20833333333333331
TXN_1093800,0,0,0,0,0,1,0,0,1,0,0,2023-08-30,1,0.5,0.75,0.4583333333333333
TXN_7965998,0,0,0,1,0,0,0,0,0,1,0,2023-11-02,0,0.0,0.5,0.08333333333333333
TXN_9238666,0,0,1,0,0,0,0,0,1,0,0,2023-07-31,1,0.0,0.0,0.0
TXN_1631695,0,0,0,0,0,0,0,1,1,0,0,2023-09-19,0,0.25,0.125,0.08333333333333333
TXN_1435086,1,0,0,0,0,0,0,0,0,0,1,2023-02-09,1,1.0,0.5,0.5833333333333333
TXN_3226832,0,0,0,0,0,1,0,0,1,0,0,2023-09-04,1,1.0,0.75,0.7916666666666666
TXN_1648671,0,0,0,0,0,1,0,0,1,0,0,2023-05-21,1,0.5,0.75,0.4583333333333333
TXN_4062737,1,0,0,0,0,0,0,0,1,0,0,2023-07-02,0,0.5,0.5,0.3333333333333333
TXN_3494565,0,0,0,0,0,0,1,0,0,1,0,2023-07-10,1,0.25,0.75,0.29166666666666663
TXN_9249507,0,0,1,0,0,0,0,0,0,1,0,2023-11-21,0,0.75,0.0,0.125
TXN_4689500,0,0,0,0,0,1,0,0,0,1,0,2023-12-02,1,0.75,0.75,0.625
TXN_8989148,0,0,0,0,0,0,0,1,0,1,0,2023-11-25,1,0.25,0.125,0.08333333333333333
TXN_8316826,0,1,0,0,0,0,0,0,1,0,0,2023-04-17,0,0.5,0.25,0.20833333333333331
TXN_9836934,0,0,1,0,0,0,0,0,0,0,1,2023-03-13,0,0.5,0.0,0.08333333333333333
TXN_8005489,1,0,0,0,0,0,0,0,1,0,0,2023-08-12,0,0.5,0.5,0.3333333333333333
TXN_6463132,0,0,1,0,0,0,0,0,0,1,0,2023-02-08,1,1.0,0.0,0.16666666666666666
TXN_3925836,0,0,1,0,0,0,0,0,0,0,1,2023-02-16,0,0.5,0.0,0.08333333333333333
TXN_1896955,0,0,0,0,1,0,0,0,0,0,1,2023-09-23,0,1.0,1.0,1.0
TXN_5075974,0,0,0,0,0,0,1,0,0,0,1,2023-04-11,1,0.75,0.75,0.625
TXN_3978874,0,0,0,0,0,0,1,0,0,1,0,2023-03-13,0,1.0,0.75,0.7916666666666666
TXN_8955912,0,0,0,0,0,1,0,0,1,0,0,2023-11-07,0,0.0,0.75,0.125
TXN_1136554,0,0,0,0,0,0,1,0,0,1,0,2023-03-26,1,0.5,0.75,0.4583333333333333
TXN_8007337,1,0,0,0,0,0,0,0,0,0,1,2023-11-01,1,0.25,0.5,0.20833333333333331
TXN_8129834,0,0,0,0,1,0,0,0,1,0,0,2023-07-22,1,0.0,1.0,0.16666666666666666
TXN_3831848,0,0,0,0,0,0,1,0,0,0,1,2023-11-03,1,0.0,0.75,0.125
TXN_5365809,1,0,0,0,0,0,0,0,1,0,0,2023-09-14,0,0.5,0.5,0.3333333333333333
TXN_8166407,0,0,0,0,0,0,1,0,0,0,1,2023-07-26,0,0.25,0.75,0.29166666666666663
TXN_6629480,0,0,0,0,0,0,1,0,0,1,0,2023-02-28,0,1.0,0.75,0.7916666666666666
TXN_3833797,0,1,0,0,0,0,0,0,0,0,1,2023-01-27,0,0.75,0.25,0.29166666666666663
TXN_2643815,0,0,1,0,0,0,0,0,0,0,1,2023-12-06,1,0.5,0.0,0.08333333333333333
TXN_2996519,1,0,0,0,0,0,0,0,1,0,0,2023-01-19,1,1.0,0.5,0.5833333333333333
TXN_8810894,0,0,0,0,0,0,1,0,0,0,1,2023-02-20,1,0.0,0.75,0.125
TXN_7412722,0,0,0,1,0,0,0,0,1,0,0,2023-04-07,0,0.75,0.5,0.4583333333333333
TXN_3937509,0,0,0,0,0,0,1,0,1,0,0,2023-03-20,0,0.25,0.75,0.29166666666666663
TXN_6000201,0,0,1,0,0,0,0,0,1,0,0,2023-02-16,1,0.5,0.0,0.08333333333333333
TXN_1714274,0,0,1,0,0,0,0,0,0,1,0,2023-12-27,0,0.75,0.0,0.125
TXN_3800182,0,0,0,0,0,0,0,1,1,0,0,2023-10-26,0,0.25,0.125,0.08333333333333333
TXN_5115080,1,0,0,0,0,0,0,0,0,1,0,2023-02-18,1,1.0,0.5,0.5833333333333333
TXN_9788956,0,0,0,1,0,0,0,0,0,1,0,2023-04-11,1,0.75,0.5,0.4583333333333333
TXN_6311602,0,0,0,1,0,0,0,0,0,1,0,2023-05-15,0,0.5,0.5,0.3333333333333333
TXN_2950680,0,1,0,0,0,0,0,0,0,1,0,2023-12-10,1,0.25,0.25,0.125
TXN_6749847,1,0,0,0,0,0,0,0,0,1,0,2023-08-15,1,0.25,0.5,0.20833333333333331
TXN_2143187,0,0,0,0,0,0,1,0,1,0,0,2023-04-21,0,0.0,0.75,0.125
TXN_8964522,0,0,0,1,0,0,0,0,0,1,0,2023-10-28,1,0.5,0.5,0.3333333333333333
TXN_4088917,0,1,0,0,0,0,0,0,1,0,0,2023-02-04,1,0.5,0.25,0.20833333333333331
TXN_3779366,0,0,1,0,0,0,0,0,0,0,1,2023-04-15,0,0.0,0.0,0.0
TXN_7724048,0,0,0,0,0,0,1,0,1,0,0,2023-11-12,0,0.0,0.75,0.125
TXN_2698591,0,0,0,0,0,0,0,1,0,1,0,2023-08-05,1,1.0,0.125,0.2708333333333333
TXN_3171373,0,0,0,0,0,0,1,0,0,1,0,2023-05-10,0,0.5,0.75,0.4583333333333333
TXN_4129248,0,0,0,0,0,1,0,0,0,1,0,2023-05-19,1,0.25,0.75,0.29166666666666663
TXN_6498163,0,0,0,0,0,0,1,0,0,0,1,2023-07-15,0,1.0,0.75,0.7916666666666666
TXN_6717827,0,0,0,0,1,0,0,0,0,0,1,2023-11-15,1,0.5,1.0,0.5833333333333333
TXN_9089898,0,0,0,0,1,0,0,0,0,1,0,2023-01-11,0,0.5,1.0,0.5833333333333333
TXN_8587583,1,0,0,0,0,0,0,0,1,0,0,2023-10-01,0,0.0,0.5,0.08333333333333333
TXN_8693704,0,0,0,0,1,0,0,0,1,0,0,2023-05-04,0,1.0,1.0,1.0
TXN_3857960,0,0,0,0,1,0,0,0,1,0,0,2023-04-26,0,0.75,1.0,0.7916666666666666
TXN_3499124,0,0,0,0,0,0,1,0,0,1,0,2023-08-25,0,0.75,0.75,0.625
TXN_9250710,0,0,0,0,1,0,0,0,1,0,0,2023-05-28,0,0.0,1.0,0.16666666666666666
TXN_7058377,0,0,0,1,0,0,0,0,0,0,1,2023-04-30,1,0.0,0.5,0.08333333333333333
TXN_6766492,0,0,0,0,1,0,0,0,0,0,1,2023-01-14,1,0.0,1.0,0.16666666666666666
TXN_9879996,0,1,0,0,0,0,0,0,0,0,1,2023-03-01,0,0.75,0.25,0.29166666666666663
TXN_4291940,1,0,0,0,0,0,0,0,0,1,0,2023-11-13,0,0.5,0.5,0.3333333333333333
TXN_7433461,0,0,1,0,0,0,0,0,0,0,1,2023-07-09,1,0.25,0.0,0.041666666666666664
TXN_4068262,0,0,0,0,1,0,0,0,0,1,0,2023-05-13,1,0.25,1.0,0.375
TXN_5761073,0,0,1,0,0,0,0,0,1,0,0,2023-12-09,0,0.0,0.0,0.0
TXN_5047447,0,0,0,0,1,0,0,0,0,0,1,2023-12-27,1,0.0,1.0,0.16666666666666666
TXN_6623508,0,0,1,0,0,0,0,0,0,0,1,2023-05-18,1,1.0,0.0,0.16666666666666666
TXN_2651216,0,0,0,0,0,0,1,0,0,0,1,2023-04-04,1,0.5,0.75,0.4583333333333333
TXN_9350833,1,0,0,0,0,0,0,0,1,0,0,2023-01-17,1,0.0,0.5,0.08333333333333333
TXN_8377564,1,0,0,0,0,0,0,0,1,0,0,2023-07-14,0,1.0,0.5,0.5833333333333333
TXN_7031118,0,0,0,0,1,0,0,0,0,1,0,2023-03-29,0,0.0,1.0,0.16666666666666666
TXN_2230167,1,0,0,0,0,0,0,0,0,0,1,2023-09-22,1,0.75,0.5,0.4583333333333333
TXN_6446616,0,0,0,0,0,0,0,1,0,0,1,2023-09-30,0,0.5,0.125,0.14583333333333331
TXN_1721827,1,0,0,0,0,0,0,0,0,0,1,2023-08-22,0,0.75,0.5,0.4583333333333333
TXN_6334895,0,0,0,0,0,0,1,0,0,1,0,2023-07-27,0,0.0,0.75,0.125
TXN_7077119,0,0,0,0,0,1,0,0,0,0,1,2023-12-30,0,0.0,0.75,0.125
TXN_8562645,0,0,0,0,1,0,0,0,1,0,0,2023-05-18,0,0.0,1.0,0.375
TXN_4700144,0,1,0,0,0,0,0,0,0,1,0,2023-12-21,0,0.75,0.25,0.29166666666666663
TXN_5526852,0,0,0,0,0,1,0,0,0,0,1,2023-09-28,0,1.0,0.75,0.7916666666666666
TXN_6846228,0,0,0,0,1,0,0,0,0,0,1,2023-11-16,0,0.5,1.0,0.5833333333333333
TXN_8570890,0,0,0,1,0,0,0,0,0,0,1,2023-04-14,1,0.75,0.5,0.4583333333333333
TXN_3205009,0,0,0,0,0,0,0,1,1,0,0,2023-01-03,0,0.25,0.125,0.08333333333333333
TXN_3786188,0,0,0,0,0,0,0,1,0,1,0,2023-10-20,0,0.5,0.125,0.14583333333333331
TXN_4530804,0,1,0,0,0,0,0,0,0,0,1,2023-01-12,0,0.75,0.25,0.29166666666666663
TXN_9642066,0,0,0,0,0,1,0,0,0,1,0,2023-08-31,0,0.5,0.75,0.4583333333333333
TXN_7328294,0,0,0,1,0,0,0,0,1,0,0,2023-07-07,0,0.25,0.5,0.20833333333333331
TXN_1908636,0,0,0,0,0,0,0,1,1,0,0,2023-10-05,0,0.25,0.125,0.08333333333333333
TXN_9238066,0,0,0,0,0,0,0,1,0,0,1,2023-09-15,0,1.0,0.125,0.2708333333333333
TXN_5415901,1,0,0,0,0,0,0,0,0,0,1,2023-10-21,0,0.25,0.5,0.20833333333333331
TXN_6714420,1,0,0,0,0,0,0,0,0,1,0,2023-03-30,1,0.25,0.5,0.20833333333333331
TXN_6616971,0,0,0,1,0,0,0,0,0,0,1,2023-09-02,1,0.25,0.5,0.20833333333333331
TXN_7803615,0,0,0,0,1,0,0,0,1,0,0,2023-12-13,0,0.5,1.0,0.5833333333333333
TXN_7549542,0,0,1,0,0,0,0,0,0,0,1,2023-07-19,1,1.0,0.0,0.16666666666666666
TXN_3544789,0,0,0,0,0,0,0,1,0,1,0,2023-07-14,0,0.75,0.125,0.20833333333333331
TXN_1583597,0,0,0,0,1,0,0,0,1,0,0,2023-05-10,0,0.0,1.0,0.16666666666666666
TXN_8472308,0,0,1,0,0,0,0,0,0,0,1,2023-08-19,1,0.25,0.0,0.041666666666666664
TXN_1967565,0,0,0,0,0,0,1,0,0,1,0,2023-03-31,1,1.0,0.75,0.7916666666666666
TXN_2029497,0,0,0,0,0,1,0,0,1,0,0,2023-01-06,1,0.25,0.75,0.29166666666666663
TXN_8929774,1,0,0,0,0,0,0,0,1,0,0,2023-10-02,0,0.5,0.5,0.3333333333333333
TXN_5003018,0,0,1,0,0,0,0,0,0,0,1,2023-06-09,1,0.75,0.0,0.125
TXN_7852990,0,0,0,0,0,1,0,0,0,0,1,2023-07-10,1,1.0,0.75,0.7916666666666666
TXN_2534066,0,0,0,0,1,0,0,0,1,0,0,2023-10-13,0,0.25,1.0,0.375
TXN_2059647,0,0,0,0,0,0,0,1,0,0,1,2023-05-29,0,0.0,0.125,0.020833333333333332
TXN_2485183,0,0,0,0,0,0,1,0,1,0,0,2023-07-07,0,1.0,0.75,0.7916666666666666
TXN_7374846,0,0,0,0,0,1,0,0,0,1,0,2023-05-29,0,0.0,0.75,0.125
TXN_9401522,0,0,0,0,0,1,0,0,0,0,1,2023-11-16,0,0.75,0.75,0.625
TXN_8250651,0,0,0,0,0,1,0,0,0,0,1,2023-03-13,0,0.75,0.75,0.625
TXN_7191245,1,0,0,0,0,0,0,0,1,0,0,2023-05-22,1,0.75,0.5,0.4583333333333333
TXN_8982764,1,0,0,0,0,0,0,0,0,0,1,2023-11-23,1,1.0,0.5,0.5833333333333333
TXN_8669422,1,0,0,0,0,0,0,0,1,0,0,2023-10-15,1,0.75,0.5,0.4583333333333333
TXN_1153869,0,0,0,0,0,0,1,0,0,1,0,2023-11-03,1,1.0,0.75,0.7916666666666666
TXN_5043774,0,0,0,0,0,1,0,0,1,0,0,2023-06-08,0,0.5,0.75,0.4583333333333333
TXN_1746320,0,0,0,0,1,0,0,0,1,0,0,2023-11-14,1,0.0,1.0,0.16666666666666666
TXN_1077129,0,0,1,0,0,0,0,0,0,1,0,2023-09-12,0,0.0,0.0,0.0
TXN_4865338,0,0,0,0,0,1,0,0,1,0,0,2023-11-26,0,0.75,0.75,0.625
TXN_5616583,0,0,0,0,0,0,1,0,1,0,0,2023-10-13,0,0.0,0.75,0.125
TXN_2078474,0,0,1,0,0,0,0,0,0,0,1,2023-11-03,1,0.25,0.0,0.041666666666666664
TXN_2130245,0,0,0,0,0,0,1,0,0,1,0,2023-11-13,0,1.0,0.75,0.7916666666666666
TXN_3229409,0,0,0,1,0,0,0,0,1,0,0,2023-04-15,1,0.25,0.5,0.20833333333333331
TXN_9076216,1,0,0,0,0,0,0,0,1,0,0,2023-12-17,0,0.0,0.5,0.08333333333333333
TXN_6371987,0,0,0,0,0,0,0,1,1,0,0,2023-03-13,1,1.0,0.125,0.2708333333333333
TXN_9913877,0,1,0,0,0,0,0,0,0,1,0,2023-05-09,0,0.25,0.25,0.125
TXN_2084377,0,0,0,0,0,0,1,0,0,1,0,2023-10-22,0,0.0,0.75,0.125
TXN_1842675,0,0,1,0,0,0,0,0,0,1,0,2023-06-23,1,0.75,0.0,0.125
TXN_8605813,0,0,1,0,0,0,0,0,1,0,0,2023-06-30,1,0.0,0.0,0.0
TXN_9755352,0,0,0,0,0,1,0,0,0,0,1,2023-05-13,0,1.0,0.75,0.7916666666666666
TXN_7550498,0,0,0,1,0,0,0,0,0,1,0,2023-03-09,0,1.0,0.5,0.5833333333333333
TXN_2305908,0,1,0,0,0,0,0,0,1,0,0,2023-04-25,0,0.75,0.25,0.29166666666666663
TXN_6953697,0,0,0,0,0,0,1,0,0,1,0,2023-05-27,1,0.5,0.75,0.4583333333333333
TXN_3495950,0,0,0,0,0,0,0,1,0,1,0,2023-02-19,0,0.75,0.125,0.20833333333333331
TXN_7557340,0,0,0,0,0,0,0,1,0,1,0,2023-12-11,0,1.0,0.125,0.2708333333333333
TXN_1157817,0,0,0,0,0,0,1,0,0,0,1,2023-04-25,0,0.0,0.75,0.125
TXN_2020318,0,0,0,0,0,0,0,1,0,0,1,2023-10-12,0,0.5,0.125,0.14583333333333331
TXN_8692094,0,1,0,0,0,0,0,0,0,0,1,2023-08-30,1,1.0,0.25,0.375
TXN_5307411,1,0,0,0,0,0,0,0,0,0,1,2023-10-21,1,0.5,0.5,0.3333333333333333
TXN_9703120,0,1,0,0,0,0,0,0,0,1,0,2023-11-02,0,0.5,0.25,0.20833333333333331
TXN_1289133,0,0,0,1,0,0,0,0,1,0,0,2023-09-19,1,0.0,0.5,0.08333333333333333
TXN_2031459,1,0,0,0,0,0,0,0,1,0,0,2023-07-04,1,0.5,0.5,0.3333333333333333
TXN_1333682,0,0,0,0,0,0,1,0,0,0,1,2023-01-28,1,0.0,0.75,0.125
TXN_2256622,0,0,1,0,0,0,0,0,1,0,0,2023-10-04,0,0.25,0.0,0.041666666666666664
TXN_1623966,0,0,0,0,0,0,0,1,1,0,0,2023-12-29,1,0.25,0.125,0.08333333333333333
TXN_4912930,0,0,0,0,0,0,1,0,0,1,0,2023-02-26,0,0.5,0.75,0.4583333333333333
TXN_4942692,0,1,0,0,0,0,0,0,0,0,1,2023-01-15,1,0.25,0.25,0.125
TXN_3723007,0,0,0,0,0,0,0,1,0,0,1,2023-05-18,0,0.5,0.125,0.14583333333333331
TXN_7922392,0,0,0,0,0,1,0,0,0,1,0,2023-05-03,1,0.5,0.75,0.4583333333333333
TXN_7498727,0,0,0,0,1,0,0,0,1,0,0,2023-11-06,1,0.5,1.0,0.5833333333333333
TXN_1222338,0,0,1,0,0,0,0,0,1,0,0,2023-10-11,0,0.0,0.0,0.0
TXN_6878866,0,0,0,0,0,0,1,0,0,1,0,2023-02-25,0,0.5,0.75,0.4583333333333333
TXN_1260335,0,0,1,0,0,0,0,0,0,0,1,2023-07-18,0,0.75,0.0,0.125
TXN_9223242,0,0,0,0,0,0,1,0,0,1,0,2023-09-10,0,0.25,0.75,0.29166666666666663
TXN_6244211,0,0,0,0,0,0,1,0,0,1,0,2023-08-11,0,0.25,0.75,0.29166666666666663
TXN_5446858,0,0,1,0,0,0,0,0,1,0,0,2023-11-07,0,0.0,0.0,0.0
TXN_4612864,0,0,0,0,0,0,0,1,0,1,0,2023-02-14,1,0.5,0.125,0.14583333333333331
TXN_5411381,0,0,1,0,0,0,0,0,0,1,0,2023-04-28,1,0.0,0.0,0.0
TXN_3047598,0,0,1,0,0,0,0,0,0,1,0,2023-09-06,0,0.0,0.0,0.0
TXN_5754317,0,1,0,0,0,0,0,0,0,1,0,2023-01-10,1,0.25,0.25,0.125
TXN_7496926,0,0,0,0,0,1,0,0,1,0,0,2023-04-23,0,0.5,0.75,0.4583333333333333
TXN_1726858,0,0,0,0,0,0,1,0,1,0,0,2023-06-05,0,0.5,0.75,0.4583333333333333
TXN_7559388,0,0,0,0,1,0,0,0,0,0,1,2023-02-26,1,0.75,1.0,0.7916666666666666
TXN_8540499,0,0,1,0,0,0,0,0,1,0,0,2023-01-22,0,0.5,0.0,0.08333333333333333
TXN_4225756,0,0,1,0,0,0,0,0,0,0,1,2023-03-10,0,0.5,0.0,0.08333333333333333
TXN_6795640,0,0,1,0,0,0,0,0,0,0,1,2023-01-28,1,0.75,0.0,0.125
TXN_6702428,0,1,0,0,0,0,0,0,1,0,0,2023-08-11,1,1.0,0.25,0.375
TXN_8955259,0,0,0,0,0,0,1,0,0,1,0,2023-11-18,0,0.25,0.75,0.29166666666666663
TXN_4639319,0,1,0,0,0,0,0,0,1,0,0,2023-01-09,1,1.0,0.25,0.375
TXN_5997803,0,1,0,0,0,0,0,0,1,0,0,2023-12-03,0,1.0,0.25,0.375
TXN_1340956,0,1,0,0,0,0,0,0,0,0,1,2023-10-26,1,0.75,0.25,0.29166666666666663
TXN_1259671,0,0,0,0,0,1,0,0,0,0,1,2023-10-08,0,0.5,0.75,0.4583333333333333
TXN_8319993,0,0,0,1,0,0,0,0,0,0,1,2023-08-06,0,0.0,0.5,0.08333333333333333
TXN_8894157,0,0,0,0,0,1,0,0,0,1,0,2023-11-27,1,0.75,0.75,0.625
TXN_5523450,0,0,0,0,1,0,0,0,0,1,0,2023-07-02,1,1.0,1.0,1.0
TXN_7838964,0,0,0,0,0,1,0,0,0,1,0,2023-06-15,0,0.5,0.75,0.4583333333333333
TXN_2773987,0,0,0,0,0,0,1,0,0,1,0,2023-01-11,0,1.0,0.75,0.7916666666666666
TXN_1158829,0,0,0,0,0,0,0,1,0,1,0,2023-10-02,0,0.0,0.125,0.020833333333333332
TXN_2523298,0,0,0,0,0,0,0,1,1,0,0,2023-03-25,0,0.75,0.5,0.20833333333333331
TXN_8685737,0,0,0,0,0,0,1,0,1,0,0,2023-11-02,0,0.25,0.75,0.29166666666666663
TXN_5634135,0,0,1,0,0,0,0,0,1,0,0,2023-01-27,1,0.25,0.0,0.041666666666666664
TXN_1524626,0,0,0,0,0,0,1,0,0,0,1,2023-12-29,0,0.25,0.75,0.29166666666666663
TXN_7275407,0,0,0,0,0,0,1,0,0,0,1,2023-10-20,0,0.25,0.75,0.29166666666666663
TXN_2889622,0,0,0,1,0,0,0,0,0,1,0,2023-11-01,0,0.75,0.5,0.4583333333333333
TXN_6849113,0,0,1,0,0,0,0,0,0,1,0,2023-07-14,1,0.0,0.0,0.0
TXN_2265316,0,0,1,0,0,0,0,0,0,1,0,2023-12-29,0,0.5,0.0,0.08333333333333333
TXN_9472241,0,0,0,0,1,0,0,0,1,0,0,2023-06-30,1,0.5,1.0,0.5833333333333333
TXN_7345414,0,0,0,0,1,0,0,0,0,1,0,2023-02-15,0,0.0,1.0,0.16666666666666666
TXN_4473352,1,0,0,0,0,0,0,0,0,0,1,2023-11-16,0,0.0,0.5,0.08333333333333333
TXN_2814363,0,0,0,0,0,0,0,1,0,0,1,2023-07-02,1,0.25,0.125,0.08333333333333333
TXN_1846004,0,0,0,1,0,0,0,0,1,0,0,2023-05-21,0,0.5,0.5,0.3333333333333333
TXN_7140471,1,0,0,0,0,0,0,0,0,1,0,2023-05-25,1,0.0,0.5,0.08333333333333333
TXN_3119542,0,0,0,0,0,0,1,0,0,1,0,2023-10-31,1,0.0,0.75,0.125
TXN_7773968,0,0,0,0,0,1,0,0,0,0,1,2023-02-24,1,1.0,0.75,0.7916666666666666
TXN_9081088,0,0,0,0,0,0,0,1,1,0,0,2023-02-27,1,0.25,0.125,0.08333333333333333
TXN_8559167,0,0,0,0,0,1,0,0,0,0,1,2023-12-09,1,1.0,0.75,0.7916666666666666
TXN_1130191,0,0,0,0,0,0,1,0,1,0,0,2023-04-06,0,0.25,0.75,0.29166666666666663
TXN_5215451,0,0,0,0,0,1,0,0,0,0,1,2023-11-02,1,1.0,0.75,0.7916666666666666
TXN_1040764,0,1,0,0,0,0,0,0,1,0,0,2023-07-27,1,0.5,0.25,0.20833333333333331
TXN_5457133,0,0,0,1,0,0,0,0,1,0,0,2023-03-03,0,1.0,0.5,0.5833333333333333
TXN_8365478,0,0,0,0,0,0,1,0,1,0,0,2023-02-06,1,0.5,0.75,0.4583333333333333
TXN_2100697,0,1,0,0,0,0,0,0,0,0,1,2023-09-19,1,0.5,0.25,0.20833333333333331
TXN_7676968,0,0,0,0,0,0,1,0,0,0,1,2023-02-21,0,0.75,0.75,0.625
TXN_5726998,1,0,0,0,0,0,0,0,0,1,0,2023-08-12,1,0.5,0.5,0.3333333333333333
TXN_4134594,0,0,0,0,0,1,0,0,0,0,1,2023-09-27,0,0.5,0.75,0.4583333333333333
TXN_5079340,0,0,1,0,0,0,0,0,1,0,0,2023-08-18,0,0.75,0.0,0.125
TXN_8276635,0,0,0,0,0,1,0,0,0,0,1,2023-12-16,1,0.75,0.75,0.625
TXN_1380601,0,0,0,0,0,0,0,1,0,0,1,2023-03-11,0,0.75,0.125,0.20833333333333331
TXN_3959152,0,0,0,1,0,0,0,0,1,0,0,2023-05-21,0,0.0,0.5,0.08333333333333333
TXN_7776739,0,0,0,0,0,0,0,1,1,0,0,2023-02-23,1,0.25,0.125,0.08333333333333333
TXN_7569615,1,0,0,0,0,0,0,0,1,0,0,2023-06-07,1,0.25,0.5,0.20833333333333331
TXN_8703771,1,0,0,0,0,0,0,0,1,0,0,2023-05-12,0,1.0,0.5,0.5833333333333333
TXN_2052395,0,0,0,0,0,0,1,0,0,1,0,2023-07-06,0,0.5,0.75,0.4583333333333333
TXN_9421441,0,0,0,0,0,1,0,0,1,0,0,2023-06-20,0,0.25,0.75,0.29166666666666663
TXN_9065402,0,0,0,0,1,0,0,0,1,0,0,2023-12-22,1,0.0,1.0,0.16666666666666666
TXN_3638955,0,0,1,0,0,0,0,0,1,0,0,2023-09-02,1,0.25,0.0,0.041666666666666664
TXN_2635532,0,0,0,0,0,1,0,0,1,0,0,2023-01-14,1,0.75,0.75,0.625
TXN_8256593,0,0,0,0,1,0,0,0,0,0,1,2023-08-09,1,0.25,1.0,0.375
TXN_9271457,1,0,0,0,0,0,0,0,0,0,1,2023-02-27,0,0.5,0.5,0.3333333333333333
TXN_5392603,0,1,0,0,0,0,0,0,1,0,0,2023-05-14,0,0.0,0.25,0.041666666666666664
TXN_6319728,0,1,0,0,0,0,0,0,0,1,0,2023-07-18,0,0.25,0.25,0.125
TXN_9263299,0,0,1,0,0,0,0,0,0,1,0,2023-10-08,1,0.25,0.0,0.041666666666666664
TXN_2301505,1,0,0,0,0,0,0,0,0,0,1,2023-03-21,0,1.0,0.5,0.5833333333333333
TXN_5895177,1,0,0,0,0,0,0,0,1,0,0,2023-08-16,1,1.0,0.5,0.5833333333333333
TXN_8751516,0,0,0,0,0,0,0,1,1,0,0,2023-08-11,1,0.5,0.125,0.14583333333333331
TXN_8147357,0,0,0,0,0,0,0,1,0,1,0,2023-04-20,1,1.0,0.125,0.2708333333333333
TXN_1436343,0,0,1,0,0,0,0,0,0,1,0,2023-11-26,0,0.0,0.0,0.0
TXN_2214698,0,0,0,0,1,0,0,0,0,1,0,2023-10-10,1,0.75,1.0,0.7916666666666666
TXN_7480234,0,0,0,0,1,0,0,0,1,0,0,2023-05-10,1,0.0,1.0,0.16666666666666666
TXN_3283097,0,1,0,0,0,0,0,0,1,0,0,2023-02-28,1,1.0,0.25,0.375
TXN_2633602,1,0,0,0,0,0,0,0,0,0,1,2023-02-02,0,0.25,0.5,0.20833333333333331
TXN_3093219,0,0,0,1,0,0,0,0,1,0,0,2023-01-28,1,1.0,0.5,0.5833333333333333
TXN_3515730,0,0,1,0,0,0,0,0,0,1,0,2023-08-14,1,0.0,0.0,0.0
TXN_3665733,0,1,0,0,0,0,0,0,1,0,0,2023-08-26,1,1.0,0.25,0.375
TXN_4010658,0,0,0,0,0,0,0,1,0,0,1,2023-09-26,1,1.0,0.125,0.2708333333333333
TXN_1454467,0,0,0,1,0,0,0,0,1,0,0,2023-03-15,0,0.5,0.5,0.3333333333333333
TXN_2598728,1,0,0,0,0,0,0,0,0,1,0,2023-01-13,1,0.25,0.5,0.20833333333333331
TXN_3390285,0,0,0,0,0,0,0,1,0,1,0,2023-02-06,1,0.25,0.125,0.08333333333333333
TXN_8224079,0,0,1,0,0,0,0,0,1,0,0,2023-10-16,0,1.0,0.0,0.16666666666666666
TXN_1916339,1,0,0,0,0,0,0,0,1,0,0,2023-07-15,0,0.0,0.5,0.08333333333333333
TXN_8611035,0,0,0,0,0,1,0,0,0,0,1,2023-05-28,0,1.0,0.75,0.7916666666666666
TXN_3595735,0,0,0,0,0,0,0,1,0,0,1,2023-03-26,1,0.75,0.125,0.20833333333333331
TXN_4884822,0,0,1,0,0,0,0,0,0,1,0,2023-04-23,0,0.0,0.0,0.0
TXN_3668051,1,0,0,0,0,0,0,0,1,0,0,2023-11-17,1,0.0,0.5,0.08333333333333333
TXN_6169633,0,0,0,0,1,0,0,0,0,1,0,2023-12-20,1,0.75,1.0,0.7916666666666666
TXN_3884811,0,1,0,0,0,0,0,0,0,1,0,2023-06-10,1,0.75,0.25,0.29166666666666663
TXN_7050740,1,0,0,0,0,0,0,0,1,0,0,2023-07-12,1,0.0,0.5,0.08333333333333333
TXN_1234097,0,0,1,0,0,0,0,0,1,0,0,2023-12-04,1,0.75,0.0,0.125
TXN_4518102,0,0,0,0,0,0,0,1,0,1,0,2023-02-08,0,1.0,0.125,0.2708333333333333
TXN_5939055,0,1,0,0,0,0,0,0,0,0,1,2023-10-21,1,0.5,0.25,0.20833333333333331
TXN_7809183,0,0,1,0,0,0,0,0,0,0,1,2023-09-08,1,0.75,0.0,0.125
TXN_6071202,0,0,1,0,0,0,0,0,1,0,0,2023-06-07,0,0.0,0.0,0.0
TXN_8158496,0,0,0,0,0,0,0,1,1,0,0,2023-06-19,1,0.75,0.125,0.20833333333333331
TXN_2726848,1,0,0,0,0,0,0,0,0,1,0,2023-09-11,1,1.0,0.5,0.5833333333333333
TXN_3666858,1,0,0,0,0,0,0,0,0,1,0,2023-12-27,0,0.75,0.5,0.4583333333333333
TXN_5499915,0,0,1,0,0,0,0,0,0,0,1,2023-02-01,1,0.25,0.0,0.041666666666666664
TXN_4660753,0,0,0,1,0,0,0,0,0,1,0,2023-10-04,1,0.0,0.5,0.08333333333333333
TXN_8089522,0,0,0,0,0,1,0,0,1,0,0,2023-02-12,1,0.75,0.75,0.625
TXN_1564754,0,0,0,0,1,0,0,0,0,0,1,2023-03-14,0,0.5,1.0,0.5833333333333333
TXN_1824506,1,0,0,0,0,0,0,0,1,0,0,2023-03-02,0,0.0,0.5,0.08333333333333333
TXN_3229758,0,1,0,0,0,0,0,0,1,0,0,2023-04-09,1,0.75,0.25,0.29166666666666663
TXN_3677592,0,0,0,0,0,1,0,0,1,0,0,2023-05-29,0,0.25,0.75,0.29166666666666663
TXN_1002457,0,0,1,0,0,0,0,0,0,0,1,2023-09-29,1,1.0,0.0,0.16666666666666666
TXN_8056263,0,0,0,0,0,0,1,0,0,0,1,2023-04-20,0,1.0,0.75,0.7916666666666666
TXN_4732351,0,0,0,0,0,1,0,0,0,0,1,2023-04-22,0,0.0,0.75,0.125
TXN_8049191,1,0,0,0,0,0,0,0,0,1,0,2023-07-31,1,0.5,0.5,0.3333333333333333
TXN_4980036,1,0,0,0,0,0,0,0,1,0,0,2023-01-05,1,0.25,0.5,0.20833333333333331
TXN_3022839,0,1,0,0,0,0,0,0,0,0,1,2023-08-25,1,1.0,0.25,0.375
TXN_7701070,0,1,0,0,0,0,0,0,0,1,0,2023-07-28,1,1.0,0.25,0.375
TXN_8048037,0,0,0,0,0,1,0,0,0,0,1,2023-03-31,1,0.25,0.75,0.29166666666666663
TXN_4619029,0,0,0,0,0,1,0,0,0,1,0,2023-06-10,0,0.5,0.75,0.4583333333333333
TXN_4444463,1,0,0,0,0,0,0,0,0,0,1,2023-05-16,0,0.75,0.5,0.4583333333333333
TXN_1887522,0,0,0,0,0,1,0,0,1,0,0,2023-02-20,0,0.75,0.75,0.625
TXN_6908953,0,0,0,0,0,0,0,1,0,1,0,2023-12-08,0,0.0,0.125,0.020833333333333332
TXN_4759769,0,0,0,0,0,1,0,0,1,0,0,2023-08-03,0,0.0,0.75,0.125
TXN_2254479,0,0,0,0,0,0,0,1,0,1,0,2023-08-03,1,0.25,0.125,0.08333333333333333
TXN_7555408,0,0,0,0,1,0,0,0,1,0,0,2023-06-06,0,0.25,1.0,0.375
TXN_6857943,1,0,0,0,0,0,0,0,0,1,0,2023-01-08,1,1.0,0.5,0.5833333333333333
TXN_4796350,0,0,0,0,0,0,1,0,0,1,0,2023-02-27,1,0.5,0.75,0.4583333333333333
TXN_9552845,0,0,0,0,0,1,0,0,1,0,0,2023-02-18,0,0.5,0.75,0.4583333333333333
TXN_6769465,0,0,0,1,0,0,0,0,0,0,1,2023-06-13,0,1.0,0.5,0.5833333333333333
TXN_7438831,0,1,0,0,0,0,0,0,0,1,0,2023-12-24,1,1.0,0.25,0.375
TXN_3871837,0,0,0,0,0,0,0,1,0,0,1,2023-12-15,1,0.5,0.125,0.14583333333333331
TXN_3656762,0,0,0,0,0,1,0,0,0,1,0,2023-07-31,1,0.25,0.75,0.29166666666666663
TXN_4980282,1,0,0,0,0,0,0,0,0,0,1,2023-10-22,0,0.0,0.5,0.08333333333333333
TXN_3580786,0,0,0,0,0,0,0,1,0,0,1,2023-03-28,0,0.0,0.125,0.020833333333333332
TXN_4355728,0,0,0,1,0,0,0,0,0,1,0,2023-03-06,1,0.75,0.5,0.4583333333333333
TXN_2508476,0,0,0,0,0,0,1,0,1,0,0,2023-04-14,1,1.0,0.75,0.7916666666666666
TXN_1325631,1,0,0,0,0,0,0,0,0,1,0,2023-02-11,0,0.75,0.5,0.4583333333333333
TXN_8209125,0,0,1,0,0,0,0,0,0,1,0,2023-01-30,1,0.5,0.0,0.08333333333333333
TXN_1751164,0,0,0,0,1,0,0,0,1,0,0,2023-09-11,0,0.25,1.0,0.375
TXN_3730415,1,0,0,0,0,0,0,0,0,1,0,2023-04-09,1,0.75,0.5,0.4583333333333333
TXN_4134253,0,0,0,0,0,0,0,1,1,0,0,2023-10-07,0,0.75,0.125,0.20833333333333331
TXN_3256497,0,1,0,0,0,0,0,0,1,0,0,2023-08-20,0,0.25,0.25,0.125
TXN_8763180,0,0,0,0,0,0,1,0,0,1,0,2023-04-16,1,0.0,0.75,0.125
TXN_3219175,0,0,0,0,0,1,0,0,1,0,0,2023-02-23,1,1.0,0.75,0.7916666666666666
TXN_6234872,0,0,0,0,0,0,1,0,0,1,0,2023-12-23,0,0.0,0.75,0.125
TXN_7919440,0,0,0,0,0,0,0,1,1,0,0,2023-08-19,1,0.75,0.125,0.20833333333333331
TXN_7558641,0,1,0,0,0,0,0,0,0,0,1,2023-12-22,0,0.0,0.25,0.041666666666666664
TXN_9940220,0,0,0,1,0,0,0,0,1,0,0,2023-03-05,1,0.25,0.5,0.20833333333333331
TXN_8805984,0,0,0,1,0,0,0,0,0,1,0,2023-06-30,1,0.25,0.5,0.20833333333333331
TXN_2130483,0,0,0,0,0,0,0,1,1,0,0,2023-11-25,1,0.75,0.125,0.20833333333333331
TXN_1972584,0,0,0,0,0,1,0,0,0,0,1,2023-07-10,0,1.0,0.75,0.7916666666666666
TXN_3150792,0,1,0,0,0,0,0,0,1,0,0,2023-07-02,0,1.0,0.25,0.375
TXN_2980008,1,0,0,0,0,0,0,0,0,0,1,2023-11-17,1,0.5,0.5,0.3333333333333333
TXN_5511805,0,0,0,1,0,0,0,0,1,0,0,2023-06-03,1,0.0,0.5,0.08333333333333333
TXN_7292548,0,0,1,0,0,0,0,0,0,0,1,2023-03-24,1,0.75,0.0,0.125
TXN_2169664,0,0,0,0,0,0,1,0,1,0,0,2023-07-23,1,0.0,0.75,0.125
TXN_3234877,0,1,0,0,0,0,0,0,1,0,0,2023-07-29,1,0.75,0.25,0.29166666666666663
TXN_6368719,1,0,0,0,0,0,0,0,0,1,0,2023-01-03,1,0.75,0.5,0.4583333333333333
TXN_8852585,0,0,0,0,0,1,0,0,0,1,0,2023-01-05,1,0.75,0.75,0.625
TXN_9201010,0,0,0,0,1,0,0,0,0,1,0,2023-03-15,1,0.0,1.0,0.16666666666666666
TXN_7817014,0,0,1,0,0,0,0,0,0,0,1,2023-06-25,1,0.0,0.0,0.0
TXN_2873990,0,0,0,0,0,1,0,0,1,0,0,2023-03-12,1,0.25,0.75,0.29166666666666663
TXN_3088796,0,0,0,0,0,1,0,0,0,1,0,2023-08-16,1,0.75,0.75,0.625
TXN_3414935,0,1,0,0,0,0,0,0,1,0,0,2023-08-03,0,0.75,0.25,0.29166666666666663
TXN_3607652,0,0,0,0,1,0,0,0,0,0,1,2023-06-05,0,0.75,1.0,0.7916666666666666
TXN_8502094,0,0,0,1,0,0,0,0,0,1,0,2023-03-21,0,1.0,0.5,0.5833333333333333
TXN_9068244,0,0,0,0,0,1,0,0,0,0,1,2023-10-19,1,1.0,0.75,0.7916666666666666
TXN_2696664,0,0,1,0,0,0,0,0,0,1,0,2023-01-07,0,1.0,0.0,0.16666666666666666
TXN_7661609,1,0,0,0,0,0,0,0,1,0,0,2023-11-29,0,0.0,0.5,0.08333333333333333
TXN_7633490,0,0,1,0,0,0,0,0,1,0,0,2023-10-27,1,0.0,0.0,0.0
TXN_9292230,0,0,0,0,0,0,0,1,0,1,0,2023-07-14,0,0.75,0.125,0.20833333333333331
TXN_1664665,0,0,0,1,0,0,0,0,0,1,0,2023-05-21,0,0.5,0.5,0.3333333333333333
TXN_5081978,1,0,0,0,0,0,0,0,1,0,0,2023-10-19,0,0.0,0.5,0.08333333333333333
TXN_7314409,0,0,0,0,0,0,1,0,0,1,0,2023-08-06,0,1.0,0.75,0.7916666666666666
TXN_4573576,0,0,0,1,0,0,0,0,1,0,0,2023-07-05,0,0.25,0.5,0.20833333333333331
TXN_5645919,0,1,0,0,0,0,0,0,0,1,0,2023-01-17,0,0.5,0.25,0.20833333333333331
TXN_8006668,0,0,0,0,0,0,0,1,0,1,0,2023-12-22,0,0.75,0.125,0.20833333333333331
TXN_8818168,0,0,0,1,0,0,0,0,0,0,1,2023-07-20,1,0.75,0.5,0.4583333333333333
TXN_4369043,0,0,0,1,0,0,0,0,1,0,0,2023-03-25,0,0.25,0.5,0.20833333333333331
TXN_3560062,0,0,1,0,0,0,0,0,1,0,0,2023-03-20,0,0.0,0.0,0.0
TXN_4769307,0,0,0,0,0,0,0,1,0,0,1,2023-12-24,0,1.0,0.125,0.2708333333333333
TXN_7270652,0,0,0,0,0,1,0,0,0,1,0,2023-05-14,1,0.0,0.75,0.125
TXN_4991815,1,0,0,0,0,0,0,0,1,0,0,2023-11-06,1,1.0,0.5,0.5833333333333333
TXN_6360132,0,0,0,0,0,1,0,0,1,0,0,2023-09-16,1,0.75,0.75,0.625
TXN_8199829,1,0,0,0,0,0,0,0,0,1,0,2023-07-29,1,0.25,0.5,0.20833333333333331
TXN_9166449,0,0,1,0,0,0,0,0,0,0,1,2023-07-31,1,0.75,0.0,0.125
TXN_7864939,0,0,0,0,0,1,0,0,0,0,1,2023-08-19,0,0.5,0.75,0.4583333333333333
TXN_2640701,0,0,0,0,1,0,0,0,1,0,0,2023-05-07,1,0.5,1.0,0.5833333333333333
TXN_3740963,0,0,0,0,1,0,0,0,0,0,1,2023-01-22,1,0.25,1.0,0.375
TXN_8101633,0,0,0,0,0,1,0,0,1,0,0,2023-08-10,0,0.25,0.75,0.29166666666666663
TXN_6063966,0,0,0,1,0,0,0,0,0,0,1,2023-10-24,1,0.25,0.5,0.20833333333333331
TXN_3779640,0,0,0,0,0,0,0,1,0,0,1,2023-05-16,0,0.0,0.125,0.020833333333333332
TXN_8278833,1,0,0,0,0,0,0,0,0,0,1,2023-02-26,1,0.5,0.5,0.3333333333333333
TXN_8778598,0,0,0,0,0,1,0,0,1,0,0,2023-09-02,0,0.5,0.75,0.4583333333333333
TXN_7550103,1,0,0,0,0,0,0,0,1,0,0,2023-01-19,1,1.0,0.5,0.5833333333333333
TXN_3664656,0,0,1,0,0,0,0,0,0,0,1,2023-08-13,1,1.0,0.0,0.16666666666666666
TXN_7296560,0,0,0,1,0,0,0,0,0,0,1,2023-10-20,1,0.25,0.5,0.20833333333333331
TXN_8136881,0,0,0,0,1,0,0,0,1,0,0,2023-08-28,0,0.5,1.0,0.5833333333333333
TXN_3981449,0,0,0,0,0,0,1,0,1,0,0,2023-06-21,0,0.25,0.75,0.29166666666666663
TXN_5427506,1,0,0,0,0,0,0,0,1,0,0,2023-09-15,1,0.5,0.5,0.3333333333333333
TXN_2641386,0,0,0,0,0,1,0,0,0,1,0,2023-03-25,1,0.5,0.75,0.4583333333333333
TXN_1485417,0,0,1,0,0,0,0,0,1,0,0,2023-03-26,0,0.5,0.0,0.08333333333333333
TXN_4033802,0,0,0,0,0,0,0,1,1,0,0,2023-03-02,1,0.5,0.125,0.14583333333333331
TXN_7752124,0,0,0,0,0,0,1,0,0,1,0,2023-12-09,0,0.5,0.75,0.4583333333333333
TXN_9762324,1,0,0,0,0,0,0,0,1,0,0,2023-03-13,0,0.25,0.5,0.20833333333333331
TXN_1628509,0,0,0,0,0,0,1,0,0,0,1,2023-10-26,1,1.0,0.75,0.7916666666666666
TXN_8259257,0,0,0,0,0,0,0,1,1,0,0,2023-12-13,0,0.25,0.125,0.08333333333333333
TXN_4183823,0,0,0,0,0,1,0,0,0,1,0,2023-03-28,0,0.75,0.75,0.625
TXN_2239041,0,0,0,0,0,0,0,1,0,0,1,2023-10-24,0,0.75,0.125,0.20833333333333331
TXN_4696439,0,0,1,0,0,0,0,0,1,0,0,2023-05-27,0,0.0,0.0,0.0
TXN_8826983,0,0,0,0,0,0,1,0,1,0,0,2023-01-14,0,1.0,0.75,0.7916666666666666
TXN_8267034,0,0,0,1,0,0,0,0,0,1,0,2023-06-20,1,0.25,0.5,0.20833333333333331
TXN_1959334,0,1,0,0,0,0,0,0,0,1,0,2023-06-29,0,0.5,0.25,0.20833333333333331
TXN_6842808,0,0,0,0,0,0,0,1,1,0,0,2023-10-22,0,0.25,0.125,0.08333333333333333
TXN_2947822,1,0,0,0,0,0,0,0,0,0,1,2023-10-27,0,0.75,0.5,0.4583333333333333
TXN_5531712,0,0,0,0,0,0,0,1,1,0,0,2023-01-09,0,0.25,0.125,0.08333333333333333
TXN_2148838,0,0,0,0,0,1,0,0,0,1,0,2023-08-05,0,0.25,0.75,0.29166666666666663
TXN_1330506,0,0,1,0,0,0,0,0,0,0,1,2023-11-10,1,0.5,0.0,0.08333333333333333
TXN_5898743,0,0,0,1,0,0,0,0,0,0,1,2023-07-30,1,0.75,0.5,0.4583333333333333
TXN_8957369,0,0,0,0,1,0,0,0,0,0,1,2023-10-18,1,0.75,1.0,0.7916666666666666
TXN_9340653,0,0,0,0,0,0,1,0,0,0,1,2023-10-19,1,0.0,0.75,0.125
TXN_2493446,0,0,0,0,0,1,0,0,1,0,0,2023-05-19,1,0.0,0.75,0.125
TXN_4538354,0,0,0,1,0,0,0,0,1,0,0,2023-04-21,1,0.5,0.5,0.3333333333333333
TXN_7098730,1,0,0,0,0,0,0,0,0,0,1,2023-11-10,1,0.25,0.5,0.20833333333333331
TXN_7533411,0,0,1,0,0,0,0,0,0,0,1,2023-11-09,0,0.0,0.0,0.0
TXN_2690314,0,0,0,0,0,0,0,1,1,0,0,2023-08-10,0,1.0,0.125,0.2708333333333333
TXN_8171171,0,1,0,0,0,0,0,0,0,1,0,2023-05-13,1,0.0,0.25,0.041666666666666664
TXN_3791639,0,0,0,1,0,0,0,0,0,0,1,2023-10-04,0,0.75,0.5,0.4583333333333333
TXN_2968827,0,0,0,0,1,0,0,0,0,0,1,2023-09-14,1,1.0,1.0,1.0
TXN_4546375,0,0,0,0,1,0,0,0,0,1,0,2023-02-20,0,0.0,1.0,0.16666666666666666
TXN_1387401,0,0,1,0,0,0,0,0,1,0,0,2023-10-19,0,0.75,0.0,0.125
TXN_6727029,0,0,0,0,0,0,0,1,0,1,0,2023-07-07,1,0.25,0.125,0.08333333333333333
TXN_3917193,0,0,0,1,0,0,0,0,0,1,0,2023-11-17,1,1.0,0.5,0.5833333333333333
TXN_8518516,0,0,0,0,0,1,0,0,1,0,0,2023-08-16,0,0.75,0.75,0.625
TXN_2062854,0,0,0,0,0,1,0,0,0,0,1,2023-12-01,1,0.75,0.75,0.625
TXN_4075863,0,0,0,0,0,0,1,0,1,0,0,2023-05-21,1,0.5,0.75,0.4583333333333333
TXN_5624860,0,0,0,0,0,0,0,1,0,1,0,2023-08-22,1,0.5,0.125,0.14583333333333331
TXN_4621665,0,0,0,0,0,0,1,0,1,0,0,2023-01-17,0,1.0,0.75,0.7916666666666666
TXN_6669417,0,0,0,0,1,0,0,0,1,0,0,2023-01-03,1,1.0,1.0,1.0
TXN_7837381,0,0,0,0,0,1,0,0,0,1,0,2023-07-17,1,1.0,0.75,0.7916666666666666
TXN_1725926,0,0,0,1,0,0,0,0,0,1,0,2023-12-23,1,1.0,0.5,0.5833333333333333
TXN_3403173,0,0,0,0,1,0,0,0,0,1,0,2023-06-24,0,0.0,1.0,0.16666666666666666
TXN_4186681,1,0,0,0,0,0,0,0,0,0,1,2023-05-24,1,0.75,0.125,0.20833333333333331
TXN_4152036,1,0,0,0,0,0,0,0,1,0,0,2023-08-29,0,0.25,0.5,0.20833333333333331
TXN_4059912,0,0,0,0,0,0,1,0,1,0,0,2023-04-21,1,0.5,0.75,0.4583333333333333
TXN_3381656,1,0,0,0,0,0,0,0,1,0,0,2023-10-26,1,1.0,0.5,0.5833333333333333
TXN_9956154,1,0,0,0,0,0,0,0,0,1,0,2023-05-11,0,0.75,0.5,0.4583333333333333
TXN_7110444,0,0,0,0,1,0,0,0,1,0,0,2023-12-07,0,0.75,1.0,0.7916666666666666
TXN_6250692,0,0,0,0,0,1,0,0,1,0,0,2023-09-01,1,0.0,0.75,0.125
TXN_1183995,0,0,0,0,1,0,0,0,0,0,1,2023-03-28,1,1.0,1.0,1.0
TXN_9452225,0,0,0,0,0,0,0,1,0,0,1,2023-02-26,0,0.0,0.125,0.020833333333333332
TXN_9113574,0,1,0,0,0,0,0,0,0,0,1,2023-01-04,0,0.75,0.25,0.29166666666666663
TXN_5813015,0,0,1,0,0,0,0,0,0,0,1,2023-10-07,0,1.0,0.0,0.16666666666666666
TXN_3213035,0,0,0,0,0,0,1,0,0,0,1,2023-05-21,0,0.75,0.75,0.625
TXN_3789752,0,0,0,1,0,0,0,0,0,0,1,2023-12-16,1,0.5,0.5,0.3333333333333333
TXN_7578769,0,0,0,0,0,1,0,0,0,0,1,2023-01-30,1,1.0,0.75,0.7916666666666666
TXN_3515664,0,1,0,0,0,0,0,0,1,0,0,2023-09-25,1,0.25,0.25,0.125
TXN_6209258,0,0,0,1,0,0,0,0,0,1,0,2023-03-06,1,0.0,0.5,0.08333333333333333
TXN_8594004,0,0,1,0,0,0,0,0,0,1,0,2023-02-25,0,0.75,0.0,0.125
TXN_6422433,0,0,0,0,0,1,0,0,0,0,1,2023-05-09,1,1.0,0.75,0.7916666666666666
TXN_2865033,0,1,0,0,0,0,0,0,1,0,0,2023-08-03,0,0.25,0.25,0.125
TXN_5547519,0,0,0,0,1,0,0,0,1,0,0,2023-05-13,0,0.75,1.0,0.7916666666666666
TXN_2392263,0,0,0,0,1,0,0,0,1,0,0,2023-02-08,1,1.0,1.0,1.0
TXN_3810451,0,0,0,1,0,0,0,0,0,1,0,2023-12-09,0,0.75,0.5,0.4583333333333333
TXN_4669664,0,0,1,0,0,0,0,0,0,0,1,2023-12-21,0,0.0,0.0,0.0
TXN_9470612,1,0,0,0,0,0,0,0,0,1,0,2023-04-30,1,0.5,0.5,0.3333333333333333
TXN_7507962,0,0,0,0,0,0,1,0,0,1,0,2023-06-22,1,0.75,0.75,0.625
TXN_1109715,1,0,0,0,0,0,0,0,1,0,0,2023-07-15,0,0.0,0.5,0.08333333333333333
TXN_8320245,0,0,0,0,0,0,0,1,1,0,0,2023-04-09,1,0.5,0.125,0.14583333333333331
TXN_5904646,0,0,0,0,0,0,1,0,0,1,0,2023-03-26,0,0.0,0.75,0.125
TXN_4498526,0,0,0,0,0,0,1,0,0,1,0,2023-06-20,0,0.5,0.75,0.4583333333333333
TXN_2744907,0,0,0,0,1,0,0,0,0,0,1,2023-09-28,1,0.25,1.0,0.375
TXN_5209585,0,0,0,0,0,0,0,1,1,0,0,2023-08-12,1,0.25,0.125,0.08333333333333333
TXN_2213556,0,1,0,0,0,0,0,0,1,0,0,2023-05-30,0,0.0,0.25,0.041666666666666664
TXN_3826038,0,0,0,0,1,0,0,0,1,0,0,2023-10-20,1,0.0,1.0,0.16666666666666666
TXN_7596587,0,0,0,0,0,0,0,1,0,1,0,2023-02-08,1,0.5,0.125,0.14583333333333331
TXN_7380277,0,0,0,0,0,1,0,0,0,0,1,2023-04-24,1,0.75,0.75,0.625
TXN_1353479,0,0,0,0,0,0,1,0,1,0,0,2023-09-20,0,0.75,0.75,0.625
TXN_6054137,0,0,0,1,0,0,0,0,1,0,0,2023-05-09,0,0.5,0.5,0.3333333333333333
TXN_7609853,0,0,0,0,0,1,0,0,0,0,1,2023-04-22,0,0.0,0.75,0.125
TXN_9266394,0,0,1,0,0,0,0,0,0,1,0,2023-07-12,0,0.25,0.0,0.041666666666666664
TXN_5448157,0,0,1,0,0,0,0,0,0,1,0,2023-01-11,0,0.5,0.0,0.08333333333333333
TXN_8298311,0,0,0,0,0,0,0,1,0,0,1,2023-05-27,0,0.25,0.125,0.08333333333333333
TXN_6744866,0,0,0,0,0,0,0,1,1,0,0,2023-10-07,1,0.75,0.125,0.20833333333333331
TXN_6152588,0,1,0,0,0,0,0,0,1,0,0,2023-11-21,1,0.5,0.25,0.20833333333333331
TXN_6569656,0,0,1,0,0,0,0,0,1,0,0,2023-02-28,0,1.0,0.0,0.16666666666666666
TXN_2156206,0,0,0,0,0,0,1,0,0,0,1,2023-02-04,0,0.25,0.75,0.29166666666666663
TXN_3142258,0,0,0,0,1,0,0,0,1,0,0,2023-11-03,1,0.75,1.0,0.7916666666666666
TXN_5739806,0,0,0,0,0,0,1,0,0,1,0,2023-09-18,0,0.5,0.75,0.4583333333333333
TXN_9228978,0,1,0,0,0,0,0,0,0,0,1,2023-02-09,0,1.0,0.25,0.375
TXN_5897205,0,0,1,0,0,0,0,0,1,0,0,2023-06-10,0,0.0,0.0,0.0
TXN_1556652,1,0,0,0,0,0,0,0,0,0,1,2023-04-06,0,1.0,0.5,0.5833333333333333
TXN_8608765,0,0,0,0,1,0,0,0,0,1,0,2023-09-02,1,0.75,1.0,0.7916666666666666
TXN_8764825,0,0,0,0,0,0,1,0,1,0,0,2023-10-25,0,0.5,0.75,0.4583333333333333
TXN_7353972,0,0,0,1,0,0,0,0,1,0,0,2023-02-02,0,0.75,0.5,0.4583333333333333
TXN_1124753,0,0,0,0,1,0,0,0,0,0,1,2023-10-19,0,0.75,1.0,0.7916666666666666
TXN_9410981,0,0,1,0,0,0,0,0,0,0,1,2023-02-07,1,0.25,0.0,0.041666666666666664
TXN_9349962,0,0,0,0,0,0,1,0,0,0,1,2023-11-30,0,0.75,0.75,0.625
TXN_7611120,0,0,0,1,0,0,0,0,1,0,0,2023-03-30,1,0.25,0.5,0.20833333333333331
TXN_2106959,0,0,0,0,0,1,0,0,0,0,1,2023-09-05,1,1.0,0.75,0.7916666666666666
TXN_2237115,0,1,0,0,0,0,0,0,0,1,0,2023-01-13,1,0.0,0.25,0.041666666666666664
TXN_6836137,1,0,0,0,0,0,0,0,1,0,0,2023-08-30,0,0.75,0.5,0.4583333333333333
TXN_6316959,0,0,0,0,0,0,0,1,1,0,0,2023-11-10,0,0.25,0.125,0.08333333333333333
TXN_2265984,0,0,1,0,0,0,0,0,0,1,0,2023-10-18,1,1.0,0.0,0.16666666666666666
TXN_6352917,0,0,0,0,1,0,0,0,1,0,0,2023-05-05,0,1.0,1.0,1.0
TXN_9564123,1,0,0,0,0,0,0,0,0,1,0,2023-03-23,1,0.75,0.5,0.4583333333333333
TXN_3946544,1,0,0,0,0,0,0,0,0,1,0,2023-04-14,1,1.0,0.5,0.5833333333333333
TXN_1123138,0,0,0,0,1,0,0,0,1,0,0,2023-02-10,0,0.0,1.0,0.16666666666666666
TXN_9212503,0,0,0,0,1,0,0,0,0,0,1,2023-10-08,1,0.25,1.0,0.375
TXN_1921262,0,0,0,0,0,1,0,0,1,0,0,2023-11-24,0,0.25,0.75,0.29166666666666663
TXN_1259824,0,0,1,0,0,0,0,0,0,0,1,2023-04-29,1,1.0,0.0,0.16666666666666666
TXN_6868049,0,0,0,1,0,0,0,0,0,0,1,2023-01-08,0,1.0,0.5,0.5833333333333333
TXN_2806243,0,0,0,0,1,0,0,0,0,0,1,2023-01-14,1,0.75,1.0,0.7916666666666666
TXN_9759896,0,0,0,0,0,0,0,1,0,0,1,2023-12-02,1,0.75,0.125,0.20833333333333331
TXN_7560807,0,0,0,0,1,0,0,0,0,1,0,2023-04-16,0,0.25,1.0,0.375
TXN_3286932,0,0,1,0,0,0,0,0,0,0,1,2023-07-11,1,0.0,0.0,0.0
TXN_3481470,0,0,0,0,1,0,0,0,0,1,0,2023-12-24,0,0.75,1.0,0.7916666666666666
TXN_9907327,0,0,0,0,1,0,0,0,0,1,0,2023-10-07,0,0.25,1.0,0.375
TXN_3469469,0,0,1,0,0,0,0,0,0,0,1,2023-10-25,0,0.0,0.0,0.0
TXN_2681833,0,0,1,0,0,0,0,0,0,0,1,2023-10-05,0,0.5,0.0,0.08333333333333333
TXN_3179966,0,0,0,0,0,0,0,1,0,0,1,2023-05-27,0,0.25,0.125,0.08333333333333333
TXN_9289174,1,0,0,0,0,0,0,0,0,0,1,2023-12-30,0,0.75,0.5,0.4583333333333333
TXN_3629351,1,0,0,0,0,0,0,0,0,0,1,2023-07-21,1,0.0,0.5,0.08333333333333333
TXN_3142836,1,0,0,0,0,0,0,0,1,0,0,2023-11-01,0,0.25,0.5,0.20833333333333331
TXN_4998786,1,0,0,0,0,0,0,0,0,1,0,2023-10-25,1,1.0,0.5,0.5833333333333333
TXN_7228816,0,0,0,0,1,0,0,0,0,1,0,2023-04-21,0,0.0,1.0,0.16666666666666666
TXN_6904590,0,1,0,0,0,0,0,0,0,1,0,2023-02-19,0,0.75,0.25,0.29166666666666663
TXN_2126408,0,0,1,0,0,0,0,0,1,0,0,2023-10-19,1,0.5,0.0,0.08333333333333333
TXN_8664315,0,0,0,0,1,0,0,0,1,0,0,2023-08-14,1,0.25,1.0,0.375
TXN_8958593,0,0,0,1,0,0,0,0,0,0,1,2023-07-08,0,1.0,0.5,0.5833333333333333
TXN_2383598,0,0,0,0,0,1,0,0,0,0,1,2023-09-19,0,0.25,0.75,0.29166666666666663
TXN_2211685,0,0,0,0,0,0,1,0,0,1,0,2023-06-06,0,0.0,0.75,0.125
TXN_1503602,0,0,0,0,0,0,0,1,0,0,1,2023-12-16,0,1.0,0.125,0.2708333333333333
TXN_2962976,0,0,0,1,0,0,0,0,1,0,0,2023-03-17,0,1.0,0.5,0.5833333333333333
TXN_8716752,0,0,0,1,0,0,0,0,1,0,0,2023-12-05,0,0.0,0.5,0.08333333333333333
TXN_4266787,0,0,0,1,0,0,0,0,0,1,0,2023-01-12,1,0.75,0.5,0.4583333333333333
TXN_5933480,0,0,0,0,0,1,0,0,0,0,1,2023-09-04,0,0.5,0.75,0.4583333333333333
TXN_8255965,0,0,0,1,0,0,0,0,0,1,0,2023-11-16,0,0.25,0.5,0.20833333333333331
TXN_4364091,0,0,0,0,0,0,1,0,0,1,0,2023-04-14,1,0.0,0.75,0.125
TXN_9203920,0,0,0,1,0,0,0,0,1,0,0,2023-11-01,1,0.75,0.5,0.4583333333333333
TXN_8964812,0,0,0,0,1,0,0,0,0,0,1,2023-10-14,0,0.75,1.0,0.7916666666666666
TXN_6721531,0,0,0,0,0,0,0,1,1,0,0,2023-03-06,0,0.75,0.125,0.20833333333333331
TXN_5447508,0,0,0,0,0,1,0,0,0,0,1,2023-06-28,1,0.5,0.75,0.4583333333333333
TXN_5686113,0,0,0,0,0,1,0,0,0,0,1,2023-09-09,0,1.0,0.75,0.7916666666666666
TXN_9239779,0,0,0,0,1,0,0,0,1,0,0,2023-01-09,0,0.0,1.0,0.16666666666666666
TXN_9265319,0,0,0,0,1,0,0,0,1,0,0,2023-11-15,1,0.5,1.0,0.5833333333333333
TXN_9265313,1,0,0,0,0,0,0,0,1,0,0,2023-10-01,0,0.5,0.5,0.3333333333333333
TXN_3397609,0,0,0,0,0,0,1,0,0,0,1,2023-07-22,0,0.25,0.75,0.29166666666666663
TXN_9347203,0,0,0,0,0,1,0,0,1,0,0,2023-04-15,0,1.0,0.75,0.7916666666666666
TXN_2132186,0,0,0,0,1,0,0,0,0,1,0,2023-02-01,0,0.0,1.0,0.16666666666666666
TXN_3383926,1,0,0,0,0,0,0,0,1,0,0,2023-07-08,1,0.5,0.5,0.3333333333333333
TXN_6905718,0,0,0,0,1,0,0,0,0,1,0,2023-02-20,0,1.0,1.0,1.0
TXN_3130548,0,0,1,0,0,0,0,0,1,0,0,2023-08-21,1,0.75,0.0,0.125
TXN_9356512,0,0,0,0,1,0,0,0,0,1,0,2023-06-06,0,0.5,1.0,0.5833333333333333
TXN_7993951,0,0,0,0,0,0,0,1,0,0,1,2023-12-14,1,0.25,0.125,0.08333333333333333
TXN_6362093,0,1,0,0,0,0,0,0,1,0,0,2023-03-19,1,0.5,0.25,0.20833333333333331
TXN_4876440,0,0,1,0,0,0,0,0,1,0,0,2023-07-01,1,0.5,0.0,0.08333333333333333
TXN_9323513,1,0,0,0,0,0,0,0,0,1,0,2023-05-04,1,0.5,0.5,0.3333333333333333
TXN_9097641,1,0,0,0,0,0,0,0,1,0,0,2023-12-16,1,0.75,0.5,0.4583333333333333
TXN_1775884,0,0,0,1,0,0,0,0,1,0,0,2023-10-08,0,0.75,0.5,0.4583333333333333
TXN_8536115,1,0,0,0,0,0,0,0,0,1,0,2023-07-11,1,0.0,0.5,0.08333333333333333
TXN_8032010,0,0,0,0,0,0,0,1,1,0,0,2023-06-14,0,0.0,0.125,0.020833333333333332
TXN_2915281,0,0,1,0,0,0,0,0,0,0,1,2023-07-01,0,0.0,0.0,0.0
TXN_3468006,0,0,0,0,0,0,1,0,0,1,0,2023-07-28,1,0.5,0.75,0.4583333333333333
TXN_7604541,0,0,0,1,0,0,0,0,0,1,0,2023-04-16,0,0.75,0.5,0.4583333333333333
TXN_7806146,1,0,0,0,0,0,0,0,0,0,1,2023-01-30,0,0.5,0.5,0.3333333333333333
TXN_9238689,1,0,0,0,0,0,0,0,0,0,1,2023-03-09,0,0.0,0.5,0.08333333333333333
TXN_2601689,0,0,0,0,1,0,0,0,0,0,1,2023-01-14,1,0.75,1.0,0.7916666666666666
TXN_6428182,1,0,0,0,0,0,0,0,1,0,0,2023-11-10,0,1.0,0.5,0.5833333333333333
TXN_6830557,0,1,0,0,0,0,0,0,0,0,1,2023-11-08,1,0.5,0.25,0.20833333333333331
TXN_6371264,0,0,0,0,0,0,1,0,1,0,0,2023-02-27,1,1.0,0.75,0.7916666666666666
TXN_4663299,0,0,0,0,0,0,1,0,0,0,1,2023-12-26,0,0.75,0.75,0.625
TXN_9236713,0,0,1,0,0,0,0,0,1,0,0,2023-09-13,0,1.0,0.0,0.16666666666666666
TXN_1079239,0,0,0,0,0,0,1,0,0,0,1,2023-02-08,1,0.0,0.75,0.125
TXN_4690833,1,0,0,0,0,0,0,0,1,0,0,2023-05-23,1,0.0,0.5,0.08333333333333333
TXN_7946489,0,0,0,1,0,0,0,0,1,0,0,2023-09-11,1,0.0,0.5,0.08333333333333333
TXN_8661288,0,0,0,0,1,0,0,0,0,0,1,2023-01-27,1,0.25,1.0,0.375
TXN_7187207,0,1,0,0,0,0,0,0,1,0,0,2023-02-18,1,1.0,0.25,0.375
TXN_4679409,0,1,0,0,0,0,0,0,1,0,0,2023-03-25,0,0.0,0.25,0.041666666666666664
TXN_2866147,0,0,0,1,0,0,0,0,0,1,0,2023-08-28,1,0.25,0.5,0.20833333333333331
TXN_5637677,0,0,0,1,0,0,0,0,0,0,1,2023-08-24,1,0.25,0.5,0.20833333333333331
TXN_7444541,0,0,0,0,1,0,0,0,1,0,0,2023-11-29,0,0.25,1.0,0.375
TXN_6046604,0,0,1,0,0,0,0,0,0,1,0,2023-06-29,0,1.0,0.0,0.16666666666666666
TXN_6111710,0,0,0,0,1,0,0,0,0,1,0,2023-06-18,0,0.5,1.0,0.5833333333333333
TXN_5476465,1,0,0,0,0,0,0,0,1,0,0,2023-06-23,0,0.75,0.5,0.4583333333333333
TXN_1773873,0,0,0,0,1,0,0,0,0,1,0,2023-06-10,1,1.0,1.0,1.0
TXN_7688650,0,0,0,0,0,0,0,1,1,0,0,2023-10-26,0,0.25,0.125,0.08333333333333333
TXN_4570711,0,0,0,0,0,1,0,0,0,1,0,2023-12-11,0,0.75,0.75,0.625
TXN_5242469,0,1,0,0,0,0,0,0,0,1,0,2023-04-01,1,0.75,0.25,0.29166666666666663
TXN_2977414,1,0,0,0,0,0,0,0,0,0,1,2023-06-09,1,0.75,0.5,0.4583333333333333
TXN_8938144,0,1,0,0,0,0,0,0,0,1,0,2023-01-27,0,0.25,0.25,0.125
TXN_6434414,0,1,0,0,0,0,0,0,0,0,1,2023-03-10,1,0.0,0.25,0.041666666666666664
TXN_1655100,1,0,0,0,0,0,0,0,0,1,0,2023-12-20,1,0.75,0.5,0.4583333333333333
TXN_1526864,0,0,0,0,0,0,1,0,0,0,1,2023-01-27,0,0.5,0.75,0.4583333333333333
TXN_1279428,0,0,0,0,1,0,0,0,0,0,1,2023-03-02,1,0.0,1.0,0.16666666666666666
TXN_9866728,0,0,0,1,0,0,0,0,1,0,0,2023-10-26,0,0.0,0.5,0.08333333333333333
TXN_1706201,0,1,0,0,0,0,0,0,0,1,0,2023-08-23,0,0.5,0.25,0.20833333333333331
TXN_2498488,0,0,0,0,0,0,1,0,0,0,1,2023-12-06,1,0.25,0.75,0.29166666666666663
TXN_5387067,0,0,0,0,1,0,0,0,0,1,0,2023-06-11,0,0.5,1.0,0.5833333333333333
TXN_4431179,0,0,0,0,0,1,0,0,0,0,1,2023-08-13,1,0.5,0.75,0.4583333333333333
TXN_5051924,0,0,0,0,0,0,0,1,0,1,0,2023-05-23,0,1.0,0.125,0.2708333333333333
TXN_9033890,0,0,0,0,1,0,0,0,1,0,0,2023-08-05,1,0.0,1.0,0.16666666666666666
TXN_1777959,0,0,0,0,0,0,0,1,1,0,0,2023-10-18,1,1.0,0.125,0.2708333333333333
TXN_3574059,1,0,0,0,0,0,0,0,1,0,0,2023-01-18,0,0.0,0.5,0.08333333333333333
TXN_8386792,0,1,0,0,0,0,0,0,1,0,0,2023-10-05,0,0.5,0.25,0.20833333333333331
TXN_2108894,0,0,0,0,0,1,0,0,0,1,0,2023-10-30,0,0.75,0.75,0.625
TXN_6347472,0,0,0,0,0,0,0,1,0,0,1,2023-03-22,0,0.0,0.125,0.020833333333333332
TXN_8699110,0,0,0,0,1,0,0,0,1,0,0,2023-10-11,1,0.5,1.0,0.5833333333333333
TXN_7188412,0,0,0,0,0,1,0,0,0,0,1,2023-08-08,1,0.0,0.75,0.125
TXN_6178152,0,0,0,0,0,0,0,1,0,1,0,2023-12-26,0,1.0,0.125,0.2708333333333333
TXN_3477767,0,0,1,0,0,0,0,0,0,0,1,2023-05-29,0,0.5,0.0,0.08333333333333333
TXN_8345723,0,0,0,0,0,1,0,0,0,0,1,2023-08-27,1,0.0,0.75,0.125
TXN_9989415,0,0,0,0,0,0,1,0,0,1,0,2023-05-26,1,1.0,0.75,0.7916666666666666
TXN_4476634,0,0,0,0,0,0,0,1,0,1,0,2023-06-16,0,0.25,0.125,0.08333333333333333
TXN_1932897,0,0,1,0,0,0,0,0,0,0,1,2023-06-25,1,0.0,0.0,0.0
TXN_2178964,0,0,0,0,0,0,0,1,1,0,0,2023-12-25,1,0.75,0.125,0.20833333333333331
TXN_5213542,0,1,0,0,0,0,0,0,0,1,0,2023-08-21,0,0.5,0.25,0.20833333333333331
TXN_7889745,0,0,0,0,0,1,0,0,1,0,0,2023-01-25,0,0.75,0.75,0.625
TXN_7020671,0,1,0,0,0,0,0,0,0,1,0,2023-09-01,0,0.0,0.25,0.041666666666666664
TXN_8297135,0,0,0,0,0,1,0,0,0,1,0,2023-09-16,1,0.25,0.75,0.29166666666666663
TXN_6581437,0,1,0,0,0,0,0,0,0,0,1,2023-10-23,1,1.0,0.25,0.375
TXN_1347965,0,0,1,0,0,0,0,0,1,0,0,2023-02-19,0,1.0,0.0,0.16666666666666666
TXN_6128621,0,0,0,0,1,0,0,0,0,0,1,2023-11-10,0,0.5,1.0,0.5833333333333333
TXN_5758199,0,1,0,0,0,0,0,0,0,1,0,2023-06-11,1,0.75,0.25,0.29166666666666663
TXN_3145041,0,0,0,0,0,0,0,1,0,1,0,2023-09-23,1,1.0,0.125,0.2708333333333333
TXN_9960577,0,0,0,0,0,1,0,0,1,0,0,2023-06-24,1,0.0,0.75,0.125
TXN_1349738,0,0,0,0,0,1,0,0,1,0,0,2023-03-26,0,0.5,0.75,0.4583333333333333
TXN_4512118,0,1,0,0,0,0,0,0,0,0,1,2023-04-20,1,0.25,0.25,0.125
TXN_5763254,0,1,0,0,0,0,0,0,0,0,1,2023-09-15,1,0.5,0.25,0.20833333333333331
TXN_8167279,0,0,0,0,1,0,0,0,1,0,0,2023-07-14,0,1.0,1.0,1.0
TXN_8696094,0,0,0,0,0,1,0,0,0,0,1,2023-05-14,1,0.0,0.75,0.7916666666666666
TXN_8114990,0,0,0,1,0,0,0,0,0,1,0,2023-02-27,1,0.0,0.5,0.08333333333333333
TXN_4961655,0,0,0,1,0,0,0,0,1,0,0,2023-05-06,1,1.0,0.5,0.5833333333333333
TXN_5595352,0,0,0,1,0,0,0,0,1,0,0,2023-02-20,0,0.0,0.5,0.08333333333333333
TXN_2070818,0,0,0,0,0,0,1,0,1,0,0,2023-06-05,1,1.0,0.75,0.7916666666666666
TXN_1090854,0,0,1,0,0,0,0,0,0,1,0,2023-01-07,0,0.5,0.0,0.08333333333333333
TXN_2004851,0,0,0,0,1,0,0,0,0,1,0,2023-07-14,0,1.0,1.0,1.0
TXN_1869814,0,0,0,0,0,0,0,1,0,0,1,2023-05-24,1,0.0,0.125,0.020833333333333332
TXN_8296518,0,0,0,0,0,1,0,0,0,1,0,2023-02-08,0,0.25,0.75,0.29166666666666663
TXN_6910915,0,0,0,0,0,0,0,1,0,0,1,2023-05-06,1,0.75,0.125,0.20833333333333331
TXN_3183527,0,1,0,0,0,0,0,0,0,0,1,2023-10-26,0,0.5,0.25,0.20833333333333331
TXN_6916047,0,1,0,0,0,0,0,0,0,0,1,2023-11-22,0,0.25,0.25,0.125
TXN_5787508,0,0,0,0,0,1,0,0,0,1,0,2023-07-23,1,0.5,0.5,0.3333333333333333
TXN_2611960,0,0,0,0,0,1,0,0,0,1,0,2023-09-11,1,0.5,0.75,0.4583333333333333
TXN_7923140,0,1,0,0,0,0,0,0,0,0,1,2023-04-02,0,0.25,0.25,0.125
TXN_5229169,0,0,0,1,0,0,0,0,0,1,0,2023-09-08,1,0.25,0.5,0.20833333333333331
TXN_1018880,0,0,0,0,0,0,1,0,0,0,1,2023-07-15,0,1.0,0.75,0.7916666666666666
TXN_4074732,0,0,0,0,1,0,0,0,0,1,0,2023-04-09,0,0.5,1.0,0.5833333333333333
TXN_9409728,0,0,0,0,0,0,0,1,1,0,0,2023-03-06,0,0.25,0.125,0.08333333333333333
TXN_5840223,0,0,0,0,0,0,0,1,1,0,0,2023-12-20,1,0.75,0.125,0.20833333333333331
TXN_5576265,0,0,0,0,0,0,1,0,0,1,0,2023-04-08,1,0.75,0.75,0.625
TXN_7399897,0,0,0,1,0,0,0,0,0,1,0,2023-11-14,1,0.75,0.5,0.4583333333333333
TXN_5098938,0,0,0,0,0,0,0,1,0,0,1,2023-05-06,0,1.0,0.125,0.2708333333333333
TXN_6119823,0,0,0,0,0,0,0,1,1,0,0,2023-06-13,1,0.25,0.125,0.08333333333333333
TXN_7308222,0,0,0,0,1,0,0,0,0,1,0,2023-03-09,1,0.25,1.0,0.375
TXN_5408625,0,0,1,0,0,0,0,0,1,0,0,2023-08-14,0,1.0,0.0,0.16666666666666666
TXN_5969754,0,0,0,0,0,0,0,1,0,0,1,2023-01-29,1,0.75,0.125,0.20833333333333331
TXN_5740553,0,0,0,0,1,0,0,0,0,0,1,2023-08-29,0,1.0,1.0,1.0
TXN_4809497,0,0,0,0,0,0,0,1,1,0,0,2023-03-31,0,0.75,0.125,0.20833333333333331
TXN_2392934,0,1,0,0,0,0,0,0,0,1,0,2023-11-25,0,0.25,0.25,0.125
TXN_5728991,0,0,0,0,1,0,0,0,0,0,1,2023-01-01,0,0.25,1.0,0.375
TXN_7608816,0,0,0,1,0,0,0,0,0,0,1,2023-11-07,0,0.5,0.5,0.3333333333333333
TXN_1046394,0,0,0,0,0,0,1,0,1,0,0,2023-04-29,0,0.0,0.75,0.125
TXN_3228823,0,0,0,0,0,0,0,1,0,0,1,2023-01-06,1,1.0,0.125,0.2708333333333333
TXN_2269396,0,1,0,0,0,0,0,0,0,0,1,2023-10-26,0,0.5,0.25,0.20833333333333331
TXN_9263967,0,0,1,0,0,0,0,0,0,1,0,2023-09-14,0,0.5,0.0,0.08333333333333333
TXN_6540946,0,0,0,1,0,0,0,0,0,0,1,2023-10-08,0,0.75,0.5,0.4583333333333333
TXN_2914088,0,0,0,0,1,0,0,0,1,0,0,2023-03-22,0,1.0,1.0,1.0
TXN_6571898,0,0,0,1,0,0,0,0,0,0,1,2023-02-02,1,0.5,0.5,0.3333333333333333
TXN_7109358,0,0,0,0,1,0,0,0,0,0,1,2023-05-02,0,1.0,1.0,1.0
TXN_4498370,0,0,0,0,0,0,1,0,0,1,0,2023-07-24,1,0.75,0.75,0.625
TXN_4015710,0,0,0,1,0,0,0,0,1,0,0,2023-05-18,1,0.75,0.5,0.4583333333333333
TXN_4600048,0,0,1,0,0,0,0,0,1,0,0,2023-10-30,0,0.25,0.0,0.041666666666666664
TXN_2108486,0,0,0,1,0,0,0,0,0,0,1,2023-12-28,1,0.75,0.5,0.4583333333333333
TXN_7019782,0,0,0,0,0,0,1,0,1,0,0,2023-10-16,1,1.0,0.75,0.7916666666666666
TXN_5228270,0,0,0,1,0,0,0,0,0,0,1,2023-04-12,1,0.5,0.5,0.3333333333333333
TXN_4387303,0,0,1,0,0,0,0,0,0,1,0,2023-06-27,1,0.0,0.0,0.0
TXN_4637016,0,0,0,0,1,0,0,0,0,1,0,2023-10-15,0,0.5,1.0,0.5833333333333333
TXN_7786214,0,0,0,0,0,0,1,0,0,1,0,2023-11-25,0,0.0,0.75,0.125
TXN_9587884,0,0,0,0,0,0,0,1,0,1,0,2023-01-05,1,0.25,0.125,0.08333333333333333
TXN_4625910,0,0,0,1,0,0,0,0,0,1,0,2023-01-17,1,0.0,0.5,0.08333333333333333
TXN_8250731,0,0,1,0,0,0,0,0,1,0,0,2023-08-24,1,0.25,0.0,0.041666666666666664
TXN_3605929,0,0,0,0,0,0,1,0,0,1,0,2023-04-26,1,0.25,0.75,0.29166666666666663
TXN_4953450,0,0,1,0,0,0,0,0,0,1,0,2023-03-10,0,0.75,0.0,0.125
TXN_5315441,0,0,0,0,0,0,1,0,0,0,1,2023-10-31,0,1.0,0.75,0.7916666666666666
TXN_9196322,0,0,1,0,0,0,0,0,0,0,1,2023-08-12,0,0.75,0.0,0.125
TXN_4009547,0,0,0,1,0,0,0,0,0,1,0,2023-05-13,0,0.75,0.5,0.4583333333333333
TXN_3394710,0,0,0,0,0,1,0,0,0,0,1,2023-10-22,0,0.0,0.75,0.125
TXN_8354174,0,1,0,0,0,0,0,0,0,1,0,2023-12-29,1,0.5,0.25,0.20833333333333331
TXN_5931292,0,0,0,0,0,0,1,0,0,1,0,2023-12-18,0,0.25,0.75,0.29166666666666663
TXN_2109416,0,0,0,0,0,1,0,0,1,0,0,2023-09-21,0,0.0,0.75,0.125
TXN_8776606,0,0,0,0,1,0,0,0,0,0,1,2023-07-24,1,0.75,1.0,0.7916666666666666
TXN_1063366,0,0,0,1,0,0,0,0,1,0,0,2023-03-20,0,0.5,0.5,0.3333333333333333
TXN_2393500,0,0,0,1,0,0,0,0,0,1,0,2023-12-15,0,0.0,0.5,0.08333333333333333
TXN_9738758,0,1,0,0,0,0,0,0,1,0,0,2023-12-31,0,0.0,0.25,0.041666666666666664
TXN_7838465,0,0,0,0,0,1,0,0,0,1,0,2023-06-15,1,0.5,0.75,0.4583333333333333
TXN_2447261,0,0,1,0,0,0,0,0,0,1,0,2023-10-15,1,0.5,0.0,0.08333333333333333
TXN_6609947,1,0,0,0,0,0,0,0,0,0,1,2023-05-29,0,0.5,0.5,0.3333333333333333
TXN_9036453,0,0,0,0,0,1,0,0,0,0,1,2023-02-08,1,0.0,0.75,0.125
TXN_2611990,0,0,1,0,0,0,0,0,0,0,1,2023-10-25,1,0.5,0.0,0.08333333333333333
TXN_1460963,0,1,0,0,0,0,0,0,1,0,0,2023-02-10,0,0.5,0.25,0.20833333333333331
TXN_1713128,0,0,0,0,0,0,1,0,0,1,0,2023-05-01,0,0.5,0.75,0.4583333333333333
TXN_4501168,0,0,0,0,0,0,0,1,1,0,0,2023-06-28,0,0.0,0.125,0.020833333333333332
TXN_2840323,0,0,0,0,0,0,0,1,0,1,0,2023-05-07,1,0.75,0.125,0.20833333333333331
TXN_6691767,0,0,0,0,1,0,0,0,1,0,0,2023-02-05,1,0.25,1.0,0.375
TXN_7280191,0,1,0,0,0,0,0,0,0,0,1,2023-08-23,1,0.5,0.25,0.20833333333333331
TXN_6932070,0,0,0,0,0,0,0,1,0,1,0,2023-06-10,0,0.75,0.125,0.20833333333333331
TXN_3502743,0,0,0,0,0,1,0,0,0,1,0,2023-02-28,0,1.0,0.75,0.7916666666666666
TXN_2815335,0,0,0,1,0,0,0,0,1,0,0,2023-03-30,0,1.0,0.5,0.5833333333333333
TXN_4916272,0,0,0,0,0,0,0,1,0,1,0,2023-03-03,0,0.5,0.125,0.14583333333333331
TXN_7940202,0,0,0,0,0,1,0,0,0,0,1,2023-07-23,1,0.0,1.0,0.125
TXN_5489408,0,0,1,0,0,0,0,0,0,1,0,2023-05-02,0,0.0,0.0,0.0
TXN_4640977,0,0,1,0,0,0,0,0,0,1,0,2023-02-11,0,0.5,0.0,0.08333333333333333
TXN_8563346,0,1,0,0,0,0,0,0,0,1,0,2023-10-24,0,0.5,0.25,0.20833333333333331
TXN_3172751,0,0,0,1,0,0,0,0,0,1,0,2023-10-23,1,1.0,0.5,0.5833333333333333
TXN_7896721,1,0,0,0,0,0,0,0,0,1,0,2023-04-22,1,0.5,0.5,0.3333333333333333
TXN_8973563,0,1,0,0,0,0,0,0,0,1,0,2023-10-08,0,0.0,0.25,0.041666666666666664
TXN_4827371,0,0,0,0,1,0,0,0,1,0,0,2023-06-20,1,0.25,1.0,0.375
TXN_1559313,0,0,0,0,0,0,1,0,0,1,0,2023-12-02,0,0.25,0.75,0.29166666666666663
TXN_7384923,0,0,0,0,0,1,0,0,1,0,0,2023-01-24,1,0.25,0.75,0.29166666666666663
TXN_7906197,0,0,0,0,0,1,0,0,0,1,0,2023-01-02,0,1.0,0.75,0.7916666666666666
TXN_9018535,0,0,1,0,0,0,0,0,0,0,1,2023-05-05,1,0.25,0.0,0.041666666666666664
TXN_9103318,0,0,0,0,0,1,0,0,0,1,0,2023-11-13,1,0.25,0.75,0.29166666666666663
TXN_8066743,0,0,0,0,0,0,0,1,1,0,0,2023-11-13,1,0.5,0.125,0.14583333333333331
TXN_9658677,1,0,0,0,0,0,0,0,1,0,0,2023-10-31,1,0.75,0.5,0.4583333333333333
TXN_8647575,0,0,0,0,0,0,0,1,1,0,0,2023-02-08,1,0.25,0.125,0.08333333333333333
TXN_6376175,0,0,0,1,0,0,0,0,0,0,1,2023-02-24,1,0.75,0.5,0.4583333333333333
TXN_9840274,0,0,0,0,0,1,0,0,0,1,0,2023-02-25,1,1.0,0.75,0.7916666666666666
TXN_4912458,1,0,0,0,0,0,0,0,0,0,1,2023-06-12,1,0.75,0.5,0.4583333333333333
TXN_7982985,0,0,1,0,0,0,0,0,0,1,0,2023-01-27,0,0.0,0.0,0.0
TXN_2855581,0,1,0,0,0,0,0,0,0,1,0,2023-10-23,0,0.75,0.25,0.29166666666666663
TXN_7585348,1,0,0,0,0,0,0,0,0,1,0,2023-03-16,1,0.5,0.5,0.3333333333333333
TXN_8249251,1,0,0,0,0,0,0,0,0,0,1,2023-01-01,0,0.5,0.5,0.3333333333333333
TXN_4005014,0,0,0,0,0,1,0,0,0,0,1,2023-07-10,1,0.0,0.75,0.125
TXN_3106215,0,0,0,0,0,0,1,0,0,0,1,2023-04-15,1,0.5,0.75,0.4583333333333333
TXN_4478185,1,0,0,0,0,0,0,0,1,0,0,2023-08-25,0,0.25,0.5,0.20833333333333331
TXN_7815651,0,0,0,0,1,0,0,0,1,0,0,2023-01-16,0,0.0,1.0,0.16666666666666666
TXN_3461209,0,0,0,1,0,0,0,0,0,1,0,2023-04-26,0,0.75,0.5,0.4583333333333333
TXN_9498325,0,0,0,0,1,0,0,0,0,0,1,2023-04-04,0,0.0,1.0,0.16666666666666666
TXN_1026827,0,0,1,0,0,0,0,0,0,0,1,2023-01-02,0,0.75,0.0,0.125
TXN_4479052,0,0,0,0,1,0,0,0,0,0,1,2023-12-05,0,0.75,1.0,0.7916666666666666
TXN_7269513,0,0,0,0,1,0,0,0,1,0,0,2023-05-12,0,0.5,1.0,0.5833333333333333
TXN_5134545,0,0,0,0,0,0,0,1,0,0,1,2023-10-17,0,1.0,0.125,0.2708333333333333
TXN_7997144,0,0,0,1,0,0,0,0,0,1,0,2023-02-25,0,0.75,0.5,0.4583333333333333
TXN_7315198,0,0,0,0,1,0,0,0,0,1,0,2023-09-23,0,0.25,1.0,0.375
TXN_4339682,0,0,0,0,1,0,0,0,1,0,0,2023-03-04,0,1.0,1.0,1.0
TXN_3363831,0,0,0,1,0,0,0,0,0,0,1,2023-05-10,1,0.5,0.5,0.3333333333333333
TXN_5369555,0,0,0,1,0,0,0,0,1,0,0,2023-02-24,1,0.75,0.5,0.4583333333333333
TXN_6208034,1,0,0,0,0,0,0,0,0,0,1,2023-08-29,0,0.0,0.5,0.08333333333333333
TXN_8187656,0,0,0,0,0,0,0,1,0,1,0,2023-05-01,1,0.75,0.125,0.20833333333333331
TXN_6463415,0,1,0,0,0,0,0,0,0,0,1,2023-04-12,0,0.5,0.25,0.20833333333333331
TXN_1461895,0,0,0,1,0,0,0,0,0,0,1,2023-06-17,0,1.0,0.5,0.5833333333333333
TXN_3197752,0,0,0,0,0,0,1,0,1,0,0,2023-03-10,1,0.25,0.75,0.29166666666666663
TXN_3112175,0,1,0,0,0,0,0,0,1,0,0,2023-03-16,1,0.75,0.25,0.29166666666666663
TXN_6439579,0,0,0,0,0,0,0,1,0,1,0,2023-03-23,1,1.0,0.125,0.2708333333333333
TXN_4944121,0,1,0,0,0,0,0,0,0,0,1,2023-05-29,0,0.25,0.25,0.125
TXN_5590805,1,0,0,0,0,0,0,0,0,0,1,2023-01-25,1,0.0,0.5,0.08333333333333333
TXN_4634772,0,0,0,1,0,0,0,0,0,1,0,2023-01-12,0,0.5,0.5,0.3333333333333333
TXN_3519066,1,0,0,0,0,0,0,0,0,1,0,2023-11-08,1,0.0,0.5,0.08333333333333333
TXN_8034156,0,0,0,0,0,1,0,0,1,0,0,2023-07-22,0,0.0,0.75,0.125
TXN_2163229,0,0,1,0,0,0,0,0,1,0,0,2023-12-21,1,0.75,0.0,0.125
TXN_4109764,0,0,0,1,0,0,0,0,0,1,0,2023-07-12,1,0.5,0.5,0.3333333333333333
TXN_1343750,0,0,1,0,0,0,0,0,0,0,1,2023-02-15,1,0.25,0.0,0.041666666666666664
TXN_6387964,0,0,0,0,0,0,0,1,0,0,1,2023-08-07,0,1.0,0.125,0.2708333333333333
TXN_2743397,1,0,0,0,0,0,0,0,0,0,1,2023-10-03,0,0.25,0.5,0.20833333333333331
TXN_8022689,0,0,0,0,0,0,0,1,1,0,0,2023-06-15,1,0.0,0.125,0.020833333333333332
TXN_9392028,0,0,0,0,1,0,0,0,0,1,0,2023-01-13,0,1.0,1.0,1.0
TXN_3547825,0,0,1,0,0,0,0,0,0,0,1,2023-09-04,1,0.5,0.0,0.08333333333333333
TXN_9101792,0,1,0,0,0,0,0,0,1,0,0,2023-06-13,1,1.0,0.25,0.375
TXN_3463928,0,0,0,0,0,0,0,1,0,1,0,2023-06-07,0,0.75,0.125,0.20833333333333331
TXN_8503406,0,0,0,0,0,0,1,0,0,0,1,2023-02-15,1,0.25,0.75,0.29166666666666663
TXN_1992966,0,0,0,0,0,0,1,0,0,1,0,2023-08-09,0,1.0,0.75,0.7916666666666666
TXN_2179458,1,0,0,0,0,0,0,0,1,0,0,2023-10-23,0,0.0,0.5,0.08333333333333333
TXN_5648512,1,0,0,0,0,0,0,0,0,0,1,2023-01-30,1,0.75,0.5,0.4583333333333333
TXN_8689416,0,0,0,1,0,0,0,0,0,0,1,2023-03-19,0,1.0,0.5,0.5833333333333333
TXN_1964555,0,0,0,0,0,0,1,0,0,0,1,2023-04-11,1,0.25,0.75,0.29166666666666663
TXN_9402247,0,0,0,0,1,0,0,0,0,0,1,2023-11-06,0,0.5,1.0,0.5833333333333333
TXN_8868960,0,0,0,0,1,0,0,0,0,1,0,2023-11-07,0,1.0,1.0,1.0
TXN_1794862,1,0,0,0,0,0,0,0,1,0,0,2023-07-16,0,0.25,0.5,0.20833333333333331
TXN_5780615,0,0,0,0,0,0,1,0,1,0,0,2023-12-24,1,0.5,0.75,0.4583333333333333
TXN_2416816,0,0,0,0,0,0,1,0,0,0,1,2023-10-19,0,1.0,0.75,0.7916666666666666
TXN_8005682,0,1,0,0,0,0,0,0,0,1,0,2023-03-16,0,0.25,0.25,0.125
TXN_1778707,0,0,0,0,1,0,0,0,0,1,0,2023-03-26,1,1.0,1.0,1.0
TXN_9959813,0,0,0,0,0,1,0,0,0,0,1,2023-09-05,0,0.75,0.75,0.625
TXN_7675823,0,0,0,0,0,0,0,1,0,1,0,2023-11-26,0,1.0,0.125,0.2708333333333333
TXN_3110343,0,0,0,0,0,0,0,1,0,0,1,2023-06-24,1,1.0,0.125,0.2708333333333333
TXN_7913451,0,0,0,0,0,1,0,0,0,1,0,2023-12-05,1,1.0,0.75,0.7916666666666666
TXN_1901729,1,0,0,0,0,0,0,0,1,0,0,2023-03-18,1,0.25,0.5,0.20833333333333331
TXN_5934059,0,0,0,1,0,0,0,0,0,0,1,2023-09-26,0,0.75,0.5,0.4583333333333333
TXN_8717428,0,0,0,0,1,0,0,0,0,0,1,2023-02-18,1,0.5,1.0,0.5833333333333333
TXN_2098878,0,0,0,1,0,0,0,0,0,0,1,2023-08-19,1,0.25,0.5,0.20833333333333331
TXN_9536472,0,0,0,1,0,0,0,0,1,0,0,2023-11-12,0,1.0,0.5,0.5833333333333333
TXN_6696913,1,0,0,0,0,0,0,0,0,0,1,2023-10-22,1,0.75,0.5,0.4583333333333333
TXN_9561832,0,0,0,0,0,0,1,0,0,0,1,2023-10-29,1,0.5,0.75,0.4583333333333333
TXN_8888153,0,1,0,0,0,0,0,0,0,0,1,2023-12-16,0,1.0,0.25,0.375
TXN_3790025,0,0,0,0,0,0,1,0,1,0,0,2023-10-07,1,0.0,0.75,0.125
TXN_2820693,0,0,0,0,1,0,0,0,1,0,0,2023-05-05,1,0.5,1.0,0.5833333333333333
TXN_5661147,1,0,0,0,0,0,0,0,0,0,1,2023-11-06,1,0.0,0.5,0.08333333333333333
TXN_3746260,0,0,0,0,0,0,1,0,0,0,1,2023-08-26,1,1.0,0.75,0.7916666666666666
TXN_7805035,0,0,0,0,0,0,1,0,1,0,0,2023-05-18,0,0.5,0.75,0.4583333333333333
TXN_2058243,0,0,0,0,0,0,1,0,0,1,0,2023-03-19,1,1.0,0.75,0.7916666666666666
TXN_5710748,0,0,0,0,1,0,0,0,0,0,1,2023-10-31,0,0.0,1.0,0.16666666666666666
TXN_3725837,0,1,0,0,0,0,0,0,1,0,0,2023-10-22,0,1.0,0.25,0.375
TXN_5132327,0,0,0,0,0,0,1,0,1,0,0,2023-01-25,1,1.0,0.75,0.7916666666666666
TXN_1575608,0,0,0,0,0,1,0,0,1,0,0,2023-01-05,1,1.0,0.75,0.7916666666666666
TXN_4594922,0,0,0,0,1,0,0,0,0,1,0,2023-06-19,1,0.25,1.0,0.375
TXN_5163686,0,0,0,0,1,0,0,0,0,1,0,2023-05-29,0,1.0,1.0,1.0
TXN_5445318,0,0,1,0,0,0,0,0,0,0,1,2023-02-16,1,0.0,0.0,0.0
TXN_2391446,0,0,0,0,0,1,0,0,0,0,1,2023-12-06,0,0.5,0.75,0.4583333333333333
TXN_2826603,0,0,0,0,1,0,0,0,0,0,1,2023-06-22,1,0.25,1.0,0.375
TXN_3489940,0,0,1,0,0,0,0,0,0,1,0,2023-12-15,0,0.5,0.0,0.08333333333333333
TXN_2526667,0,0,0,1,0,0,0,0,0,0,1,2023-06-10,0,0.5,0.5,0.3333333333333333
TXN_3760598,1,0,0,0,0,0,0,0,0,0,1,2023-10-24,0,0.5,0.5,0.3333333333333333
TXN_7679707,0,0,0,0,0,0,0,1,0,1,0,2023-07-22,0,0.0,0.125,0.020833333333333332
TXN_3831364,0,0,0,0,0,0,0,1,0,0,1,2023-03-03,1,0.0,0.125,0.020833333333333332
TXN_5038513,0,0,1,0,0,0,0,0,0,0,1,2023-10-24,1,0.25,0.0,0.041666666666666664
TXN_5007619,1,0,0,0,0,0,0,0,0,1,0,2023-07-05,0,1.0,0.5,0.5833333333333333
TXN_5124870,0,0,0,0,0,0,0,1,0,0,1,2023-08-11,0,0.0,0.125,0.020833333333333332
TXN_8229546,0,0,0,0,0,0,1,0,1,0,0,2023-10-16,0,0.25,0.75,0.29166666666666663
TXN_3173923,0,0,1,0,0,0,0,0,0,0,1,2023-06-29,0,0.25,0.0,0.041666666666666664
TXN_8460786,0,1,0,0,0,0,0,0,1,0,0,2023-05-17,1,0.0,0.25,0.041666666666666664
TXN_7078232,1,0,0,0,0,0,0,0,0,0,1,2023-11-21,1,1.0,0.5,0.5833333333333333
TXN_7833800,0,1,0,0,0,0,0,0,1,0,0,2023-01-30,1,0.25,0.25,0.125
TXN_9625287,0,0,0,1,0,0,0,0,1,0,0,2023-07-08,0,0.25,0.5,0.20833333333333331
TXN_3135132,0,0,0,0,0,1,0,0,0,1,0,2023-08-01,1,0.75,0.75,0.625
TXN_4779440,0,0,1,0,0,0,0,0,0,1,0,2023-07-12,1,0.0,0.0,0.0
TXN_7337979,0,1,0,0,0,0,0,0,0,0,1,2023-05-27,0,0.0,0.25,0.041666666666666664
TXN_1713098,0,0,0,0,0,0,1,0,1,0,0,2023-11-22,1,0.75,0.75,0.625
TXN_5325729,0,1,0,0,0,0,0,0,0,0,1,2023-05-04,0,1.0,0.25,0.375
TXN_5630457,0,0,0,0,0,0,1,0,0,1,0,2023-03-01,1,0.0,0.75,0.125
TXN_4167859,0,1,0,0,0,0,0,0,1,0,0,2023-08-17,1,1.0,0.25,0.375
TXN_4487966,0,0,0,1,0,0,0,0,1,0,0,2023-08-10,0,0.5,0.5,0.3333333333333333
TXN_1122140,0,0,0,0,0,1,0,0,1,0,0,2023-06-19,0,0.75,0.75,0.625
TXN_7484682,0,0,0,1,0,0,0,0,1,0,0,2023-12-28,0,0.0,0.5,0.08333333333333333
TXN_5182042,0,0,0,0,0,1,0,0,0,0,1,2023-02-25,1,0.75,0.75,0.625
TXN_4040989,0,0,0,0,0,1,0,0,0,0,1,2023-03-02,0,0.0,0.75,0.125
TXN_2190793,0,0,1,0,0,0,0,0,0,1,0,2023-07-29,1,0.75,0.0,0.125
TXN_3663712,0,0,0,0,0,0,0,1,0,0,1,2023-09-22,1,0.75,0.125,0.20833333333333331
TXN_9140598,0,0,0,1,0,0,0,0,0,0,1,2023-07-10,1,0.0,0.5,0.08333333333333333
TXN_5657259,0,0,0,0,0,0,0,1,0,0,1,2023-03-03,0,0.25,0.125,0.08333333333333333
TXN_4316299,0,0,0,0,0,0,0,1,0,1,0,2023-10-02,0,0.25,0.125,0.08333333333333333
TXN_5601300,0,1,0,0,0,0,0,0,0,0,1,2023-02-24,1,0.25,0.25,0.125
TXN_9904662,0,0,0,0,0,0,1,0,0,0,1,2023-11-19,0,0.0,0.75,0.125
TXN_3696194,0,0,0,0,1,0,0,0,0,1,0,2023-11-27,0,0.25,1.0,0.375
TXN_2964638,0,0,0,0,1,0,0,0,0,0,1,2023-09-28,0,0.25,1.0,0.375
TXN_8336656,0,0,0,0,1,0,0,0,1,0,0,2023-12-02,1,1.0,1.0,1.0
TXN_2024121,0,0,0,1,0,0,0,0,0,0,1,2023-11-06,0,1.0,0.5,0.5833333333333333
TXN_6287890,0,0,0,0,0,0,0,1,0,1,0,2023-02-07,1,1.0,0.125,0.2708333333333333
TXN_4712887,0,0,0,0,0,0,0,1,0,1,0,2023-01-04,1,1.0,0.125,0.2708333333333333
TXN_4336892,0,0,1,0,0,0,0,0,0,0,1,2023-06-04,0,0.25,0.0,0.041666666666666664
TXN_5447694,0,0,0,0,0,0,1,0,0,0,1,2023-11-18,0,0.0,0.75,0.125
TXN_2492058,0,0,0,0,0,0,1,0,1,0,0,2023-09-22,0,1.0,0.75,0.7916666666666666
TXN_3439712,0,0,0,1,0,0,0,0,0,1,0,2023-04-04,0,0.75,0.5,0.4583333333333333
TXN_5350401,0,0,0,0,0,1,0,0,0,0,1,2023-10-28,0,0.25,0.75,0.29166666666666663
TXN_8999006,0,0,0,0,0,0,1,0,1,0,0,2023-02-07,0,0.0,0.75,0.125
TXN_8514689,0,0,0,1,0,0,0,0,0,0,1,2023-04-15,0,1.0,0.5,0.5833333333333333
TXN_1866028,0,0,0,0,0,0,0,1,0,1,0,2023-06-12,1,1.0,0.125,0.2708333333333333
TXN_8379141,0,0,0,0,1,0,0,0,1,0,0,2023-10-01,0,0.0,1.0,0.16666666666666666
TXN_9152264,1,0,0,0,0,0,0,0,0,0,1,2023-03-15,1,0.0,0.5,0.08333333333333333
TXN_2287941,0,0,1,0,0,0,0,0,0,1,0,2023-09-22,1,0.0,0.0,0.0
TXN_3794585,0,0,0,0,0,1,0,0,0,1,0,2023-02-10,0,0.0,0.75,0.125
TXN_3856427,0,0,0,1,0,0,0,0,0,1,0,2023-03-25,0,0.75,0.5,0.4583333333333333
TXN_9890874,0,0,0,0,0,1,0,0,1,0,0,2023-09-02,0,1.0,0.75,0.7916666666666666
TXN_3945716,0,0,0,0,0,0,0,1,0,1,0,2023-09-17,0,0.25,0.125,0.08333333333333333
TXN_6254003,0,0,0,0,1,0,0,0,0,1,0,2023-11-02,1,0.25,1.0,0.375
TXN_3101575,0,1,0,0,0,0,0,0,0,0,1,2023-12-03,1,0.25,0.25,0.125
TXN_4874685,0,0,0,0,0,0,1,0,0,1,0,2023-03-25,0,0.0,0.75,0.125
TXN_6269119,0,0,0,1,0,0,0,0,0,0,1,2023-07-19,1,0.25,0.5,0.20833333333333331
TXN_6024625,0,1,0,0,0,0,0,0,0,0,1,2023-09-13,1,1.0,0.25,0.375
TXN_7470910,0,0,0,0,1,0,0,0,1,0,0,2023-11-22,0,0.25,1.0,0.375
TXN_9911345,0,0,1,0,0,0,0,0,0,0,1,2023-04-14,0,0.0,0.0,0.0
TXN_1116119,0,0,0,0,0,0,1,0,0,0,1,2023-08-07,0,0.75,0.75,0.625
TXN_3471223,0,1,0,0,0,0,0,0,0,0,1,2023-10-08,0,0.0,0.25,0.041666666666666664
TXN_4491072,0,0,0,0,0,0,1,0,0,1,0,2023-12-03,1,0.75,0.75,0.625
TXN_2053993,0,0,0,0,0,0,0,1,0,1,0,2023-09-21,1,0.25,0.125,0.08333333333333333
TXN_9086709,1,0,0,0,0,0,0,0,0,0,1,2023-05-04,0,0.0,0.5,0.08333333333333333
TXN_1646009,0,0,0,0,1,0,0,0,0,1,0,2023-10-11,1,0.75,1.0,0.7916666666666666
TXN_8692653,0,0,0,1,0,0,0,0,1,0,0,2023-11-01,1,0.25,0.5,0.20833333333333331
TXN_5021925,0,0,0,0,0,0,0,1,1,0,0,2023-05-07,0,0.75,0.125,0.20833333333333331
TXN_1104849,0,0,0,0,0,0,1,0,0,0,1,2023-07-05,1,0.75,0.75,0.625
TXN_6358073,0,0,0,0,0,1,0,0,1,0,0,2023-11-23,0,0.5,0.75,0.4583333333333333
TXN_7764154,0,0,0,0,1,0,0,0,0,1,0,2023-12-09,1,0.25,1.0,0.375
TXN_5410185,1,0,0,0,0,0,0,0,0,1,0,2023-02-22,0,0.5,0.5,0.3333333333333333
TXN_5651348,0,0,0,0,1,0,0,0,1,0,0,2023-11-04,1,0.5,1.0,0.5833333333333333
TXN_2178735,0,0,0,1,0,0,0,0,0,1,0,2023-07-24,1,0.5,0.5,0.3333333333333333
TXN_4125165,0,1,0,0,0,0,0,0,1,0,0,2023-04-16,0,1.0,0.25,0.375
TXN_5014959,0,0,1,0,0,0,0,0,0,1,0,2023-11-28,0,0.25,0.0,0.041666666666666664
TXN_8811565,0,0,0,1,0,0,0,0,0,1,0,2023-10-01,0,1.0,0.5,0.5833333333333333
TXN_9868382,0,1,0,0,0,0,0,0,0,0,1,2023-06-02,1,0.25,0.25,0.125
TXN_2924611,0,0,0,1,0,0,0,0,1,0,0,2023-04-19,1,0.5,0.5,0.3333333333333333
TXN_7063124,1,0,0,0,0,0,0,0,0,0,1,2023-04-10,1,0.0,0.5,0.08333333333333333
TXN_2291079,0,1,0,0,0,0,0,0,1,0,0,2023-10-07,1,0.0,0.25,0.041666666666666664
TXN_5348445,0,0,0,0,1,0,0,0,0,0,1,2023-11-15,0,1.0,1.0,1.0
TXN_8920751,0,0,0,0,0,0,0,1,0,1,0,2023-04-20,0,0.25,0.125,0.08333333333333333
TXN_7215985,0,0,0,0,0,0,0,1,0,1,0,2023-08-07,0,0.75,0.125,0.20833333333333331
TXN_7448296,0,0,1,0,0,0,0,0,0,1,0,2023-11-15,0,0.0,0.0,0.0
TXN_2625324,0,1,0,0,0,0,0,0,0,1,0,2023-09-02,1,0.0,0.25,0.041666666666666664
TXN_3542902,0,0,0,0,0,0,1,0,1,0,0,2023-06-10,0,0.0,0.75,0.125
TXN_1494608,0,0,0,0,0,0,0,1,0,1,0,2023-05-07,0,0.5,0.125,0.14583333333333331
TXN_7615147,0,0,0,0,0,1,0,0,1,0,0,2023-05-19,0,0.75,0.75,0.625
TXN_7225428,0,0,0,0,0,0,0,1,0,1,0,2023-03-07,1,0.25,0.125,0.08333333333333333
TXN_3426892,0,0,0,0,1,0,0,0,0,1,0,2023-05-23,0,0.75,1.0,0.7916666666666666
TXN_5892508,0,0,0,0,0,0,1,0,0,1,0,2023-03-21,1,0.0,0.75,0.125
TXN_5546684,0,1,0,0,0,0,0,0,0,1,0,2023-10-02,0,0.0,0.25,0.041666666666666664
TXN_6846047,0,0,0,0,1,0,0,0,0,0,1,2023-04-02,1,0.0,1.0,0.16666666666666666
TXN_5373527,0,0,0,0,0,1,0,0,0,0,1,2023-06-26,0,0.25,0.75,0.29166666666666663
TXN_6402128,0,0,0,0,0,1,0,0,0,0,1,2023-11-09,0,0.75,0.75,0.625
TXN_5009706,0,0,0,0,0,1,0,0,0,0,1,2023-09-20,0,0.25,0.75,0.29166666666666663
TXN_7223120,0,0,0,1,0,0,0,0,1,0,0,2023-03-13,1,0.0,0.5,0.08333333333333333
TXN_1991104,0,0,0,1,0,0,0,0,0,0,1,2023-11-29,1,0.25,0.5,0.20833333333333331
TXN_3380698,0,1,0,0,0,0,0,0,0,1,0,2023-12-15,1,0.5,0.25,0.20833333333333331
TXN_9084554,0,0,0,0,0,0,1,0,0,1,0,2023-06-08,0,0.75,0.75,0.625
TXN_2996948,0,0,0,0,0,0,1,0,0,0,1,2023-06-25,1,0.5,0.75,0.4583333333333333
TXN_1148945,0,1,0,0,0,0,0,0,0,0,1,2023-09-05,1,0.0,0.25,0.041666666666666664
TXN_2078577,0,0,0,0,0,0,0,1,0,1,0,2023-01-31,0,0.75,0.125,0.20833333333333331
TXN_4007285,0,0,0,0,0,1,0,0,0,0,1,2023-01-16,0,1.0,0.75,0.7916666666666666
TXN_2336708,1,0,0,0,0,0,0,0,1,0,0,2023-06-16,0,0.25,0.5,0.20833333333333331
TXN_1512118,0,0,0,0,1,0,0,0,1,0,0,2023-03-01,0,0.75,1.0,0.7916666666666666
TXN_6077816,1,0,0,0,0,0,0,0,0,1,0,2023-09-26,1,0.5,0.5,0.3333333333333333
TXN_5136936,1,0,0,0,0,0,0,0,1,0,0,2023-08-24,0,0.5,0.5,0.3333333333333333
TXN_8623443,0,0,0,0,1,0,0,0,0,1,0,2023-09-04,0,0.5,1.0,0.5833333333333333
TXN_5654490,0,0,0,0,0,0,0,1,0,1,0,2023-05-22,0,0.75,0.125,0.20833333333333331
TXN_4033888,0,0,0,0,0,1,0,0,1,0,0,2023-02-04,0,0.25,0.75,0.29166666666666663
TXN_4591512,0,0,0,0,0,0,0,1,1,0,0,2023-08-11,1,0.25,0.125,0.08333333333333333
TXN_6886495,0,0,1,0,0,0,0,0,1,0,0,2023-08-07,1,0.75,0.0,0.125
TXN_9218683,1,0,0,0,0,0,0,0,0,0,1,2023-11-07,0,0.25,0.5,0.20833333333333331
TXN_2153529,0,0,1,0,0,0,0,0,0,1,0,2023-09-11,1,0.0,0.0,0.0
TXN_7880148,1,0,0,0,0,0,0,0,0,1,0,2023-12-12,1,0.5,0.5,0.3333333333333333
TXN_3688181,1,0,0,0,0,0,0,0,1,0,0,2023-08-23,1,0.0,0.5,0.08333333333333333
TXN_2482129,0,0,0,1,0,0,0,0,1,0,0,2023-12-12,1,0.0,0.5,0.08333333333333333
TXN_4187420,1,0,0,0,0,0,0,0,0,0,1,2023-01-31,0,0.5,0.5,0.3333333333333333
TXN_4146452,0,0,0,0,0,0,1,0,0,1,0,2023-05-31,1,0.0,0.75,0.125
TXN_9553579,1,0,0,0,0,0,0,0,0,1,0,2023-10-03,0,0.25,0.5,0.20833333333333331
TXN_3854285,0,0,0,0,1,0,0,0,1,0,0,2023-07-18,1,0.5,1.0,0.5833333333333333
TXN_5614488,0,0,0,0,0,1,0,0,0,1,0,2023-07-22,1,0.0,0.75,0.125
TXN_6187083,1,0,0,0,0,0,0,0,0,0,1,2023-06-02,0,1.0,0.5,0.5833333333333333
TXN_1521486,0,0,0,0,1,0,0,0,0,0,1,2023-01-28,1,0.75,1.0,0.7916666666666666
TXN_6868182,0,0,0,0,0,1,0,0,0,1,0,2023-01-02,0,1.0,0.75,0.7916666666666666
TXN_6035534,0,0,0,0,1,0,0,0,0,1,0,2023-12-18,0,0.75,1.0,0.7916666666666666
TXN_8781128,0,0,0,0,0,1,0,0,0,0,1,2023-05-24,1,1.0,0.75,0.7916666666666666
TXN_7670743,0,0,0,0,1,0,0,0,1,0,0,2023-04-28,0,0.75,1.0,0.7916666666666666
TXN_7201724,0,0,0,0,1,0,0,0,1,0,0,2023-03-20,1,0.0,1.0,0.16666666666666666
TXN_2881199,0,0,0,0,0,0,1,0,0,0,1,2023-03-05,1,0.0,0.75,0.125
TXN_3616362,0,0,0,0,0,0,1,0,0,0,1,2023-12-02,0,1.0,0.75,0.7916666666666666
TXN_6113876,1,0,0,0,0,0,0,0,1,0,0,2023-03-01,0,0.5,0.5,0.3333333333333333
TXN_6007079,0,0,1,0,0,0,0,0,0,1,0,2023-10-09,0,0.25,0.0,0.041666666666666664
TXN_3163383,0,0,0,0,0,0,0,1,0,0,1,2023-10-24,0,0.25,0.125,0.08333333333333333
TXN_1413304,0,0,0,0,1,0,0,0,0,1,0,2023-03-17,1,1.0,1.0,1.0
TXN_4907812,0,0,0,0,0,1,0,0,0,0,1,2023-08-11,0,0.25,0.75,0.29166666666666663
TXN_7894514,1,0,0,0,0,0,0,0,0,0,1,2023-09-25,1,0.0,0.5,0.08333333333333333
TXN_6450138,1,0,0,0,0,0,0,0,0,1,0,2023-04-13,1,0.0,0.5,0.08333333333333333
TXN_9874588,0,0,0,0,0,1,0,0,0,1,0,2023-06-04,1,0.25,0.75,0.29166666666666663
TXN_6732989,0,0,0,0,1,0,0,0,0,1,0,2023-04-29,1,0.25,1.0,0.375
TXN_5442610,0,0,0,1,0,0,0,0,1,0,0,2023-12-10,1,0.25,0.5,0.20833333333333331
TXN_2155368,0,0,1,0,0,0,0,0,0,0,1,2023-02-06,1,0.25,0.0,0.041666666666666664
TXN_5236892,1,0,0,0,0,0,0,0,0,0,1,2023-03-09,1,0.0,0.5,0.08333333333333333
TXN_9328595,0,0,0,0,0,0,0,1,1,0,0,2023-10-24,0,0.25,0.125,0.08333333333333333
TXN_1324930,0,0,0,0,0,1,0,0,0,1,0,2023-01-11,1,1.0,0.75,0.7916666666666666
TXN_6148397,0,0,0,0,0,0,0,1,0,0,1,2023-03-20,0,0.75,0.125,0.20833333333333331
TXN_8298711,0,1,0,0,0,0,0,0,1,0,0,2023-01-26,1,0.5,0.25,0.20833333333333331
TXN_7085875,0,0,0,1,0,0,0,0,0,0,1,2023-08-23,0,0.5,0.5,0.3333333333333333
TXN_3857768,0,1,0,0,0,0,0,0,0,1,0,2023-01-04,0,0.25,0.25,0.125
TXN_5474440,1,0,0,0,0,0,0,0,0,1,0,2023-11-08,0,0.25,0.5,0.20833333333333331
TXN_6057379,0,0,0,0,1,0,0,0,0,1,0,2023-03-18,1,1.0,1.0,1.0
TXN_4637070,0,0,0,0,0,0,0,1,0,1,0,2023-06-13,0,0.5,0.125,0.14583333333333331
TXN_9313535,0,0,1,0,0,0,0,0,0,0,1,2023-06-04,1,0.0,0.0,0.0
TXN_8161873,0,0,0,0,0,0,0,1,0,0,1,2023-02-08,1,0.0,0.125,0.020833333333333332
TXN_5441196,0,0,0,0,0,0,0,1,1,0,0,2023-05-24,0,0.0,0.125,0.020833333333333332
TXN_9626053,0,0,0,0,1,0,0,0,1,0,0,2023-08-11,1,0.0,1.0,0.16666666666666666
TXN_7026504,0,0,0,0,0,1,0,0,0,1,0,2023-03-29,0,1.0,0.75,0.7916666666666666
TXN_4114843,0,0,0,0,0,1,0,0,1,0,0,2023-05-17,0,0.25,0.75,0.29166666666666663
TXN_6622954,0,0,0,0,0,0,1,0,1,0,0,2023-01-13,0,0.25,0.75,0.29166666666666663
TXN_5509088,0,0,0,0,0,1,0,0,0,0,1,2023-08-28,0,0.5,0.75,0.4583333333333333
TXN_5583534,0,0,1,0,0,0,0,0,1,0,0,2023-10-31,1,0.25,0.0,0.041666666666666664
TXN_1438257,0,0,0,0,1,0,0,0,0,1,0,2023-06-13,1,0.75,1.0,0.7916666666666666
TXN_6428593,0,0,0,0,0,0,0,1,1,0,0,2023-09-06,0,1.0,0.125,0.2708333333333333
TXN_4257830,0,0,1,0,0,0,0,0,0,1,0,2023-08-04,0,1.0,0.0,0.16666666666666666
TXN_8780340,1,0,0,0,0,0,0,0,0,1,0,2023-08-29,0,1.0,0.5,0.5833333333333333
TXN_5801294,0,0,0,0,1,0,0,0,1,0,0,2023-10-20,1,0.0,1.0,0.16666666666666666
TXN_4315988,0,0,0,0,1,0,0,0,1,0,0,2023-04-12,1,0.25,1.0,0.375
TXN_3963927,0,0,0,0,0,1,0,0,0,1,0,2023-01-03,0,0.75,0.75,0.625
TXN_2906443,1,0,0,0,0,0,0,0,0,0,1,2023-08-14,1,0.75,0.5,0.4583333333333333
TXN_2660295,0,0,1,0,0,0,0,0,1,0,0,2023-12-06,1,0.5,0.0,0.08333333333333333
TXN_7023528,0,0,0,0,0,0,0,1,1,0,0,2023-10-28,0,1.0,0.125,0.2708333333333333
TXN_5419862,0,0,0,1,0,0,0,0,0,0,1,2023-05-29,0,1.0,0.5,0.5833333333333333
TXN_9124680,0,0,1,0,0,0,0,0,1,0,0,2023-10-03,1,0.25,0.0,0.041666666666666664
TXN_7853635,0,0,0,0,1,0,0,0,0,0,1,2023-02-16,1,0.5,1.0,0.5833333333333333
TXN_2009893,0,0,0,0,0,0,1,0,0,0,1,2023-12-06,1,0.5,0.75,0.4583333333333333
TXN_3516263,1,0,0,0,0,0,0,0,0,0,1,2023-09-23,0,0.25,0.5,0.20833333333333331
TXN_1591640,1,0,0,0,0,0,0,0,1,0,0,2023-05-26,0,0.25,0.5,0.20833333333333331
TXN_9358958,0,0,0,0,0,0,1,0,0,1,0,2023-05-08,1,0.0,0.75,0.125
TXN_3008336,0,0,0,0,0,1,0,0,0,1,0,2023-07-27,1,1.0,0.75,0.7916666666666666
TXN_7401710,0,0,0,0,0,1,0,0,1,0,0,2023-10-24,1,1.0,0.75,0.7916666666666666
TXN_2176727,0,0,0,0,0,0,0,1,0,0,1,2023-07-26,1,0.0,0.125,0.020833333333333332
TXN_5595717,0,0,0,1,0,0,0,0,0,1,0,2023-06-16,0,0.25,0.5,0.20833333333333331
TXN_1697018,0,0,0,1,0,0,0,0,0,0,1,2023-07-02,0,0.75,0.5,0.4583333333333333
TXN_1910957,0,0,0,0,0,0,0,1,1,0,0,2023-07-25,1,1.0,0.125,0.2708333333333333
TXN_2667225,0,0,0,0,1,0,0,0,1,0,0,2023-11-21,0,0.25,1.0,0.375
TXN_3152531,0,1,0,0,0,0,0,0,0,1,0,2023-11-24,0,0.5,0.25,0.20833333333333331
TXN_8605958,0,0,0,0,0,1,0,0,1,0,0,2023-06-09,1,1.0,0.75,0.7916666666666666
TXN_5033045,0,0,0,0,1,0,0,0,0,0,1,2023-04-21,0,0.5,1.0,0.5833333333333333
TXN_7527249,0,0,0,0,0,0,0,1,0,1,0,2023-03-29,1,0.5,0.125,0.14583333333333331
TXN_9159212,0,0,0,0,0,0,1,0,0,0,1,2023-01-12,1,0.5,0.75,0.4583333333333333
TXN_6881523,0,0,0,1,0,0,0,0,0,0,1,2023-02-24,1,1.0,0.5,0.5833333333333333
TXN_9725369,0,1,0,0,0,0,0,0,0,1,0,2023-02-10,1,0.5,0.25,0.20833333333333331
TXN_3282436,0,0,0,0,1,0,0,0,0,1,0,2023-12-14,0,1.0,1.0,1.0
TXN_4206256,0,0,0,0,0,0,1,0,0,1,0,2023-10-10,0,0.5,0.75,0.4583333333333333
TXN_8465274,1,0,0,0,0,0,0,0,0,0,1,2023-02-01,1,0.5,0.5,0.3333333333333333
TXN_1286779,0,0,0,0,0,0,1,0,0,1,0,2023-04-13,1,0.75,0.75,0.625
TXN_7216922,0,0,0,1,0,0,0,0,0,0,1,2023-06-26,0,1.0,0.5,0.5833333333333333
TXN_8330446,0,0,0,0,0,0,1,0,0,1,0,2023-08-06,0,0.5,0.75,0.4583333333333333
TXN_1282260,0,0,0,0,0,1,0,0,0,0,1,2023-07-21,1,1.0,0.75,0.7916666666666666
TXN_9582716,1,0,0,0,0,0,0,0,0,1,0,2023-04-09,0,0.25,0.5,0.20833333333333331
TXN_9769410,0,0,0,0,1,0,0,0,1,0,0,2023-07-22,0,0.0,1.0,0.16666666666666666
TXN_7482583,0,0,0,0,0,0,0,1,0,1,0,2023-01-04,0,1.0,0.125,0.2708333333333333
TXN_3865224,0,1,0,0,0,0,0,0,0,0,1,2023-07-25,0,0.5,0.25,0.20833333333333331
TXN_8135614,0,0,0,1,0,0,0,0,0,0,1,2023-01-28,1,0.25,0.5,0.20833333333333331
TXN_9603131,0,0,0,0,0,0,1,0,0,1,0,2023-08-19,1,1.0,0.75,0.7916666666666666
TXN_1437083,0,0,0,0,0,0,1,0,0,1,0,2023-03-15,0,0.25,0.75,0.29166666666666663
TXN_2955040,0,0,0,1,0,0,0,0,0,0,1,2023-03-21,0,1.0,0.5,0.5833333333333333
TXN_2413626,1,0,0,0,0,0,0,0,0,1,0,2023-11-06,1,0.0,0.5,0.08333333333333333
TXN_1568657,0,1,0,0,0,0,0,0,1,0,0,2023-06-30,1,0.25,0.25,0.125
TXN_3392848,1,0,0,0,0,0,0,0,1,0,0,2023-04-03,0,0.25,0.5,0.20833333333333331
TXN_7027905,0,0,0,0,0,1,0,0,0,1,0,2023-07-17,0,0.0,0.75,0.125
TXN_8808034,0,0,0,0,0,0,1,0,1,0,0,2023-08-09,0,0.25,0.75,0.29166666666666663
TXN_1663113,0,0,0,0,0,0,1,0,0,1,0,2023-12-24,1,0.75,0.75,0.625
TXN_1544070,0,1,0,0,0,0,0,0,0,0,1,2023-09-05,1,1.0,0.25,0.375
TXN_6189334,0,0,0,0,0,1,0,0,1,0,0,2023-01-12,0,0.0,0.75,0.125
TXN_3412490,1,0,0,0,0,0,0,0,1,0,0,2023-08-29,0,0.25,0.5,0.20833333333333331
TXN_1852586,1,0,0,0,0,0,0,0,1,0,0,2023-12-18,0,1.0,0.5,0.5833333333333333
TXN_3803732,0,0,0,0,1,0,0,0,0,0,1,2023-01-08,1,0.75,1.0,0.7916666666666666
TXN_3410971,0,0,0,0,0,0,1,0,0,1,0,2023-01-02,1,0.0,0.75,0.125
TXN_6467618,0,0,0,0,0,0,0,1,1,0,0,2023-10-12,1,0.5,0.125,0.14583333333333331
TXN_6908287,0,0,1,0,0,0,0,0,1,0,0,2023-08-04,0,0.0,0.0,0.0
TXN_2726700,0,0,0,0,0,0,0,1,0,0,1,2023-04-10,1,0.25,0.125,0.08333333333333333
TXN_1803889,0,0,0,0,1,0,0,0,0,0,1,2023-06-23,1,0.75,1.0,0.7916666666666666
TXN_6829707,0,0,0,0,0,1,0,0,1,0,0,2023-08-17,1,0.0,0.75,0.125
TXN_7303706,0,1,0,0,0,0,0,0,1,0,0,2023-12-14,0,0.25,0.25,0.125
TXN_1730647,0,0,0,1,0,0,0,0,0,0,1,2023-01-18,0,1.0,0.5,0.5833333333333333
TXN_9691018,0,0,0,0,0,1,0,0,0,0,1,2023-07-21,1,0.25,0.75,0.29166666666666663
TXN_5480564,0,0,0,0,1,0,0,0,0,0,1,2023-05-28,0,0.5,1.0,0.5833333333333333
TXN_4090904,0,0,0,0,0,0,0,1,0,0,1,2023-08-04,0,1.0,0.125,0.2708333333333333
TXN_9138791,1,0,0,0,0,0,0,0,0,0,1,2023-03-22,0,0.0,0.5,0.08333333333333333
TXN_2367947,0,0,0,0,0,0,1,0,1,0,0,2023-05-13,1,1.0,0.75,0.7916666666666666
TXN_4936135,0,1,0,0,0,0,0,0,1,0,0,2023-12-08,0,0.75,0.25,0.29166666666666663
TXN_5311015,0,0,0,0,0,0,1,0,1,0,0,2023-05-11,0,0.5,0.75,0.4583333333333333
TXN_2473090,0,0,0,0,0,1,0,0,0,1,0,2023-03-03,0,0.25,0.125,0.08333333333333333
TXN_8808631,0,0,0,0,0,1,0,0,0,0,1,2023-03-26,1,1.0,0.75,0.7916666666666666
TXN_8703212,0,1,0,0,0,0,0,0,0,1,0,2023-04-17,1,0.25,0.25,0.125
TXN_7732920,0,0,0,0,0,1,0,0,1,0,0,2023-02-11,1,1.0,0.75,0.7916666666666666
TXN_4496665,0,0,0,0,0,1,0,0,0,0,1,2023-12-10,1,0.25,0.75,0.29166666666666663
TXN_5041555,0,0,0,0,0,0,0,1,0,0,1,2023-08-26,1,0.75,0.125,0.20833333333333331
TXN_6816094,0,0,0,0,0,0,0,1,0,1,0,2023-12-30,0,0.75,0.125,0.20833333333333331
TXN_8209794,0,1,0,0,0,0,0,0,0,1,0,2023-10-25,1,1.0,0.25,0.375
TXN_4135454,0,0,0,0,0,1,0,0,0,1,0,2023-07-23,0,0.75,0.75,0.625
TXN_3942164,0,1,0,0,0,0,0,0,0,1,0,2023-07-12,1,0.75,0.25,0.29166666666666663
TXN_2761542,0,0,1,0,0,0,0,0,0,1,0,2023-10-15,0,0.75,0.0,0.125
TXN_7948095,0,0,0,0,1,0,0,0,0,1,0,2023-07-18,1,1.0,1.0,1.0
TXN_3330687,1,0,0,0,0,0,0,0,1,0,0,2023-12-26,0,1.0,0.5,0.5833333333333333
TXN_9822317,0,0,0,0,0,0,0,1,1,0,0,2023-09-25,0,0.5,0.125,0.14583333333333331
TXN_6243479,0,0,0,0,0,1,0,0,0,0,1,2023-09-18,0,1.0,0.75,0.7916666666666666
TXN_9296807,0,1,0,0,0,0,0,0,0,1,0,2023-12-20,1,0.5,0.25,0.20833333333333331
TXN_7626939,0,1,0,0,0,0,0,0,0,1,0,2023-07-21,0,1.0,0.25,0.375
TXN_5354746,0,1,0,0,0,0,0,0,0,0,1,2023-03-06,1,0.75,0.25,0.29166666666666663
TXN_1235969,0,0,1,0,0,0,0,0,0,0,1,2023-07-08,0,0.0,0.0,0.0
TXN_4240796,0,0,0,1,0,0,0,0,1,0,0,2023-03-28,1,0.75,0.5,0.4583333333333333
TXN_3736798,0,1,0,0,0,0,0,0,0,0,1,2023-07-01,0,0.75,0.25,0.29166666666666663
TXN_9102030,0,0,0,0,0,0,1,0,0,0,1,2023-10-16,0,0.75,0.75,0.625
TXN_8118419,1,0,0,0,0,0,0,0,0,0,1,2023-12-03,1,0.5,0.5,0.3333333333333333
TXN_3089814,1,0,0,0,0,0,0,0,0,0,1,2023-03-25,0,1.0,0.5,0.5833333333333333
TXN_6719521,0,0,0,0,1,0,0,0,1,0,0,2023-08-03,0,1.0,1.0,1.0
TXN_6530795,0,0,1,0,0,0,0,0,0,1,0,2023-04-30,0,0.0,0.0,0.0
TXN_4176373,0,0,1,0,0,0,0,0,1,0,0,2023-03-28,1,0.5,0.0,0.08333333333333333
TXN_7230500,0,0,0,1,0,0,0,0,0,1,0,2023-12-12,1,0.5,0.5,0.3333333333333333
TXN_7094898,0,0,0,0,1,0,0,0,1,0,0,2023-06-20,1,0.75,1.0,0.7916666666666666
TXN_2400518,0,0,0,1,0,0,0,0,0,1,0,2023-02-04,1,0.5,0.5,0.3333333333333333
TXN_5349288,0,1,0,0,0,0,0,0,0,0,1,2023-11-20,1,0.75,0.25,0.29166666666666663
TXN_6806290,0,0,0,0,1,0,0,0,1,0,0,2023-05-02,0,0.5,1.0,0.5833333333333333
TXN_6191123,0,0,1,0,0,0,0,0,0,0,1,2023-03-01,1,0.25,0.0,0.041666666666666664
TXN_5386752,0,0,0,0,1,0,0,0,0,0,1,2023-12-07,0,0.75,1.0,0.7916666666666666
TXN_1022523,0,0,0,0,1,0,0,0,1,0,0,2023-11-25,0,0.75,1.0,0.7916666666666666
TXN_3125997,0,0,0,1,0,0,0,0,0,0,1,2023-10-19,1,0.75,0.5,0.4583333333333333
TXN_9906002,0,0,0,0,0,0,1,0,0,0,1,2023-07-13,0,0.5,0.75,0.4583333333333333
TXN_6202015,0,0,1,0,0,0,0,0,0,1,0,2023-08-22,1,0.25,0.0,0.041666666666666664
TXN_6928137,1,0,0,0,0,0,0,0,0,0,1,2023-10-11,0,0.5,0.5,0.3333333333333333
TXN_3003809,0,1,0,0,0,0,0,0,1,0,0,2023-04-21,1,0.75,0.25,0.29166666666666663
TXN_5913013,0,0,1,0,0,0,0,0,0,1,0,2023-11-29,1,0.25,0.0,0.041666666666666664
TXN_7433269,0,0,0,0,0,0,0,1,1,0,0,2023-05-18,0,0.0,0.125,0.020833333333333332
TXN_3103972,1,0,0,0,0,0,0,0,1,0,0,2023-03-01,1,0.0,0.5,0.08333333333333333
TXN_9081115,0,0,0,1,0,0,0,0,0,0,1,2023-12-04,0,0.5,0.5,0.3333333333333333
TXN_1054915,0,0,1,0,0,0,0,0,1,0,0,2023-01-22,0,1.0,0.0,0.16666666666666666
TXN_2633600,0,0,0,0,1,0,0,0,1,0,0,2023-11-28,1,1.0,1.0,1.0
TXN_4631695,0,0,1,0,0,0,0,0,0,1,0,2023-11-18,0,1.0,0.0,0.16666666666666666
TXN_3121271,0,0,0,0,0,0,1,0,0,1,0,2023-08-13,1,0.25,0.75,0.29166666666666663
TXN_4613883,0,0,0,0,0,0,0,1,1,0,0,2023-05-21,0,0.0,0.125,0.020833333333333332
TXN_2766651,1,0,0,0,0,0,0,0,1,0,0,2023-05-11,0,0.5,0.5,0.3333333333333333
TXN_2166064,0,1,0,0,0,0,0,0,0,1,0,2023-02-08,0,0.75,0.25,0.29166666666666663
TXN_4617771,0,0,0,0,0,0,1,0,0,0,1,2023-09-10,1,0.75,0.75,0.625
TXN_9444461,0,0,0,0,0,1,0,0,1,0,0,2023-05-28,0,0.25,0.75,0.29166666666666663
TXN_4723978,0,0,1,0,0,0,0,0,0,0,1,2023-04-20,1,0.25,0.0,0.041666666666666664
TXN_1741325,0,0,0,0,0,0,0,1,0,1,0,2023-03-31,0,0.25,0.125,0.08333333333333333
TXN_9370294,1,0,0,0,0,0,0,0,0,1,0,2023-04-23,1,0.25,0.5,0.20833333333333331
TXN_9983356,0,0,0,0,0,1,0,0,0,0,1,2023-09-20,1,0.25,0.75,0.29166666666666663
TXN_8964527,0,0,0,0,0,1,0,0,0,0,1,2023-02-22,1,0.75,0.75,0.625
TXN_7696120,0,0,1,0,0,0,0,0,1,0,0,2023-11-14,0,0.0,0.0,0.0
TXN_3331437,0,1,0,0,0,0,0,0,1,0,0,2023-02-26,1,0.0,0.25,0.041666666666666664
TXN_6313325,0,0,1,0,0,0,0,0,0,0,1,2023-07-07,1,1.0,0.0,0.16666666666666666
TXN_9497634,0,0,0,1,0,0,0,0,1,0,0,2023-07-20,0,0.5,0.5,0.3333333333333333
TXN_9408993,0,0,0,0,0,1,0,0,0,0,1,2023-08-19,0,0.0,0.75,0.125
TXN_7810285,1,0,0,0,0,0,0,0,1,0,0,2023-10-25,1,0.75,0.5,0.4583333333333333
TXN_5322809,1,0,0,0,0,0,0,0,1,0,0,2023-04-30,0,0.25,0.5,0.20833333333333331
TXN_1961595,0,0,0,0,0,0,1,0,0,0,1,2023-07-02,0,1.0,0.75,0.7916666666666666
TXN_1200795,0,0,0,0,0,1,0,0,1,0,0,2023-08-18,0,0.0,0.75,0.125
TXN_8958073,0,0,0,0,0,0,1,0,0,0,1,2023-03-31,1,0.0,0.75,0.125
TXN_4114503,0,0,0,0,1,0,0,0,0,1,0,2023-11-07,1,1.0,1.0,1.0
TXN_4179561,0,0,1,0,0,0,0,0,0,0,1,2023-11-12,0,0.25,0.0,0.041666666666666664
TXN_5669113,0,0,0,0,0,1,0,0,0,0,1,2023-03-19,1,0.25,0.75,0.29166666666666663
TXN_7574828,0,1,0,0,0,0,0,0,0,1,0,2023-09-24,0,0.25,0.25,0.125
TXN_9056301,0,0,1,0,0,0,0,0,0,1,0,2023-03-02,1,0.25,0.0,0.041666666666666664
TXN_8530924,0,0,0,0,0,1,0,0,0,1,0,2023-08-05,1,0.25,0.75,0.29166666666666663
TXN_1505947,0,0,1,0,0,0,0,0,1,0,0,2023-11-21,0,0.5,0.0,0.08333333333333333
TXN_2114258,0,0,1,0,0,0,0,0,0,0,1,2023-12-04,0,0.0,0.0,0.0
TXN_5965422,0,1,0,0,0,0,0,0,0,1,0,2023-06-20,0,0.25,0.25,0.125
TXN_6910030,0,1,0,0,0,0,0,0,0,0,1,2023-07-09,1,0.75,0.25,0.29166666666666663
TXN_3713626,0,0,0,0,0,1,0,0,1,0,0,2023-12-24,1,0.25,0.75,0.29166666666666663
TXN_5753095,0,0,0,0,0,1,0,0,1,0,0,2023-06-25,1,0.75,0.75,0.625
TXN_5538503,0,0,0,0,0,0,1,0,0,1,0,2023-09-05,0,0.25,0.75,0.29166666666666663
TXN_7609781,0,0,0,0,0,0,1,0,1,0,0,2023-03-13,0,0.5,0.75,0.4583333333333333
TXN_8398059,1,0,0,0,0,0,0,0,1,0,0,2023-10-15,1,0.0,0.5,0.08333333333333333
TXN_3755379,0,0,1,0,0,0,0,0,0,0,1,2023-11-19,0,0.25,0.0,0.041666666666666664
TXN_6565955,0,1,0,0,0,0,0,0,0,0,1,2023-12-29,0,0.5,0.25,0.20833333333333331
TXN_1792573,0,0,0,0,0,0,1,0,1,0,0,2023-12-07,1,1.0,0.75,0.7916666666666666
TXN_4812472,1,0,0,0,0,0,0,0,1,0,0,2023-09-16,0,0.25,0.5,0.20833333333333331
TXN_2923987,0,1,0,0,0,0,0,0,1,0,0,2023-03-28,1,0.75,0.25,0.29166666666666663
TXN_1789644,0,1,0,0,0,0,0,0,0,1,0,2023-02-16,0,0.75,0.25,0.29166666666666663
TXN_5050993,0,0,1,0,0,0,0,0,0,1,0,2023-02-06,1,0.75,0.0,0.125
TXN_9991225,1,0,0,0,0,0,0,0,0,1,0,2023-02-03,1,1.0,0.5,0.5833333333333333
TXN_8734476,0,0,0,0,0,0,0,1,1,0,0,2023-09-12,1,0.0,0.125,0.020833333333333332
TXN_6471962,0,0,0,0,0,1,0,0,1,0,0,2023-09-21,1,0.75,0.75,0.625
TXN_1981602,0,0,0,0,0,1,0,0,1,0,0,2023-09-04,0,0.75,0.75,0.625
TXN_4792702,0,0,0,0,0,1,0,0,1,0,0,2023-06-28,1,0.0,0.75,0.125
TXN_3572190,0,1,0,0,0,0,0,0,0,1,0,2023-03-05,1,1.0,0.25,0.375
TXN_6791398,0,1,0,0,0,0,0,0,0,1,0,2023-12-17,1,0.0,0.25,0.041666666666666664
TXN_8361255,1,0,0,0,0,0,0,0,1,0,0,2023-07-29,1,0.5,0.5,0.3333333333333333
TXN_1096690,0,0,0,0,0,0,1,0,0,1,0,2023-10-09,1,1.0,0.75,0.7916666666666666
TXN_1371554,0,0,0,0,0,1,0,0,1,0,0,2023-05-19,1,0.25,0.75,0.29166666666666663
TXN_5080213,0,1,0,0,0,0,0,0,0,0,1,2023-07-18,1,0.0,0.25,0.041666666666666664
TXN_5102956,1,0,0,0,0,0,0,0,0,1,0,2023-06-09,1,1.0,0.5,0.5833333333333333
TXN_5858988,0,0,0,1,0,0,0,0,0,1,0,2023-06-24,1,0.0,0.5,0.08333333333333333
TXN_1476066,0,0,0,0,0,0,1,0,0,0,1,2023-10-19,1,0.25,0.75,0.29166666666666663
TXN_6078834,0,0,0,0,0,0,1,0,0,0,1,2023-04-28,1,0.0,0.75,0.125
TXN_7812601,0,0,0,0,0,0,0,1,0,1,0,2023-11-15,1,0.25,0.125,0.08333333333333333
TXN_8186625,0,0,1,0,0,0,0,0,0,0,1,2023-07-21,1,0.0,0.0,0.0
TXN_3713976,0,0,0,1,0,0,0,0,1,0,0,2023-11-06,1,0.25,0.5,0.20833333333333331
TXN_2946829,0,0,1,0,0,0,0,0,0,0,1,2023-02-08,1,0.25,0.0,0.041666666666666664
TXN_8645889,0,0,0,0,1,0,0,0,1,0,0,2023-04-28,0,0.75,1.0,0.7916666666666666
TXN_8750849,1,0,0,0,0,0,0,0,0,1,0,2023-03-03,1,0.25,0.5,0.20833333333333331
TXN_2889344,0,0,0,0,0,1,0,0,1,0,0,2023-05-21,0,0.5,0.75,0.4583333333333333
TXN_4067814,0,0,0,0,0,0,0,1,1,0,0,2023-12-20,0,1.0,0.125,0.2708333333333333
TXN_2018654,0,0,0,0,1,0,0,0,1,0,0,2023-10-23,1,0.0,1.0,0.16666666666666666
TXN_1973716,0,0,0,0,1,0,0,0,0,1,0,2023-01-21,0,0.75,1.0,0.7916666666666666
TXN_1105589,0,1,0,0,0,0,0,0,1,0,0,2023-07-04,1,1.0,0.25,0.375
TXN_3727374,1,0,0,0,0,0,0,0,1,0,0,2023-04-10,0,0.25,0.5,0.20833333333333331
TXN_9155299,0,0,0,1,0,0,0,0,0,0,1,2023-02-09,1,0.5,0.5,0.3333333333333333
TXN_1346936,0,0,1,0,0,0,0,0,1,0,0,2023-10-10,0,1.0,0.0,0.16666666666666666
TXN_2089778,1,0,0,0,0,0,0,0,1,0,0,2023-06-12,0,0.0,0.5,0.08333333333333333
TXN_4896948,1,0,0,0,0,0,0,0,0,0,1,2023-10-11,0,0.75,0.5,0.4583333333333333
TXN_5375349,0,1,0,0,0,0,0,0,0,0,1,2023-11-13,1,0.0,0.25,0.041666666666666664
TXN_6206171,1,0,0,0,0,0,0,0,0,0,1,2023-03-19,1,0.0,0.5,0.08333333333333333
TXN_9256387,0,0,0,0,0,0,0,1,0,0,1,2023-05-31,0,1.0,0.125,0.2708333333333333
TXN_6915192,0,1,0,0,0,0,0,0,0,0,1,2023-12-09,0,0.75,0.25,0.29166666666666663
TXN_8908224,0,1,0,0,0,0,0,0,0,0,1,2023-08-21,0,0.75,0.25,0.29166666666666663
TXN_4988665,1,0,0,0,0,0,0,0,0,0,1,2023-12-16,1,0.0,0.5,0.08333333333333333
TXN_7740907,0,0,0,0,0,0,1,0,1,0,0,2023-02-11,0,1.0,0.75,0.7916666666666666
TXN_9596100,0,0,0,1,0,0,0,0,1,0,0,2023-05-04,1,0.75,0.5,0.4583333333333333
TXN_5019407,0,0,0,1,0,0,0,0,0,1,0,2023-04-17,0,0.75,0.5,0.4583333333333333
TXN_2482363,0,0,0,0,0,0,0,1,1,0,0,2023-08-06,0,0.5,0.125,0.14583333333333331
TXN_5412834,0,0,0,0,0,0,1,0,1,0,0,2023-07-13,1,0.75,0.75,0.625
TXN_1389258,0,0,0,0,1,0,0,0,1,0,0,2023-12-31,1,0.0,1.0,0.16666666666666666
TXN_3223187,0,1,0,0,0,0,0,0,0,1,0,2023-08-21,1,0.25,0.25,0.125
TXN_9288207,1,0,0,0,0,0,0,0,0,0,1,2023-05-16,1,0.75,0.5,0.4583333333333333
TXN_8300706,0,0,0,0,1,0,0,0,0,0,1,2023-12-23,1,0.25,1.0,0.375
TXN_8076559,1,0,0,0,0,0,0,0,1,0,0,2023-11-02,1,1.0,0.5,0.5833333333333333
TXN_2749266,0,0,0,0,0,1,0,0,0,0,1,2023-02-06,1,0.5,0.75,0.4583333333333333
TXN_4310310,1,0,0,0,0,0,0,0,1,0,0,2023-03-08,1,0.5,0.5,0.3333333333333333
TXN_5301689,1,0,0,0,0,0,0,0,1,0,0,2023-04-11,0,1.0,0.5,0.5833333333333333
TXN_9971927,0,0,0,0,0,0,1,0,0,1,0,2023-08-07,1,0.5,0.75,0.4583333333333333
TXN_9143440,0,1,0,0,0,0,0,0,0,0,1,2023-03-31,1,0.75,0.25,0.29166666666666663
TXN_6359777,0,0,0,0,0,1,0,0,0,0,1,2023-01-13,0,1.0,0.75,0.7916666666666666
TXN_2916209,1,0,0,0,0,0,0,0,0,1,0,2023-04-15,0,0.25,0.5,0.20833333333333331
TXN_6411716,1,0,0,0,0,0,0,0,0,1,0,2023-02-25,0,0.75,0.5,0.4583333333333333
TXN_7759607,0,0,0,0,0,1,0,0,0,0,1,2023-08-11,1,0.0,0.75,0.125
TXN_8441057,1,0,0,0,0,0,0,0,0,1,0,2023-11-04,1,0.75,0.5,0.4583333333333333
TXN_8283691,0,0,0,1,0,0,0,0,0,1,0,2023-01-25,0,0.5,0.5,0.3333333333333333
TXN_1154979,0,1,0,0,0,0,0,0,0,1,0,2023-12-11,0,0.5,0.25,0.20833333333333331
TXN_4258949,1,0,0,0,0,0,0,0,0,1,0,2023-03-07,0,0.25,0.5,0.20833333333333331
TXN_6129205,0,0,0,0,0,1,0,0,1,0,0,2023-07-20,0,1.0,0.75,0.7916666666666666
TXN_3444519,0,0,1,0,0,0,0,0,1,0,0,2023-03-10,1,0.75,0.0,0.125
TXN_6813508,0,0,0,0,1,0,0,0,1,0,0,2023-10-26,0,0.0,1.0,0.16666666666666666
TXN_5540986,1,0,0,0,0,0,0,0,0,0,1,2023-05-12,0,0.5,0.5,0.3333333333333333
TXN_4832513,0,0,1,0,0,0,0,0,0,1,0,2023-06-05,0,1.0,0.0,0.16666666666666666
TXN_6202035,0,0,0,0,0,0,0,1,1,0,0,2023-09-06,0,0.25,0.125,0.08333333333333333
TXN_4108120,0,1,0,0,0,0,0,0,1,0,0,2023-06-14,0,0.25,0.25,0.125
TXN_8466519,0,0,1,0,0,0,0,0,0,0,1,2023-08-31,1,0.0,0.0,0.0
TXN_5379385,0,1,0,0,0,0,0,0,0,1,0,2023-02-21,1,1.0,0.25,0.375
TXN_6782228,0,1,0,0,0,0,0,0,0,1,0,2023-08-18,1,0.75,0.25,0.29166666666666663
TXN_7268366,0,0,0,1,0,0,0,0,0,1,0,2023-12-14,0,1.0,0.5,0.5833333333333333
TXN_1180969,0,0,1,0,0,0,0,0,0,0,1,2023-01-06,0,0.0,0.0,0.0
TXN_3815345,0,0,1,0,0,0,0,0,1,0,0,2023-09-16,0,1.0,0.0,0.16666666666666666
TXN_7453213,0,1,0,0,0,0,0,0,0,1,0,2023-10-27,0,0.5,0.25,0.20833333333333331
TXN_9469533,0,0,1,0,0,0,0,0,1,0,0,2023-05-22,0,0.75,0.0,0.125
TXN_6492919,0,0,0,1,0,0,0,0,0,0,1,2023-09-24,1,0.5,0.5,0.3333333333333333
TXN_4356223,0,0,0,0,1,0,0,0,0,0,1,2023-11-23,1,0.5,1.0,0.5833333333333333
TXN_7515082,0,1,0,0,0,0,0,0,0,1,0,2023-10-21,0,0.25,0.25,0.125
TXN_7216161,0,0,0,0,0,0,0,1,0,1,0,2023-07-06,0,0.75,0.125,0.20833333333333331
TXN_2426782,0,1,0,0,0,0,0,0,0,1,0,2023-11-04,0,0.25,0.25,0.125
TXN_3484520,0,0,0,1,0,0,0,0,0,1,0,2023-08-15,1,0.5,0.5,0.3333333333333333
TXN_2806515,0,0,0,0,0,0,1,0,0,0,1,2023-12-31,0,0.75,0.75,0.625
TXN_7198128,1,0,0,0,0,0,0,0,0,0,1,2023-09-07,0,0.25,0.5,0.20833333333333331
TXN_6717061,0,0,0,0,1,0,0,0,0,1,0,2023-08-07,1,0.5,1.0,0.5833333333333333
TXN_3562350,0,1,0,0,0,0,0,0,0,0,1,2023-02-04,1,0.25,0.25,0.125
TXN_1987977,0,0,0,0,0,0,1,0,0,0,1,2023-11-16,1,0.25,0.75,0.29166666666666663
TXN_4250492,0,0,0,0,1,0,0,0,0,1,0,2023-09-29,1,1.0,1.0,1.0
TXN_2471972,0,0,1,0,0,0,0,0,1,0,0,2023-04-08,1,0.0,0.0,0.0
TXN_3060152,0,0,0,1,0,0,0,0,0,0,1,2023-02-07,0,1.0,0.5,0.5833333333333333
TXN_4651514,0,0,0,0,0,0,0,1,0,0,1,2023-03-28,0,0.25,0.125,0.08333333333333333
TXN_6555617,0,0,0,0,1,0,0,0,0,0,1,2023-12-27,1,0.25,1.0,0.375
TXN_7033977,0,0,0,0,0,1,0,0,0,1,0,2023-05-04,1,0.75,0.75,0.625
TXN_6899834,1,0,0,0,0,0,0,0,0,1,0,2023-01-27,1,0.5,0.5,0.3333333333333333
TXN_5031214,0,0,1,0,0,0,0,0,0,1,0,2023-07-29,1,1.0,0.0,0.16666666666666666
TXN_3427950,0,0,0,0,0,0,1,0,0,0,1,2023-02-23,0,1.0,0.75,0.7916666666666666
TXN_8817239,0,0,0,0,0,1,0,0,1,0,0,2023-01-29,0,1.0,0.75,0.7916666666666666
TXN_8543211,0,0,0,1,0,0,0,0,0,0,1,2023-11-30,1,0.5,0.5,0.3333333333333333
TXN_7538570,0,0,0,0,0,0,1,0,0,1,0,2023-04-18,1,0.75,0.75,0.625
TXN_8789116,0,0,0,0,1,0,0,0,0,0,1,2023-01-13,1,1.0,1.0,1.0
TXN_8930109,0,0,1,0,0,0,0,0,0,0,1,2023-05-17,1,1.0,0.0,0.16666666666666666
TXN_9799798,0,1,0,0,0,0,0,0,0,1,0,2023-05-23,1,1.0,0.25,0.375
TXN_8551432,0,0,0,0,0,0,0,1,0,1,0,2023-01-12,1,0.75,0.125,0.20833333333333331
TXN_8831813,0,0,0,0,0,0,1,0,0,0,1,2023-11-23,1,1.0,0.75,0.7916666666666666
TXN_5067373,0,0,1,0,0,0,0,0,1,0,0,2023-10-18,0,0.5,0.0,0.08333333333333333
TXN_5755839,0,0,0,0,0,1,0,0,0,1,0,2023-12-19,1,0.5,0.75,0.4583333333333333
TXN_1681153,0,0,0,1,0,0,0,0,1,0,0,2023-02-09,1,0.5,0.5,0.3333333333333333
TXN_4255503,0,1,0,0,0,0,0,0,0,0,1,2023-11-19,1,0.5,0.25,0.20833333333333331
TXN_6086709,0,0,0,1,0,0,0,0,0,1,0,2023-07-07,0,1.0,0.5,0.5833333333333333
TXN_2385697,0,1,0,0,0,0,0,0,1,0,0,2023-09-10,1,0.0,0.25,0.041666666666666664
TXN_9151321,0,0,0,0,0,1,0,0,1,0,0,2023-01-05,0,0.75,0.75,0.625
TXN_7369807,0,1,0,0,0,0,0,0,0,1,0,2023-02-22,0,0.75,0.25,0.29166666666666663
TXN_1602799,1,0,0,0,0,0,0,0,0,0,1,2023-03-23,1,0.75,0.5,0.4583333333333333
TXN_3336502,0,0,0,0,0,1,0,0,0,1,0,2023-05-04,1,0.5,0.75,0.4583333333333333
TXN_9579181,0,0,0,0,0,1,0,0,0,0,1,2023-05-24,0,0.0,0.75,0.125
TXN_7391267,1,0,0,0,0,0,0,0,0,0,1,2023-12-07,0,0.5,0.5,0.3333333333333333
TXN_1388606,1,0,0,0,0,0,0,0,0,0,1,2023-08-31,1,0.5,0.5,0.3333333333333333
TXN_2336857,1,0,0,0,0,0,0,0,1,0,0,2023-08-02,0,0.5,0.5,0.3333333333333333
TXN_9526867,0,0,1,0,0,0,0,0,0,0,1,2023-10-21,1,0.25,0.0,0.041666666666666664
TXN_4427348,1,0,0,0,0,0,0,0,1,0,0,2023-12-22,0,1.0,0.5,0.5833333333333333
TXN_5901180,0,0,1,0,0,0,0,0,0,0,1,2023-12-20,0,0.5,0.0,0.08333333333333333
TXN_4932018,0,0,0,0,0,1,0,0,0,0,1,2023-08-23,1,0.75,0.75,0.625
TXN_3224921,0,0,0,0,0,1,0,0,0,1,0,2023-04-06,0,1.0,0.75,0.7916666666666666
TXN_5792655,0,0,0,1,0,0,0,0,0,0,1,2023-12-21,1,0.0,0.5,0.08333333333333333
TXN_5566652,0,0,0,1,0,0,0,0,0,1,0,2023-09-16,0,1.0,0.5,0.5833333333333333
TXN_7782538,0,0,0,1,0,0,0,0,0,0,1,2023-08-15,1,0.25,0.5,0.20833333333333331
TXN_7478389,0,0,1,0,0,0,0,0,0,0,1,2023-10-13,1,1.0,0.0,0.16666666666666666
TXN_6108428,1,0,0,0,0,0,0,0,0,0,1,2023-05-08,1,0.5,0.5,0.3333333333333333
TXN_3615483,0,0,0,0,0,1,0,0,0,0,1,2023-09-08,0,0.25,0.75,0.29166666666666663
TXN_6404763,0,0,0,0,0,1,0,0,0,0,1,2023-11-13,1,1.0,0.75,0.7916666666666666
TXN_6060764,0,0,0,0,0,0,1,0,0,1,0,2023-01-14,0,0.5,0.75,0.4583333333333333
TXN_2269497,0,1,0,0,0,0,0,0,1,0,0,2023-08-14,1,1.0,0.25,0.375
TXN_8205107,0,0,0,0,0,0,1,0,0,1,0,2023-04-19,1,0.75,0.75,0.625
TXN_5290522,0,1,0,0,0,0,0,0,0,1,0,2023-02-16,1,0.25,0.25,0.125
TXN_8396271,0,0,1,0,0,0,0,0,0,0,1,2023-09-12,1,0.25,0.25,0.041666666666666664
TXN_5153686,0,1,0,0,0,0,0,0,1,0,0,2023-04-05,1,1.0,0.25,0.375
TXN_5237569,0,0,0,0,0,0,0,1,0,0,1,2023-10-11,0,0.5,0.125,0.14583333333333331
TXN_4915908,0,0,0,0,0,1,0,0,0,1,0,2023-06-06,0,1.0,0.75,0.7916666666666666
TXN_7146613,0,0,0,0,0,0,1,0,1,0,0,2023-08-01,1,0.0,0.75,0.125
TXN_8219519,0,0,0,0,0,0,0,1,0,1,0,2023-11-29,0,1.0,0.125,0.2708333333333333
TXN_7867311,0,0,0,0,0,0,1,0,1,0,0,2023-07-17,1,0.25,0.75,0.29166666666666663
TXN_4798534,0,0,0,0,1,0,0,0,0,0,1,2023-07-23,1,1.0,1.0,1.0
TXN_9844703,0,0,0,0,0,0,0,1,0,0,1,2023-05-18,0,0.25,0.125,0.08333333333333333
TXN_4147073,1,0,0,0,0,0,0,0,1,0,0,2023-06-16,1,0.75,0.5,0.4583333333333333
TXN_4203585,1,0,0,0,0,0,0,0,0,0,1,2023-09-03,1,0.25,0.5,0.20833333333333331
TXN_7222483,0,0,0,0,0,1,0,0,0,0,1,2023-05-02,1,1.0,0.75,0.7916666666666666
TXN_9996968,0,0,0,0,0,1,0,0,1,0,0,2023-10-14,0,0.0,0.75,0.125
TXN_4472156,0,0,1,0,0,0,0,0,0,0,1,2023-11-03,0,0.0,0.0,0.0
TXN_9121852,0,0,1,0,0,0,0,0,0,1,0,2023-09-22,0,0.0,0.0,0.0
TXN_7043825,0,0,0,1,0,0,0,0,1,0,0,2023-02-07,1,0.25,0.5,0.20833333333333331
TXN_2195630,0,0,0,0,0,1,0,0,0,1,0,2023-03-09,1,1.0,0.75,0.7916666666666666
TXN_2539318,0,0,0,0,0,1,0,0,0,0,1,2023-01-15,0,0.75,0.75,0.625
TXN_5788769,0,0,0,1,0,0,0,0,1,0,0,2023-07-19,0,0.0,0.5,0.08333333333333333
TXN_3628056,1,0,0,0,0,0,0,0,1,0,0,2023-07-09,0,0.75,0.5,0.4583333333333333
TXN_5735731,0,0,0,0,0,0,1,0,0,1,0,2023-01-22,1,0.25,0.75,0.29166666666666663
TXN_2424930,0,0,0,0,0,0,0,1,0,0,1,2023-01-20,1,1.0,0.125,0.2708333333333333
TXN_5856820,0,0,0,0,0,0,0,1,0,1,0,2023-07-18,1,0.25,0.125,0.08333333333333333
TXN_3753993,0,0,0,0,0,1,0,0,0,1,0,2023-04-01,1,1.0,0.75,0.7916666666666666
TXN_3001647,0,0,0,0,1,0,0,0,1,0,0,2023-07-01,0,0.0,1.0,0.16666666666666666
TXN_9354616,0,0,0,0,0,0,0,1,0,0,1,2023-01-27,1,0.75,0.125,0.20833333333333331
TXN_3749365,0,0,1,0,0,0,0,0,1,0,0,2023-01-19,0,0.5,0.0,0.08333333333333333
TXN_6900785,0,0,0,1,0,0,0,0,0,1,0,2023-09-25,1,0.0,0.5,0.08333333333333333
TXN_5775113,0,0,0,0,1,0,0,0,0,0,1,2023-10-23,1,0.0,1.0,0.16666666666666666
TXN_5268203,1,0,0,0,0,0,0,0,0,1,0,2023-03-04,1,0.0,0.5,0.08333333333333333
TXN_3483570,0,0,0,0,0,1,0,0,1,0,0,2023-03-21,1,0.25,0.75,0.29166666666666663
TXN_7406393,0,0,0,0,0,0,0,1,0,1,0,2023-06-18,1,1.0,0.125,0.2708333333333333
TXN_5226635,0,0,1,0,0,0,0,0,0,1,0,2023-02-01,1,0.75,0.0,0.125
TXN_5469063,0,1,0,0,0,0,0,0,0,0,1,2023-02-24,1,0.25,0.25,0.125
TXN_9278992,0,0,0,0,0,0,1,0,1,0,0,2023-12-15,1,0.75,0.75,0.625
TXN_4369292,1,0,0,0,0,0,0,0,0,1,0,2023-10-09,1,0.0,0.5,0.08333333333333333
TXN_6011884,0,0,0,0,0,0,0,1,0,1,0,2023-12-25,0,1.0,0.125,0.2708333333333333
TXN_2952715,0,0,0,0,0,0,1,0,1,0,0,2023-06-05,0,0.5,0.75,0.4583333333333333
TXN_3912727,0,0,0,0,0,0,0,1,0,0,1,2023-04-13,1,1.0,0.125,0.2708333333333333
TXN_1951569,0,0,0,0,1,0,0,0,0,0,1,2023-02-27,1,0.25,1.0,0.375
TXN_6983139,0,0,0,0,1,0,0,0,0,1,0,2023-12-18,1,0.25,1.0,0.375
TXN_6787560,1,0,0,0,0,0,0,0,0,0,1,2023-07-13,1,0.5,0.5,0.3333333333333333
TXN_5977414,1,0,0,0,0,0,0,0,0,1,0,2023-08-06,0,0.25,0.5,0.20833333333333331
TXN_8517379,1,0,0,0,0,0,0,0,0,0,1,2023-09-23,1,0.75,0.5,0.4583333333333333
TXN_5485384,0,0,0,0,0,1,0,0,0,0,1,2023-03-04,1,1.0,0.75,0.7916666666666666
TXN_9285663,0,0,1,0,0,0,0,0,0,1,0,2023-11-18,0,0.75,0.0,0.125
TXN_9074075,0,0,0,1,0,0,0,0,0,1,0,2023-08-14,1,1.0,0.5,0.5833333333333333
TXN_8050034,0,0,1,0,0,0,0,0,0,1,0,2023-07-29,0,0.75,0.0,0.125
TXN_8842223,0,0,0,0,0,1,0,0,0,0,1,2023-01-01,0,1.0,0.75,0.7916666666666666
TXN_5121322,0,0,0,0,0,1,0,0,0,1,0,2023-12-17,0,0.5,0.75,0.4583333333333333
TXN_3091582,0,0,0,0,0,1,0,0,0,0,1,2023-11-28,0,1.0,0.75,0.7916666666666666
TXN_8550184,0,0,0,1,0,0,0,0,0,0,1,2023-04-05,1,0.5,0.5,0.3333333333333333
TXN_7604352,0,1,0,0,0,0,0,0,0,1,0,2023-12-19,1,0.5,0.25,0.20833333333333331
TXN_6899248,1,0,0,0,0,0,0,0,0,1,0,2023-12-13,1,1.0,0.5,0.5833333333333333
TXN_2773491,0,0,0,0,1,0,0,0,1,0,0,2023-11-14,1,1.0,1.0,1.0
TXN_3071617,0,0,1,0,0,0,0,0,0,1,0,2023-12-15,0,0.75,0.0,0.125
TXN_3712466,1,0,0,0,0,0,0,0,0,0,1,2023-04-10,0,1.0,0.5,0.5833333333333333
TXN_3670298,0,0,1,0,0,0,0,0,0,1,0,2023-02-04,1,0.75,0.0,0.125
TXN_4901854,0,0,1,0,0,0,0,0,0,0,1,2023-04-23,1,1.0,0.0,0.16666666666666666
TXN_7590801,0,0,0,0,0,0,0,1,1,0,0,2023-10-07,1,0.75,0.125,0.20833333333333331
TXN_6962242,0,0,0,1,0,0,0,0,0,0,1,2023-06-30,1,0.0,0.5,0.08333333333333333
TXN_5780931,0,0,0,0,0,0,0,1,0,0,1,2023-10-06,1,0.75,0.125,0.20833333333333331
TXN_4563679,0,1,0,0,0,0,0,0,0,1,0,2023-09-11,0,0.75,0.25,0.29166666666666663
TXN_6290642,0,1,0,0,0,0,0,0,0,1,0,2023-12-23,1,0.75,0.25,0.29166666666666663
TXN_6177865,0,0,0,1,0,0,0,0,0,0,1,2023-01-30,0,1.0,0.5,0.5833333333333333
TXN_8115752,0,0,0,0,0,0,1,0,0,0,1,2023-06-27,1,0.25,0.75,0.29166666666666663
TXN_9253398,0,0,0,0,0,1,0,0,0,0,1,2023-12-14,1,0.25,0.75,0.29166666666666663
TXN_3116227,1,0,0,0,0,0,0,0,0,0,1,2023-05-30,1,0.0,0.5,0.08333333333333333
TXN_2494138,0,0,1,0,0,0,0,0,1,0,0,2023-01-10,1,0.5,0.0,0.08333333333333333
TXN_4889269,1,0,0,0,0,0,0,0,1,0,0,2023-02-19,0,0.25,0.5,0.20833333333333331
TXN_9503369,0,0,1,0,0,0,0,0,0,0,1,2023-08-26,1,0.0,0.0,0.0
TXN_6105240,0,0,0,1,0,0,0,0,0,0,1,2023-11-27,0,1.0,0.5,0.5833333333333333
TXN_8808162,0,0,0,0,0,0,1,0,0,0,1,2023-05-07,1,0.75,0.75,0.625
TXN_4548466,0,0,0,0,0,0,0,1,0,1,0,2023-11-30,1,0.75,0.125,0.20833333333333331
TXN_3195257,0,0,0,0,1,0,0,0,1,0,0,2023-10-09,0,0.0,1.0,0.16666666666666666
TXN_9835676,0,0,1,0,0,0,0,0,0,0,1,2023-03-30,1,0.25,0.0,0.041666666666666664
TXN_9728454,0,0,0,1,0,0,0,0,0,0,1,2023-01-03,1,0.75,0.5,0.4583333333333333
TXN_5907854,0,0,0,1,0,0,0,0,0,0,1,2023-11-11,0,0.5,0.5,0.3333333333333333
TXN_8685846,0,0,0,0,0,0,0,1,0,1,0,2023-12-27,0,1.0,0.125,0.2708333333333333
TXN_1726774,0,0,0,0,1,0,0,0,1,0,0,2023-11-16,1,0.5,1.0,0.5833333333333333
TXN_2594430,0,1,0,0,0,0,0,0,0,1,0,2023-05-18,0,0.0,0.25,0.041666666666666664
TXN_5750278,0,0,0,0,1,0,0,0,1,0,0,2023-06-08,1,0.5,1.0,0.5833333333333333
TXN_6714931,0,0,0,1,0,0,0,0,0,1,0,2023-07-02,0,0.5,0.5,0.3333333333333333
TXN_5537740,1,0,0,0,0,0,0,0,0,1,0,2023-04-30,1,0.5,0.5,0.3333333333333333
TXN_9433769,1,0,0,0,0,0,0,0,0,0,1,2023-08-13,0,0.75,0.5,0.4583333333333333
TXN_5944206,0,0,1,0,0,0,0,0,0,0,1,2023-05-12,1,1.0,0.0,0.16666666666666666
TXN_9212178,0,0,0,1,0,0,0,0,0,1,0,2023-11-18,1,0.0,0.5,0.08333333333333333
TXN_2915856,0,0,0,0,0,0,0,1,1,0,0,2023-06-19,0,0.0,0.125,0.020833333333333332
TXN_4376214,0,0,0,0,1,0,0,0,0,0,1,2023-04-26,1,1.0,1.0,1.0
TXN_9201212,0,0,0,0,0,0,1,0,0,0,1,2023-06-08,1,0.75,0.75,0.625
TXN_7752454,1,0,0,0,0,0,0,0,1,0,0,2023-08-14,0,0.5,0.5,0.3333333333333333
TXN_7055260,0,0,0,0,0,1,0,0,0,0,1,2023-06-20,0,0.75,0.75,0.625
TXN_4773465,0,1,0,0,0,0,0,0,0,0,1,2023-11-28,1,1.0,0.25,0.375
TXN_9087344,0,0,0,0,0,0,0,1,1,0,0,2023-07-29,1,1.0,0.125,0.2708333333333333
TXN_1757340,1,0,0,0,0,0,0,0,0,1,0,2023-12-29,0,0.25,0.5,0.20833333333333331
TXN_9975321,0,0,0,0,1,0,0,0,0,0,1,2023-03-25,1,0.25,1.0,0.375
TXN_8148137,0,0,0,0,0,0,0,1,0,0,1,2023-11-14,0,0.0,0.125,0.020833333333333332
TXN_1681216,1,0,0,0,0,0,0,0,1,0,0,2023-03-23,1,0.5,0.5,0.3333333333333333
TXN_3835043,0,0,0,1,0,0,0,0,1,0,0,2023-12-29,1,0.25,0.5,0.20833333333333331
TXN_8366002,0,0,0,0,0,1,0,0,0,1,0,2023-12-26,1,0.25,0.75,0.29166666666666663
TXN_9390740,1,0,0,0,0,0,0,0,1,0,0,2023-12-06,0,0.25,0.5,0.20833333333333331
TXN_4928254,1,0,0,0,0,0,0,0,0,1,0,2023-12-22,0,0.0,0.5,0.08333333333333333
TXN_5191642,0,0,0,0,1,0,0,0,1,0,0,2023-04-15,0,1.0,1.0,1.0
TXN_9117434,1,0,0,0,0,0,0,0,0,0,1,2023-07-18,0,0.0,0.5,0.08333333333333333
TXN_2820788,0,0,1,0,0,0,0,0,0,0,1,2023-09-25,0,1.0,0.0,0.16666666666666666
TXN_3593060,0,0,0,0,0,0,1,0,1,0,0,2023-03-05,1,0.75,0.75,0.625
TXN_7531745,1,0,0,0,0,0,0,0,1,0,0,2023-06-23,0,0.25,0.5,0.20833333333333331
TXN_1082421,0,0,0,0,1,0,0,0,0,0,1,2023-12-19,0,0.0,1.0,0.16666666666666666
TXN_2148444,0,0,0,1,0,0,0,0,1,0,0,2023-11-27,0,0.25,0.5,0.20833333333333331
TXN_5402385,0,0,0,1,0,0,0,0,1,0,0,2023-06-18,0,0.25,0.5,0.20833333333333331
TXN_1494502,0,0,0,0,1,0,0,0,0,0,1,2023-04-26,0,1.0,1.0,1.0
TXN_9277146,1,0,0,0,0,0,0,0,0,1,0,2023-07-11,1,1.0,0.5,0.5833333333333333
TXN_9333347,0,0,0,0,0,0,1,0,1,0,0,2023-09-10,1,1.0,0.75,0.7916666666666666
TXN_9127105,0,0,0,1,0,0,0,0,1,0,0,2023-03-04,1,0.5,0.5,0.3333333333333333
TXN_1417724,0,0,0,0,0,1,0,0,0,0,1,2023-06-07,1,0.25,0.75,0.29166666666666663
TXN_6451377,0,0,0,0,1,0,0,0,0,1,0,2023-03-19,1,1.0,1.0,1.0
TXN_2142961,0,1,0,0,0,0,0,0,0,1,0,2023-09-21,1,1.0,0.25,0.375
TXN_5927884,0,1,0,0,0,0,0,0,1,0,0,2023-12-21,0,0.75,0.25,0.29166666666666663
TXN_8588335,0,0,0,0,1,0,0,0,0,1,0,2023-09-04,1,0.75,1.0,0.7916666666666666
TXN_6738350,0,0,0,1,0,0,0,0,0,0,1,2023-11-02,1,0.25,0.5,0.20833333333333331
TXN_5575561,0,0,0,0,0,0,0,1,0,0,1,2023-02-13,1,0.75,0.125,0.20833333333333331
TXN_1007347,0,0,0,0,1,0,0,0,0,0,1,2023-08-28,0,0.75,1.0,0.7916666666666666
TXN_8933459,0,0,0,1,0,0,0,0,1,0,0,2023-12-31,0,0.0,0.5,0.08333333333333333
TXN_3678091,0,0,0,1,0,0,0,0,1,0,0,2023-09-07,0,0.5,0.5,0.3333333333333333
TXN_7692628,0,0,0,0,0,0,0,1,1,0,0,2023-05-01,0,0.25,0.125,0.08333333333333333
TXN_6731518,0,0,1,0,0,0,0,0,0,0,1,2023-12-04,1,0.0,0.0,0.0
TXN_3455702,0,0,0,0,1,0,0,0,1,0,0,2023-03-23,1,0.0,1.0,0.16666666666666666
TXN_7794561,0,0,0,1,0,0,0,0,0,1,0,2023-05-18,0,0.75,0.5,0.4583333333333333
TXN_8908193,0,0,0,0,0,0,1,0,1,0,0,2023-04-02,1,1.0,0.75,0.7916666666666666
TXN_7688625,0,1,0,0,0,0,0,0,0,1,0,2023-12-15,0,0.0,0.25,0.041666666666666664
TXN_7012065,0,1,0,0,0,0,0,0,0,0,1,2023-08-05,0,0.5,0.25,0.20833333333333331
TXN_4323570,0,0,1,0,0,0,0,0,1,0,0,2023-03-04,0,0.0,0.0,0.0
TXN_8831924,0,1,0,0,0,0,0,0,0,0,1,2023-07-12,0,0.5,0.25,0.20833333333333331
TXN_2865104,1,0,0,0,0,0,0,0,0,0,1,2023-03-12,0,1.0,0.5,0.5833333333333333
TXN_1360998,0,0,1,0,0,0,0,0,1,0,0,2023-07-30,1,0.25,0.0,0.041666666666666664
TXN_4125921,0,0,0,1,0,0,0,0,0,1,0,2023-01-26,1,1.0,0.5,0.5833333333333333
TXN_4657842,0,0,1,0,0,0,0,0,1,0,0,2023-09-29,1,1.0,0.0,0.16666666666666666
TXN_8149585,0,0,0,1,0,0,0,0,0,1,0,2023-02-21,1,0.0,0.5,0.08333333333333333
TXN_9047278,0,0,0,0,0,0,0,1,0,1,0,2023-06-20,1,0.75,0.125,0.20833333333333331
TXN_8666003,0,0,0,0,0,0,1,0,0,1,0,2023-06-09,1,0.75,0.75,0.625
TXN_7606512,0,0,1,0,0,0,0,0,1,0,0,2023-12-03,1,1.0,0.0,0.16666666666666666
TXN_1819615,0,1,0,0,0,0,0,0,0,1,0,2023-06-03,1,0.75,0.25,0.29166666666666663
TXN_1931404,1,0,0,0,0,0,0,0,1,0,0,2023-10-01,0,1.0,0.5,0.5833333333333333
TXN_4516901,0,0,0,0,0,0,0,1,0,1,0,2023-09-05,0,0.25,0.125,0.08333333333333333
TXN_6817795,0,0,0,0,0,0,0,1,1,0,0,2023-09-12,1,0.0,0.125,0.020833333333333332
TXN_4643515,0,0,0,0,0,0,1,0,0,0,1,2023-10-03,0,0.0,0.75,0.125
TXN_9762385,0,0,0,0,0,0,0,1,1,0,0,2023-05-19,1,0.5,0.125,0.14583333333333331
TXN_6809170,0,0,0,0,0,0,1,0,1,0,0,2023-08-10,1,0.75,0.75,0.625
TXN_7365744,0,0,1,0,0,0,0,0,1,0,0,2023-08-20,0,0.75,0.0,0.125
TXN_9847116,0,0,0,0,1,0,0,0,1,0,0,2023-07-28,1,0.5,1.0,0.5833333333333333
TXN_8356338,0,0,0,0,1,0,0,0,0,1,0,2023-08-06,0,1.0,1.0,1.0
TXN_4413506,0,0,0,1,0,0,0,0,0,0,1,2023-10-29,0,0.75,0.5,0.4583333333333333
TXN_1057209,0,0,1,0,0,0,0,0,0,1,0,2023-09-17,0,1.0,0.0,0.16666666666666666
TXN_9534685,0,0,0,0,1,0,0,0,0,1,0,2023-04-27,1,0.0,1.0,0.16666666666666666
TXN_4893692,0,0,0,0,1,0,0,0,0,1,0,2023-01-02,1,0.25,1.0,0.375
TXN_5680629,1,0,0,0,0,0,0,0,0,0,1,2023-04-30,1,0.25,0.5,0.20833333333333331
TXN_2494194,0,0,0,0,1,0,0,0,0,0,1,2023-02-11,0,1.0,1.0,1.0
TXN_4549825,0,0,0,0,1,0,0,0,0,0,1,2023-09-28,1,0.25,1.0,0.375
TXN_4737392,0,0,0,0,0,1,0,0,1,0,0,2023-02-17,0,0.25,0.75,0.29166666666666663
TXN_9538738,0,1,0,0,0,0,0,0,1,0,0,2023-09-25,0,0.75,0.25,0.29166666666666663
TXN_1854102,0,1,0,0,0,0,0,0,0,0,1,2023-07-18,1,0.25,0.25,0.125
TXN_3109692,0,0,0,1,0,0,0,0,0,1,0,2023-06-21,0,0.75,0.5,0.4583333333333333
TXN_5395229,0,1,0,0,0,0,0,0,1,0,0,2023-11-29,0,1.0,0.25,0.375
TXN_8918902,0,1,0,0,0,0,0,0,1,0,0,2023-05-22,1,1.0,0.25,0.375
TXN_8837375,0,0,0,0,0,1,0,0,0,0,1,2023-11-21,1,0.25,0.75,0.29166666666666663
TXN_3952218,0,0,0,0,1,0,0,0,0,1,0,2023-04-07,0,1.0,1.0,1.0
TXN_3225552,0,0,0,0,1,0,0,0,1,0,0,2023-05-16,0,0.0,1.0,0.16666666666666666
TXN_7950226,0,0,0,0,0,0,0,1,0,0,1,2023-10-13,0,0.0,0.125,0.020833333333333332
TXN_9086541,0,0,0,0,1,0,0,0,1,0,0,2023-02-15,0,0.5,1.0,0.5833333333333333
TXN_1817596,0,0,0,0,0,0,0,1,1,0,0,2023-11-04,0,0.25,0.125,0.08333333333333333
TXN_7644786,0,0,1,0,0,0,0,0,0,1,0,2023-01-20,1,0.5,0.0,0.08333333333333333
TXN_8017969,0,0,0,1,0,0,0,0,1,0,0,2023-03-26,1,0.0,0.5,0.08333333333333333
TXN_6667388,1,0,0,0,0,0,0,0,1,0,0,2023-08-14,0,0.5,0.5,0.3333333333333333
TXN_3488611,0,0,0,0,0,0,0,1,1,0,0,2023-02-13,0,0.0,0.125,0.020833333333333332
TXN_3165950,0,1,0,0,0,0,0,0,0,0,1,2023-07-23,1,0.0,0.25,0.041666666666666664
TXN_3109334,0,0,0,0,0,0,1,0,1,0,0,2023-04-06,0,0.5,0.75,0.4583333333333333
TXN_9425645,1,0,0,0,0,0,0,0,0,1,0,2023-03-19,1,0.5,0.5,0.3333333333333333
TXN_2461238,0,1,0,0,0,0,0,0,0,0,1,2023-01-29,1,0.0,0.25,0.041666666666666664
TXN_4692976,0,0,0,1,0,0,0,0,0,0,1,2023-11-06,1,0.0,0.5,0.08333333333333333
TXN_6747376,0,0,0,0,0,0,1,0,0,0,1,2023-11-20,0,0.5,0.75,0.4583333333333333
TXN_3689335,0,0,0,1,0,0,0,0,0,1,0,2023-12-11,1,0.0,0.5,0.08333333333333333
TXN_9662568,0,0,0,0,0,0,0,1,1,0,0,2023-10-30,1,1.0,0.125,0.2708333333333333
TXN_9817681,0,0,0,0,0,0,0,1,0,0,1,2023-11-09,1,0.75,0.125,0.20833333333333331
TXN_5470087,0,0,0,0,1,0,0,0,0,1,0,2023-10-11,1,0.25,1.0,0.375
TXN_3717372,0,0,0,1,0,0,0,0,0,1,0,2023-02-15,0,0.25,0.5,0.20833333333333331
TXN_6727985,0,0,0,0,1,0,0,0,0,1,0,2023-06-16,0,1.0,1.0,1.0
TXN_1755661,0,0,0,0,1,0,0,0,0,1,0,2023-07-14,0,1.0,1.0,1.0
TXN_9899571,0,0,0,0,1,0,0,0,0,1,0,2023-02-18,1,0.25,1.0,0.375
TXN_5692316,0,0,0,0,0,0,1,0,0,0,1,2023-06-22,1,0.0,0.75,0.125
TXN_2062269,0,0,0,1,0,0,0,0,0,0,1,2023-09-08,1,0.75,0.5,0.4583333333333333
TXN_2160316,0,0,0,0,0,1,0,0,1,0,0,2023-10-24,0,0.0,0.75,0.125
TXN_4220743,0,0,0,0,0,1,0,0,0,0,1,2023-10-22,0,0.75,0.75,0.625
TXN_2726843,0,0,0,0,0,1,0,0,1,0,0,2023-05-31,0,0.0,0.75,0.125
TXN_9969283,0,0,0,0,0,1,0,0,0,0,1,2023-10-26,1,0.5,0.75,0.4583333333333333
TXN_8540115,0,0,0,0,0,0,0,1,0,0,1,2023-06-26,1,0.25,0.125,0.08333333333333333
TXN_8313892,0,0,0,0,1,0,0,0,0,1,0,2023-11-29,1,0.5,1.0,0.5833333333333333
TXN_3131761,0,0,0,0,0,0,1,0,0,0,1,2023-10-18,1,0.0,0.75,0.125
TXN_1243964,0,0,0,0,0,0,0,1,1,0,0,2023-12-01,1,0.5,0.125,0.14583333333333331
TXN_1856112,0,0,0,0,1,0,0,0,0,1,0,2023-06-08,0,0.5,1.0,0.5833333333333333
TXN_4532651,0,1,0,0,0,0,0,0,1,0,0,2023-09-13,0,0.25,0.25,0.125
TXN_4083736,0,1,0,0,0,0,0,0,1,0,0,2023-08-21,0,0.0,0.25,0.041666666666666664
TXN_4493176,0,0,0,0,0,0,0,1,0,1,0,2023-10-14,0,0.5,0.125,0.14583333333333331
TXN_6712994,0,1,0,0,0,0,0,0,1,0,0,2023-10-02,1,0.5,0.25,0.20833333333333331
TXN_1840566,0,1,0,0,0,0,0,0,1,0,0,2023-01-05,1,0.75,0.25,0.29166666666666663
TXN_6257776,0,0,0,1,0,0,0,0,1,0,0,2023-10-28,0,1.0,0.5,0.5833333333333333
TXN_9039165,0,0,0,0,0,1,0,0,0,1,0,2023-03-10,1,0.75,0.75,0.625
TXN_7056051,1,0,0,0,0,0,0,0,1,0,0,2023-04-09,0,0.25,0.5,0.20833333333333331
TXN_3869150,0,0,1,0,0,0,0,0,1,0,0,2023-03-26,1,0.5,0.0,0.08333333333333333
TXN_3604156,0,1,0,0,0,0,0,0,0,1,0,2023-11-08,1,1.0,0.25,0.375
TXN_2018236,0,1,0,0,0,0,0,0,1,0,0,2023-04-19,1,1.0,0.25,0.375
TXN_4430176,0,0,0,0,0,1,0,0,0,1,0,2023-08-27,1,0.75,0.75,0.625
TXN_6073195,0,0,0,0,0,1,0,0,0,1,0,2023-09-13,1,0.5,0.75,0.4583333333333333
TXN_5245399,1,0,0,0,0,0,0,0,0,1,0,2023-12-25,1,1.0,0.5,0.375
TXN_4178872,0,0,0,0,0,0,0,1,0,1,0,2023-01-25,0,0.0,0.125,0.020833333333333332
TXN_8836650,0,0,0,0,0,0,1,0,0,0,1,2023-05-22,1,1.0,0.75,0.7916666666666666
TXN_5882584,1,0,0,0,0,0,0,0,1,0,0,2023-09-16,0,1.0,0.5,0.5833333333333333
TXN_4291132,1,0,0,0,0,0,0,0,0,1,0,2023-08-07,1,0.25,0.5,0.20833333333333331
TXN_1622123,0,0,1,0,0,0,0,0,1,0,0,2023-01-05,1,0.25,0.0,0.041666666666666664
TXN_2878078,1,0,0,0,0,0,0,0,0,0,1,2023-12-15,1,0.25,0.5,0.20833333333333331
TXN_7134579,0,0,1,0,0,0,0,0,0,0,1,2023-06-06,1,1.0,0.0,0.16666666666666666
TXN_6921057,0,0,0,0,0,1,0,0,0,0,1,2023-07-10,1,0.75,0.75,0.625
TXN_2335088,0,0,0,0,1,0,0,0,1,0,0,2023-10-27,0,0.75,1.0,0.7916666666666666
TXN_9778859,0,0,1,0,0,0,0,0,1,0,0,2023-06-05,1,0.5,0.0,0.08333333333333333
TXN_3850274,0,0,0,1,0,0,0,0,0,1,0,2023-09-08,1,1.0,0.5,0.5833333333333333
TXN_4428448,0,0,1,0,0,0,0,0,0,1,0,2023-02-04,1,0.75,0.0,0.125
TXN_1062822,0,0,0,1,0,0,0,0,0,1,0,2023-06-28,1,0.25,0.5,0.20833333333333331
TXN_6386662,0,0,0,0,1,0,0,0,0,1,0,2023-12-04,1,1.0,1.0,1.0
TXN_5491825,1,0,0,0,0,0,0,0,1,0,0,2023-06-09,0,0.75,0.5,0.4583333333333333
TXN_5330930,1,0,0,0,0,0,0,0,1,0,0,2023-07-12,0,0.0,0.5,0.08333333333333333
TXN_5580933,0,0,0,0,0,0,1,0,1,0,0,2023-10-19,1,0.5,0.75,0.4583333333333333
TXN_3326110,0,1,0,0,0,0,0,0,0,1,0,2023-08-13,1,0.25,0.25,0.125
TXN_5455079,0,0,0,0,1,0,0,0,1,0,0,2023-11-30,0,0.25,1.0,0.375
TXN_5526475,0,0,0,0,0,0,0,1,1,0,0,2023-05-06,0,0.75,0.125,0.20833333333333331
TXN_3800253,1,0,0,0,0,0,0,0,1,0,0,2023-01-15,1,0.25,0.5,0.20833333333333331
TXN_2091128,1,0,0,0,0,0,0,0,0,1,0,2023-03-01,1,0.0,0.5,0.08333333333333333
TXN_9169782,0,0,0,1,0,0,0,0,0,1,0,2023-09-18,1,1.0,0.5,0.5833333333333333
TXN_4639621,0,1,0,0,0,0,0,0,0,1,0,2023-10-12,0,0.25,0.25,0.125
TXN_4432823,0,0,0,0,0,0,1,0,0,1,0,2023-02-10,0,1.0,0.75,0.7916666666666666
TXN_8138157,0,0,0,0,0,0,1,0,1,0,0,2023-05-07,1,0.25,0.75,0.29166666666666663
TXN_4134478,0,0,0,1,0,0,0,0,0,1,0,2023-06-25,1,0.25,0.5,0.20833333333333331
TXN_6298532,0,0,0,0,0,0,1,0,0,0,1,2023-12-31,0,0.75,0.75,0.625
TXN_4997327,0,1,0,0,0,0,0,0,1,0,0,2023-03-19,0,0.25,0.25,0.125
TXN_9522899,0,0,0,0,0,0,1,0,0,1,0,2023-11-18,1,1.0,0.75,0.7916666666666666
TXN_4049949,0,0,1,0,0,0,0,0,0,0,1,2023-11-06,1,0.0,0.0,0.0
TXN_7296498,0,0,0,0,1,0,0,0,0,1,0,2023-05-19,1,1.0,1.0,1.0
TXN_4706042,0,0,0,0,1,0,0,0,0,0,1,2023-12-01,0,1.0,1.0,1.0
TXN_2488987,0,0,0,0,0,0,0,1,1,0,0,2023-06-12,0,1.0,0.125,0.2708333333333333
TXN_6708156,0,0,0,0,0,0,0,1,0,1,0,2023-11-26,0,1.0,0.125,0.2708333333333333
TXN_7616002,0,0,0,0,0,0,0,1,0,1,0,2023-11-08,0,0.25,0.125,0.08333333333333333
TXN_1865735,0,0,0,0,0,0,1,0,0,0,1,2023-09-22,0,0.25,0.75,0.29166666666666663
TXN_5396450,0,0,0,1,0,0,0,0,0,0,1,2023-12-09,1,0.5,0.5,0.3333333333333333
TXN_5881757,0,0,0,0,0,1,0,0,0,1,0,2023-08-15,0,0.5,0.75,0.4583333333333333
TXN_3404479,0,0,0,0,0,0,1,0,0,1,0,2023-08-23,1,0.75,0.75,0.625
TXN_5342589,0,0,0,0,0,0,0,1,0,0,1,2023-04-06,0,0.25,0.125,0.08333333333333333
TXN_1987212,0,0,0,0,0,0,1,0,0,1,0,2023-04-07,1,1.0,0.75,0.7916666666666666
TXN_5303275,0,0,1,0,0,0,0,0,1,0,0,2023-09-18,1,0.75,0.0,0.125
TXN_9193760,0,0,0,0,1,0,0,0,0,1,0,2023-01-20,0,1.0,1.0,1.0
TXN_8541074,0,0,0,0,1,0,0,0,1,0,0,2023-11-08,0,0.75,1.0,0.7916666666666666
TXN_1075183,0,0,0,0,0,0,0,1,0,1,0,2023-01-09,1,0.25,0.125,0.08333333333333333
TXN_9316158,0,0,0,0,0,1,0,0,1,0,0,2023-10-31,0,1.0,0.75,0.7916666666666666
TXN_8207244,0,0,0,0,0,0,0,1,1,0,0,2023-05-04,1,1.0,0.125,0.2708333333333333
TXN_2346001,0,0,0,0,1,0,0,0,0,0,1,2023-08-21,1,0.25,1.0,0.375
TXN_2814866,0,0,0,0,0,0,1,0,0,0,1,2023-07-29,0,0.0,0.75,0.125
TXN_8454044,0,1,0,0,0,0,0,0,0,1,0,2023-05-27,0,1.0,0.25,0.375
TXN_8321092,0,0,0,1,0,0,0,0,0,1,0,2023-09-28,0,0.25,0.5,0.20833333333333331
TXN_2560137,1,0,0,0,0,0,0,0,1,0,0,2023-10-13,1,0.0,0.5,0.08333333333333333
TXN_7350571,0,0,0,0,0,0,1,0,0,1,0,2023-02-19,0,0.0,0.75,0.125
TXN_3915802,0,1,0,0,0,0,0,0,1,0,0,2023-12-16,1,0.5,0.25,0.20833333333333331
TXN_5019143,0,1,0,0,0,0,0,0,1,0,0,2023-02-21,0,1.0,0.25,0.375
TXN_1785371,0,1,0,0,0,0,0,0,0,1,0,2023-01-16,1,0.0,0.25,0.041666666666666664
TXN_6441650,1,0,0,0,0,0,0,0,1,0,0,2023-09-06,1,1.0,0.5,0.5833333333333333
TXN_2493262,0,0,1,0,0,0,0,0,0,1,0,2023-01-03,1,0.25,0.0,0.041666666666666664
TXN_3257591,0,0,0,0,0,1,0,0,0,1,0,2023-07-24,0,0.0,0.75,0.125
TXN_6038791,0,0,0,1,0,0,0,0,0,0,1,2023-03-06,0,0.25,0.5,0.20833333333333331
TXN_1335337,0,0,0,0,0,0,0,1,0,1,0,2023-09-06,0,0.5,0.125,0.14583333333333331
TXN_2275914,0,0,0,0,0,1,0,0,0,0,1,2023-10-24,1,0.25,0.75,0.29166666666666663
TXN_6258276,0,0,0,0,0,1,0,0,0,1,0,2023-01-29,0,1.0,0.75,0.7916666666666666
TXN_2340312,1,0,0,0,0,0,0,0,0,0,1,2023-07-30,1,0.75,0.5,0.4583333333333333
TXN_6066433,0,0,0,0,0,0,0,1,1,0,0,2023-06-17,0,0.25,0.125,0.08333333333333333
TXN_1872922,0,0,0,0,0,1,0,0,1,0,0,2023-07-16,0,1.0,0.75,0.7916666666666666
TXN_7730388,0,0,1,0,0,0,0,0,0,0,1,2023-09-09,0,1.0,0.0,0.16666666666666666
TXN_3330377,0,1,0,0,0,0,0,0,0,0,1,2023-05-08,1,1.0,0.25,0.375
TXN_3147198,0,0,0,0,0,0,1,0,0,0,1,2023-02-04,0,0.25,0.75,0.29166666666666663
TXN_6363897,0,0,0,0,1,0,0,0,0,1,0,2023-11-26,1,1.0,1.0,1.0
TXN_1893222,0,0,0,0,0,0,1,0,0,1,0,2023-12-20,0,1.0,0.75,0.7916666666666666
TXN_9262803,0,0,0,1,0,0,0,0,0,0,1,2023-10-04,0,1.0,0.5,0.5833333333333333
TXN_9491912,0,0,0,0,0,0,0,1,1,0,0,2023-10-24,0,0.75,0.125,0.20833333333333331
TXN_6992164,0,0,0,0,0,1,0,0,1,0,0,2023-02-10,1,0.25,0.75,0.29166666666666663
TXN_6577035,0,0,0,0,0,0,1,0,1,0,0,2023-05-20,0,0.25,0.75,0.29166666666666663
TXN_9970966,0,1,0,0,0,0,0,0,0,1,0,2023-09-09,0,1.0,0.25,0.375
TXN_5624179,0,0,1,0,0,0,0,0,1,0,0,2023-10-26,1,0.0,0.0,0.0
TXN_3450160,1,0,0,0,0,0,0,0,0,1,0,2023-10-23,0,0.75,0.5,0.4583333333333333
TXN_4075432,0,0,0,0,0,1,0,0,1,0,0,2023-09-12,0,1.0,0.75,0.7916666666666666
TXN_2023802,1,0,0,0,0,0,0,0,1,0,0,2023-02-28,0,0.25,0.5,0.20833333333333331
TXN_5130399,0,0,1,0,0,0,0,0,0,0,1,2023-10-21,0,0.5,0.0,0.08333333333333333
TXN_6745832,0,1,0,0,0,0,0,0,0,1,0,2023-10-02,1,0.25,0.25,0.125
TXN_7560989,0,0,0,0,0,1,0,0,0,0,1,2023-06-16,1,0.5,0.75,0.4583333333333333
TXN_9367492,0,0,0,0,0,0,0,1,1,0,0,2023-06-19,0,0.25,0.125,0.08333333333333333
TXN_3115258,0,0,0,0,1,0,0,0,0,0,1,2023-12-06,1,0.0,1.0,0.16666666666666666
TXN_8182245,0,0,0,0,0,1,0,0,0,0,1,2023-10-24,1,1.0,0.75,0.7916666666666666
TXN_3970335,0,0,0,1,0,0,0,0,0,0,1,2023-09-01,1,1.0,0.5,0.5833333333333333
TXN_6376630,1,0,0,0,0,0,0,0,1,0,0,2023-01-24,0,0.25,0.5,0.20833333333333331
TXN_7100596,0,0,0,0,0,0,1,0,0,1,0,2023-09-14,0,1.0,0.75,0.7916666666666666
TXN_1481116,0,0,0,0,0,0,0,1,0,0,1,2023-02-26,0,0.25,0.125,0.08333333333333333
TXN_9454212,0,0,0,1,0,0,0,0,1,0,0,2023-11-19,0,1.0,0.5,0.5833333333333333
TXN_3648327,1,0,0,0,0,0,0,0,0,0,1,2023-08-17,1,0.0,0.5,0.08333333333333333
TXN_6188394,0,0,0,1,0,0,0,0,0,1,0,2023-10-05,0,1.0,0.5,0.5833333333333333
TXN_2553803,0,0,0,1,0,0,0,0,1,0,0,2023-12-29,0,0.0,0.5,0.08333333333333333
TXN_5700545,0,0,0,0,1,0,0,0,0,1,0,2023-05-25,0,0.25,1.0,0.375
TXN_8018479,0,0,0,0,0,0,0,1,0,0,1,2023-09-15,1,0.0,0.125,0.020833333333333332
TXN_9465300,0,0,0,0,0,0,0,1,0,1,0,2023-09-01,0,0.25,0.125,0.08333333333333333
TXN_3046108,0,0,0,0,0,0,0,1,0,0,1,2023-01-15,1,1.0,0.125,0.2708333333333333
TXN_5998419,0,0,0,1,0,0,0,0,0,1,0,2023-09-26,1,0.75,0.5,0.4583333333333333
TXN_4454198,0,0,0,0,0,0,0,1,0,0,1,2023-08-22,0,0.0,0.125,0.020833333333333332
TXN_5855756,0,0,0,0,0,1,0,0,0,1,0,2023-08-29,0,0.0,0.75,0.125
TXN_5182399,0,1,0,0,0,0,0,0,0,0,1,2023-09-08,1,0.5,0.25,0.20833333333333331
TXN_6758675,0,0,0,1,0,0,0,0,0,1,0,2023-11-05,0,0.0,0.5,0.08333333333333333
TXN_1962275,0,1,0,0,0,0,0,0,0,1,0,2023-05-26,1,1.0,0.25,0.375
TXN_9530003,0,0,0,0,1,0,0,0,0,0,1,2023-08-24,1,0.0,1.0,0.16666666666666666
TXN_2347596,0,0,0,1,0,0,0,0,0,1,0,2023-12-27,1,0.75,0.5,0.4583333333333333
TXN_6215303,0,0,0,0,1,0,0,0,1,0,0,2023-08-20,1,0.75,1.0,0.7916666666666666
TXN_5524352,0,0,0,0,0,1,0,0,0,0,1,2023-01-05,1,0.0,0.75,0.125
TXN_6668414,1,0,0,0,0,0,0,0,0,0,1,2023-12-29,0,0.0,0.5,0.08333333333333333
TXN_8715122,1,0,0,0,0,0,0,0,1,0,0,2023-07-01,1,0.25,0.5,0.20833333333333331
TXN_1525046,0,0,0,0,0,0,1,0,1,0,0,2023-12-02,1,0.25,0.75,0.29166666666666663
TXN_9867948,0,0,0,0,0,0,1,0,0,0,1,2023-10-07,0,0.25,0.75,0.29166666666666663
TXN_8512466,0,0,0,1,0,0,0,0,0,1,0,2023-02-10,0,1.0,0.5,0.5833333333333333
TXN_9663990,0,0,0,1,0,0,0,0,0,0,1,2023-01-06,1,0.0,0.5,0.08333333333333333
TXN_7681072,0,0,1,0,0,0,0,0,0,1,0,2023-07-07,1,0.0,0.0,0.0
TXN_3099191,0,0,0,0,1,0,0,0,1,0,0,2023-05-19,1,0.25,1.0,0.375
TXN_8789986,1,0,0,0,0,0,0,0,1,0,0,2023-09-21,1,0.25,0.5,0.20833333333333331
TXN_8382825,0,1,0,0,0,0,0,0,1,0,0,2023-01-20,0,1.0,0.25,0.375
TXN_4486700,1,0,0,0,0,0,0,0,0,0,1,2023-02-08,1,0.25,0.5,0.20833333333333331
TXN_2668108,0,0,1,0,0,0,0,0,1,0,0,2023-09-23,1,1.0,0.0,0.16666666666666666
TXN_5085328,0,1,0,0,0,0,0,0,0,0,1,2023-02-03,1,0.75,0.25,0.29166666666666663
TXN_6023823,0,0,1,0,0,0,0,0,0,0,1,2023-04-20,0,0.25,0.0,0.041666666666666664
TXN_6541659,0,0,0,0,0,1,0,0,0,0,1,2023-01-29,1,0.5,0.75,0.4583333333333333
TXN_3203928,0,1,0,0,0,0,0,0,1,0,0,2023-12-04,0,0.5,0.25,0.20833333333333331
TXN_3443235,0,0,0,0,0,1,0,0,0,0,1,2023-10-11,0,1.0,0.75,0.7916666666666666
TXN_6191769,0,0,0,0,1,0,0,0,0,1,0,2023-05-17,1,0.0,1.0,0.16666666666666666
TXN_6110386,0,0,0,0,0,0,1,0,1,0,0,2023-03-17,0,0.0,0.75,0.125
TXN_7355635,0,0,0,1,0,0,0,0,0,1,0,2023-12-21,0,0.5,0.5,0.3333333333333333
TXN_2944518,1,0,0,0,0,0,0,0,0,0,1,2023-09-14,1,0.5,0.5,0.3333333333333333
TXN_9169536,1,0,0,0,0,0,0,0,1,0,0,2023-06-10,0,1.0,0.5,0.5833333333333333
TXN_8257774,0,0,1,0,0,0,0,0,1,0,0,2023-03-04,1,1.0,0.0,0.16666666666666666
TXN_3873718,0,0,0,0,1,0,0,0,1,0,0,2023-03-07,0,0.0,1.0,0.16666666666666666
TXN_8767676,0,0,0,0,0,0,1,0,0,1,0,2023-11-30,0,0.0,0.75,0.125
TXN_1225638,1,0,0,0,0,0,0,0,1,0,0,2023-05-28,1,0.75,0.5,0.4583333333333333
TXN_5050111,0,0,0,0,1,0,0,0,1,0,0,2023-06-13,0,0.5,1.0,0.5833333333333333
TXN_5508620,0,0,0,0,0,1,0,0,1,0,0,2023-08-26,0,0.25,0.75,0.29166666666666663
TXN_7864080,0,0,0,0,0,0,0,1,0,1,0,2023-11-12,1,1.0,0.125,0.2708333333333333
TXN_6066883,1,0,0,0,0,0,0,0,0,1,0,2023-12-21,1,0.25,0.5,0.20833333333333331
TXN_6034785,0,1,0,0,0,0,0,0,0,0,1,2023-06-17,1,0.5,0.25,0.20833333333333331
TXN_7818024,1,0,0,0,0,0,0,0,1,0,0,2023-08-16,0,0.5,0.5,0.3333333333333333
TXN_2463115,0,0,0,0,0,1,0,0,0,1,0,2023-09-12,1,1.0,0.75,0.7916666666666666
TXN_9948425,1,0,0,0,0,0,0,0,1,0,0,2023-11-21,1,0.5,0.5,0.3333333333333333
TXN_2540440,0,0,0,0,0,0,0,1,0,0,1,2023-12-30,0,0.25,0.125,0.08333333333333333
TXN_2006923,0,0,0,0,1,0,0,0,0,0,1,2023-05-31,0,1.0,1.0,1.0
TXN_6762172,0,1,0,0,0,0,0,0,1,0,0,2023-01-19,1,1.0,0.25,0.375
TXN_6638051,0,0,0,0,0,0,1,0,1,0,0,2023-11-05,0,0.25,0.75,0.29166666666666663
TXN_9834329,0,0,0,0,0,0,1,0,1,0,0,2023-09-17,1,0.0,0.75,0.125
TXN_9172616,0,1,0,0,0,0,0,0,0,1,0,2023-11-21,1,0.75,0.25,0.29166666666666663
TXN_8867300,0,0,0,0,0,0,1,0,0,0,1,2023-05-06,0,0.75,0.75,0.625
TXN_6987950,1,0,0,0,0,0,0,0,0,1,0,2023-05-04,1,0.75,0.5,0.4583333333333333
TXN_9967728,0,1,0,0,0,0,0,0,0,1,0,2023-01-30,0,0.75,0.25,0.29166666666666663
TXN_5591967,0,0,0,0,0,1,0,0,0,1,0,2023-04-08,1,0.0,0.75,0.125
TXN_5861158,0,0,0,0,0,1,0,0,0,1,0,2023-11-21,1,0.5,0.75,0.4583333333333333
TXN_7501002,0,1,0,0,0,0,0,0,0,0,1,2023-08-23,1,0.0,0.25,0.041666666666666664
TXN_2848654,0,0,0,0,0,0,1,0,0,0,1,2023-03-15,0,1.0,0.75,0.7916666666666666
TXN_2406254,0,0,0,1,0,0,0,0,0,1,0,2023-11-12,1,1.0,0.5,0.5833333333333333
TXN_3034652,0,0,0,1,0,0,0,0,0,1,0,2023-11-04,0,1.0,0.5,0.5833333333333333
TXN_2710779,0,0,0,0,0,1,0,0,0,0,1,2023-09-30,0,1.0,0.75,0.7916666666666666
TXN_2333576,0,0,0,0,0,0,0,1,0,0,1,2023-11-22,1,0.25,0.125,0.08333333333333333
TXN_6330369,0,0,0,1,0,0,0,0,1,0,0,2023-01-25,0,0.0,0.5,0.08333333333333333
TXN_7852032,0,0,0,0,0,1,0,0,1,0,0,2023-03-19,0,0.0,0.75,0.125
TXN_7189368,0,0,0,0,0,1,0,0,0,1,0,2023-01-22,1,0.25,0.75,0.29166666666666663
TXN_6306655,0,0,1,0,0,0,0,0,0,0,1,2023-01-22,1,0.75,0.0,0.125
TXN_7169320,0,1,0,0,0,0,0,0,0,1,0,2023-04-10,1,0.5,0.25,0.20833333333333331
TXN_6607568,0,1,0,0,0,0,0,0,1,0,0,2023-03-24,0,0.25,0.25,0.125
TXN_8245906,1,0,0,0,0,0,0,0,0,0,1,2023-02-08,1,0.0,0.5,0.08333333333333333
TXN_9837568,0,0,0,0,1,0,0,0,1,0,0,2023-04-17,0,1.0,1.0,1.0
TXN_9603263,0,0,1,0,0,0,0,0,1,0,0,2023-05-02,1,1.0,0.0,0.16666666666666666
TXN_9425610,0,0,0,0,0,1,0,0,1,0,0,2023-01-08,0,0.5,0.75,0.4583333333333333
TXN_8092496,0,0,0,1,0,0,0,0,1,0,0,2023-03-11,0,0.75,0.5,0.4583333333333333
TXN_3611851,0,1,0,0,0,0,0,0,0,1,0,2023-02-09,0,0.75,0.25,0.29166666666666663
TXN_9749333,0,0,1,0,0,0,0,0,1,0,0,2023-02-27,0,1.0,0.0,0.16666666666666666
TXN_2771364,0,1,0,0,0,0,0,0,0,0,1,2023-01-23,0,0.0,0.25,0.041666666666666664
TXN_5180326,0,0,0,1,0,0,0,0,1,0,0,2023-04-26,1,0.75,0.5,0.4583333333333333
TXN_7376092,0,0,1,0,0,0,0,0,1,0,0,2023-11-07,0,0.75,0.0,0.125
TXN_9279347,0,0,0,0,0,1,0,0,0,1,0,2023-02-27,1,1.0,0.75,0.7916666666666666
TXN_8278982,0,0,0,0,0,0,1,0,0,1,0,2023-09-06,1,1.0,0.75,0.7916666666666666
TXN_7686476,0,1,0,0,0,0,0,0,0,0,1,2023-01-03,1,0.5,0.25,0.20833333333333331
TXN_4283563,0,0,0,0,0,0,0,1,1,0,0,2023-05-04,1,0.25,0.125,0.08333333333333333
TXN_1926278,0,0,1,0,0,0,0,0,0,1,0,2023-07-29,1,0.0,0.0,0.0
TXN_3981000,0,0,0,0,0,0,0,1,0,0,1,2023-05-24,0,0.0,0.125,0.020833333333333332
TXN_6167259,0,0,0,1,0,0,0,0,0,0,1,2023-04-14,0,0.25,0.5,0.20833333333333331
TXN_7068653,0,0,1,0,0,0,0,0,1,0,0,2023-06-05,0,0.25,0.0,0.041666666666666664
TXN_1572930,0,1,0,0,0,0,0,0,1,0,0,2023-07-17,0,0.5,0.25,0.20833333333333331
TXN_2788797,0,0,0,0,0,0,0,1,0,0,1,2023-03-23,1,0.25,0.125,0.08333333333333333
TXN_4255767,0,0,0,1,0,0,0,0,0,1,0,2023-05-25,1,0.0,0.5,0.08333333333333333
TXN_7367474,0,0,0,1,0,0,0,0,0,0,1,2023-01-01,1,1.0,0.5,0.5833333333333333
TXN_7551097,1,0,0,0,0,0,0,0,0,0,1,2023-06-12,0,0.25,0.5,0.20833333333333331
TXN_1546695,0,1,0,0,0,0,0,0,0,1,0,2023-03-06,1,1.0,0.25,0.375
TXN_4030010,0,0,0,0,0,1,0,0,1,0,0,2023-11-16,1,1.0,0.75,0.7916666666666666
TXN_4567455,0,1,0,0,0,0,0,0,1,0,0,2023-02-01,0,0.5,0.25,0.20833333333333331
TXN_7958487,0,0,1,0,0,0,0,0,0,1,0,2023-01-20,1,1.0,0.0,0.16666666666666666
TXN_2864420,0,0,0,0,0,1,0,0,1,0,0,2023-07-12,0,0.0,0.75,0.125
TXN_1498343,0,0,0,0,1,0,0,0,0,1,0,2023-03-31,1,0.25,1.0,0.375
TXN_3107619,0,0,1,0,0,0,0,0,0,0,1,2023-05-31,1,0.25,0.0,0.041666666666666664
TXN_1923349,1,0,0,0,0,0,0,0,0,0,1,2023-07-06,1,0.75,0.5,0.20833333333333331
TXN_7380217,0,0,0,0,0,0,0,1,0,0,1,2023-09-10,1,0.0,0.125,0.020833333333333332
TXN_3195132,0,0,0,0,1,0,0,0,0,1,0,2023-08-26,0,0.75,1.0,0.7916666666666666
TXN_9001088,0,1,0,0,0,0,0,0,0,1,0,2023-08-19,0,0.25,0.25,0.125
TXN_2101437,0,0,0,0,0,0,1,0,1,0,0,2023-08-27,0,0.25,0.75,0.29166666666666663
TXN_7411993,1,0,0,0,0,0,0,0,0,0,1,2023-02-11,0,0.25,0.5,0.20833333333333331
TXN_2879092,0,0,0,0,0,0,0,1,1,0,0,2023-05-22,0,0.5,0.125,0.14583333333333331
TXN_8791641,0,0,0,0,0,0,0,1,0,1,0,2023-01-25,0,1.0,0.125,0.2708333333333333
TXN_4679593,0,0,0,1,0,0,0,0,1,0,0,2023-01-10,0,0.0,0.5,0.08333333333333333
TXN_1907250,0,0,1,0,0,0,0,0,0,1,0,2023-11-15,0,0.0,0.0,0.0
TXN_8504764,0,0,0,0,0,0,1,0,0,0,1,2023-02-19,1,0.25,0.75,0.29166666666666663
TXN_1630051,0,0,0,0,0,0,1,0,0,0,1,2023-03-17,1,1.0,0.75,0.7916666666666666
TXN_2566258,0,0,1,0,0,0,0,0,1,0,0,2023-06-08,1,0.75,0.0,0.125
TXN_5785600,0,0,0,0,1,0,0,0,1,0,0,2023-12-10,0,1.0,1.0,1.0
TXN_4864206,0,0,1,0,0,0,0,0,1,0,0,2023-03-18,0,1.0,0.0,0.16666666666666666
TXN_4360040,0,0,0,0,1,0,0,0,0,1,0,2023-11-15,0,0.0,1.0,0.16666666666666666
TXN_9490163,0,0,0,0,1,0,0,0,0,1,0,2023-02-23,0,0.75,1.0,0.7916666666666666
TXN_2640727,1,0,0,0,0,0,0,0,0,0,1,2023-03-05,1,0.5,0.5,0.3333333333333333
TXN_9927061,0,0,1,0,0,0,0,0,0,0,1,2023-10-17,1,0.25,0.0,0.041666666666666664
TXN_5113993,0,1,0,0,0,0,0,0,0,1,0,2023-02-10,1,0.0,0.25,0.041666666666666664
TXN_2192787,0,0,0,0,0,1,0,0,1,0,0,2023-01-01,0,1.0,0.75,0.7916666666666666
TXN_2127588,1,0,0,0,0,0,0,0,1,0,0,2023-07-17,0,0.75,0.5,0.4583333333333333
TXN_5284338,0,1,0,0,0,0,0,0,1,0,0,2023-03-30,1,0.75,0.25,0.29166666666666663
TXN_8108748,0,0,0,0,0,1,0,0,1,0,0,2023-06-19,0,0.0,0.75,0.125
TXN_5538713,0,0,1,0,0,0,0,0,0,0,1,2023-09-20,1,0.25,0.0,0.041666666666666664
TXN_5949811,0,0,0,0,0,0,0,1,0,0,1,2023-02-21,0,0.25,0.125,0.08333333333333333
TXN_2565449,0,0,0,0,0,0,1,0,0,1,0,2023-10-04,0,0.5,0.75,0.4583333333333333
TXN_7264039,1,0,0,0,0,0,0,0,1,0,0,2023-09-19,1,1.0,0.5,0.5833333333333333
TXN_9224501,0,0,0,0,1,0,0,0,0,1,0,2023-12-08,0,1.0,1.0,1.0
TXN_5767393,0,0,0,0,0,0,1,0,0,0,1,2023-09-11,0,0.5,0.75,0.4583333333333333
TXN_2628024,0,0,0,0,0,0,1,0,0,1,0,2023-05-02,0,0.0,0.75,0.125
TXN_4638629,0,0,0,0,0,0,1,0,0,1,0,2023-02-10,1,0.75,0.75,0.625
TXN_9287133,1,0,0,0,0,0,0,0,0,0,1,2023-04-20,0,1.0,0.5,0.5833333333333333
TXN_6223786,1,0,0,0,0,0,0,0,1,0,0,2023-07-05,1,1.0,0.5,0.5833333333333333
TXN_5460750,0,0,0,1,0,0,0,0,0,1,0,2023-07-31,0,0.5,0.5,0.3333333333333333
TXN_6792445,1,0,0,0,0,0,0,0,1,0,0,2023-12-03,0,0.5,0.5,0.3333333333333333
TXN_2543138,0,0,0,0,0,1,0,0,0,1,0,2023-05-20,0,0.0,0.75,0.125
TXN_7134064,0,0,0,0,0,0,1,0,0,1,0,2023-04-04,1,1.0,0.75,0.7916666666666666
TXN_8616163,0,0,0,0,0,0,1,0,0,1,0,2023-08-06,1,0.25,0.75,0.29166666666666663
TXN_9201988,0,1,0,0,0,0,0,0,0,0,1,2023-05-14,1,0.5,0.25,0.20833333333333331
TXN_5486063,0,0,0,0,0,0,1,0,1,0,0,2023-05-21,0,0.5,0.75,0.4583333333333333
TXN_2285849,0,0,0,0,0,0,0,1,0,1,0,2023-09-10,1,0.25,0.125,0.08333333333333333
TXN_9577271,0,0,0,0,0,1,0,0,1,0,0,2023-09-30,0,1.0,0.75,0.7916666666666666
TXN_6568536,1,0,0,0,0,0,0,0,1,0,0,2023-12-29,0,0.0,0.5,0.08333333333333333
TXN_6802372,0,0,0,1,0,0,0,0,1,0,0,2023-07-20,0,0.5,0.5,0.3333333333333333
TXN_2624121,0,0,0,0,0,0,0,1,0,0,1,2023-01-28,0,1.0,0.125,0.2708333333333333
TXN_8994477,0,1,0,0,0,0,0,0,1,0,0,2023-04-19,0,0.5,0.25,0.20833333333333331
TXN_7868879,0,0,0,0,0,1,0,0,1,0,0,2023-05-02,1,0.75,0.75,0.625
TXN_8321225,0,0,0,0,0,0,0,1,0,1,0,2023-08-20,1,0.75,0.125,0.20833333333333331
TXN_1439390,0,0,0,1,0,0,0,0,0,1,0,2023-02-14,0,0.75,0.5,0.4583333333333333
TXN_9373436,0,0,0,0,1,0,0,0,0,0,1,2023-04-06,1,0.75,1.0,0.7916666666666666
TXN_6243519,0,1,0,0,0,0,0,0,1,0,0,2023-03-03,1,0.5,0.25,0.20833333333333331
TXN_8668901,0,0,0,1,0,0,0,0,0,1,0,2023-06-30,1,0.25,0.5,0.20833333333333331
TXN_4903004,0,0,0,0,0,0,0,1,0,0,1,2023-12-03,0,0.75,0.125,0.20833333333333331
TXN_2195218,1,0,0,0,0,0,0,0,0,0,1,2023-09-10,0,0.75,0.5,0.4583333333333333
TXN_9678108,0,0,0,0,1,0,0,0,0,1,0,2023-10-10,1,0.5,1.0,0.5833333333333333
TXN_3206876,0,0,0,0,1,0,0,0,0,0,1,2023-11-07,0,0.75,1.0,0.7916666666666666
TXN_3064922,0,0,0,0,1,0,0,0,1,0,0,2023-11-12,0,0.25,1.0,0.375
TXN_7362525,1,0,0,0,0,0,0,0,1,0,0,2023-06-09,1,1.0,0.5,0.5833333333333333
TXN_2161341,0,0,0,0,1,0,0,0,0,0,1,2023-03-12,1,1.0,1.0,1.0
TXN_8753888,0,0,1,0,0,0,0,0,0,1,0,2023-12-25,1,0.75,0.0,0.125
TXN_3265596,0,0,0,0,0,0,0,1,1,0,0,2023-12-28,0,0.0,0.125,0.020833333333333332
TXN_2815691,0,0,0,1,0,0,0,0,0,0,1,2023-02-06,0,1.0,0.5,0.5833333333333333
TXN_8956534,0,1,0,0,0,0,0,0,1,0,0,2023-06-05,1,1.0,0.25,0.375
TXN_7957208,0,0,0,0,0,0,0,1,0,0,1,2023-04-14,1,0.0,0.125,0.020833333333333332
TXN_6851213,0,0,0,1,0,0,0,0,0,0,1,2023-05-19,1,0.0,0.5,0.08333333333333333
TXN_7127903,0,1,0,0,0,0,0,0,1,0,0,2023-11-27,0,1.0,0.25,0.375
TXN_7543722,0,0,1,0,0,0,0,0,0,0,1,2023-08-26,1,0.5,0.0,0.08333333333333333
TXN_7952680,0,0,0,0,1,0,0,0,1,0,0,2023-06-09,0,0.0,1.0,0.16666666666666666
TXN_8556062,0,0,0,0,0,1,0,0,0,1,0,2023-08-07,1,1.0,0.75,0.7916666666666666
TXN_8429412,0,0,0,0,0,0,1,0,0,1,0,2023-06-23,0,0.75,0.75,0.625
TXN_3817784,0,0,0,0,1,0,0,0,0,1,0,2023-11-25,1,0.0,1.0,0.16666666666666666
TXN_1749105,0,0,0,0,0,1,0,0,1,0,0,2023-10-17,0,1.0,0.75,0.7916666666666666
TXN_9731530,0,0,0,0,0,0,0,1,0,1,0,2023-06-23,0,0.75,0.125,0.20833333333333331
TXN_1248266,0,0,0,0,1,0,0,0,0,1,0,2023-10-14,0,0.5,1.0,0.5833333333333333
TXN_5400273,0,0,0,0,0,0,1,0,0,1,0,2023-05-24,1,0.75,0.75,0.625
TXN_2255634,0,0,0,0,1,0,0,0,1,0,0,2023-04-09,0,0.75,1.0,0.7916666666666666
TXN_3312002,0,0,0,0,0,0,1,0,0,0,1,2023-04-30,1,0.75,0.75,0.625
TXN_5331122,0,0,0,0,1,0,0,0,0,1,0,2023-09-26,0,0.75,1.0,0.7916666666666666
TXN_1227800,0,0,0,1,0,0,0,0,1,0,0,2023-02-19,1,0.5,0.5,0.3333333333333333
TXN_1867836,0,0,0,1,0,0,0,0,0,1,0,2023-03-21,1,0.0,0.5,0.08333333333333333
TXN_3051509,0,0,1,0,0,0,0,0,0,1,0,2023-03-07,0,1.0,0.0,0.16666666666666666
TXN_5108804,0,0,0,1,0,0,0,0,0,0,1,2023-09-26,0,0.0,0.5,0.08333333333333333
TXN_2699583,0,0,0,0,0,1,0,0,0,0,1,2023-07-26,0,1.0,0.75,0.7916666666666666
TXN_1622577,0,0,0,1,0,0,0,0,1,0,0,2023-03-14,0,0.0,0.5,0.08333333333333333
TXN_9508880,0,1,0,0,0,0,0,0,1,0,0,2023-10-26,0,0.75,0.25,0.29166666666666663
TXN_2156218,0,0,0,0,0,0,1,0,0,0,1,2023-07-24,0,0.25,0.75,0.29166666666666663
TXN_8271025,0,0,0,1,0,0,0,0,0,1,0,2023-03-09,0,1.0,0.5,0.5833333333333333
TXN_4894699,0,0,1,0,0,0,0,0,0,0,1,2023-02-20,0,0.25,0.0,0.041666666666666664
TXN_5427338,1,0,0,0,0,0,0,0,0,0,1,2023-04-27,0,0.25,0.5,0.20833333333333331
TXN_8631468,1,0,0,0,0,0,0,0,0,1,0,2023-10-10,0,0.0,0.5,0.08333333333333333
TXN_6315590,0,0,0,0,0,0,0,1,0,0,1,2023-10-04,0,1.0,0.125,0.2708333333333333
TXN_7825457,1,0,0,0,0,0,0,0,1,0,0,2023-09-15,1,1.0,0.5,0.5833333333333333
TXN_7468777,0,0,0,0,1,0,0,0,0,0,1,2023-07-26,0,0.0,1.0,0.16666666666666666
TXN_2378096,0,0,0,0,0,0,0,1,1,0,0,2023-09-22,1,0.5,0.125,0.14583333333333331
TXN_2627056,0,0,0,0,0,1,0,0,0,0,1,2023-04-22,1,0.75,0.75,0.625
TXN_5062280,0,0,0,0,0,0,1,0,0,1,0,2023-07-05,1,0.75,0.75,0.625
TXN_3620110,0,1,0,0,0,0,0,0,0,0,1,2023-06-01,1,0.0,0.25,0.041666666666666664
TXN_7290923,0,0,0,0,1,0,0,0,0,1,0,2023-02-09,1,0.5,1.0,0.5833333333333333
TXN_7844687,1,0,0,0,0,0,0,0,1,0,0,2023-10-01,0,0.0,0.5,0.08333333333333333
TXN_1005331,0,1,0,0,0,0,0,0,0,0,1,2023-11-04,1,0.0,0.25,0.041666666666666664
TXN_1579182,0,0,0,1,0,0,0,0,1,0,0,2023-02-20,0,1.0,0.5,0.5833333333333333
TXN_7311097,0,1,0,0,0,0,0,0,0,1,0,2023-08-05,0,1.0,0.25,0.375
TXN_1185118,0,0,0,1,0,0,0,0,0,0,1,2023-11-15,0,1.0,0.5,0.5833333333333333
TXN_4836614,0,0,0,0,0,0,0,1,0,0,1,2023-04-03,1,0.75,0.125,0.20833333333333331
TXN_7477271,0,0,0,0,0,0,0,1,1,0,0,2023-07-12,1,1.0,0.125,0.2708333333333333
TXN_6503052,0,0,0,1,0,0,0,0,1,0,0,2023-04-21,1,0.75,0.5,0.4583333333333333
TXN_6471268,0,0,0,0,0,0,1,0,0,0,1,2023-02-10,1,1.0,0.75,0.7916666666666666
TXN_3985301,0,0,0,0,0,0,1,0,0,0,1,2023-09-02,0,0.25,0.75,0.29166666666666663
TXN_6843517,0,0,0,0,0,1,0,0,0,1,0,2023-01-02,0,1.0,0.75,0.7916666666666666
TXN_9370304,0,0,0,0,0,0,1,0,0,1,0,2023-09-01,1,0.75,0.75,0.625
TXN_9298053,0,0,0,1,0,0,0,0,1,0,0,2023-06-29,0,1.0,0.5,0.5833333333333333
TXN_1446862,1,0,0,0,0,0,0,0,0,0,1,2023-09-26,1,0.5,0.5,0.3333333333333333
TXN_4987246,0,0,1,0,0,0,0,0,0,0,1,2023-11-24,1,0.5,0.0,0.08333333333333333
TXN_6271219,0,0,0,0,0,1,0,0,1,0,0,2023-06-07,0,0.5,0.75,0.4583333333333333
TXN_2614545,0,0,0,0,0,0,0,1,1,0,0,2023-08-10,0,0.0,0.125,0.020833333333333332
TXN_4917580,0,1,0,0,0,0,0,0,0,1,0,2023-03-08,0,0.5,0.25,0.20833333333333331
TXN_6236864,0,0,0,0,0,0,0,1,0,0,1,2023-08-17,0,0.25,0.125,0.08333333333333333
TXN_7825648,0,1,0,0,0,0,0,0,1,0,0,2023-05-18,1,0.0,0.25,0.041666666666666664
TXN_1853196,0,0,0,0,0,1,0,0,0,1,0,2023-08-28,1,0.0,0.75,0.125
TXN_7201361,0,0,0,0,0,0,1,0,1,0,0,2023-05-26,0,0.5,0.75,0.4583333333333333
TXN_6902481,0,0,0,1,0,0,0,0,1,0,0,2023-09-03,1,0.5,0.5,0.3333333333333333
TXN_4041845,0,0,0,1,0,0,0,0,0,1,0,2023-12-01,1,1.0,0.5,0.5833333333333333
TXN_8861272,0,1,0,0,0,0,0,0,0,0,1,2023-03-27,1,0.0,0.25,0.041666666666666664
TXN_7527954,1,0,0,0,0,0,0,0,0,1,0,2023-12-09,0,0.75,0.5,0.4583333333333333
TXN_2229365,0,0,0,0,0,1,0,0,1,0,0,2023-09-07,0,0.25,0.75,0.29166666666666663
TXN_5563675,0,0,0,0,0,0,0,1,0,0,1,2023-01-01,0,0.5,0.125,0.14583333333333331
TXN_7416770,0,0,0,1,0,0,0,0,0,0,1,2023-04-08,1,0.5,0.5,0.3333333333333333
TXN_6594187,0,0,0,0,0,0,0,1,0,1,0,2023-12-12,1,1.0,0.125,0.2708333333333333
TXN_8632098,0,0,0,0,1,0,0,0,0,1,0,2023-01-06,0,0.25,1.0,0.375
TXN_3520908,0,0,0,0,0,1,0,0,0,0,1,2023-08-01,1,0.5,0.75,0.4583333333333333
TXN_7907499,0,0,0,1,0,0,0,0,0,0,1,2023-04-18,1,0.5,0.5,0.3333333333333333
TXN_8360073,1,0,0,0,0,0,0,0,0,0,1,2023-06-15,0,0.75,0.5,0.4583333333333333
TXN_4840295,0,0,0,0,0,1,0,0,0,0,1,2023-02-02,1,0.75,0.75,0.625
TXN_4140167,0,1,0,0,0,0,0,0,1,0,0,2023-06-29,1,0.25,0.25,0.125
TXN_2690515,0,0,0,0,0,1,0,0,1,0,0,2023-09-06,1,0.25,0.75,0.29166666666666663
TXN_2080682,0,1,0,0,0,0,0,0,0,1,0,2023-05-02,0,0.5,0.25,0.20833333333333331
TXN_8399341,0,0,0,0,0,0,0,1,1,0,0,2023-03-22,0,1.0,0.125,0.2708333333333333
TXN_5661891,0,0,0,0,1,0,0,0,0,0,1,2023-10-28,1,0.0,1.0,0.16666666666666666
TXN_3164212,0,0,0,0,0,0,1,0,0,0,1,2023-11-14,0,0.75,0.75,0.625
TXN_1834831,0,0,0,0,1,0,0,0,0,0,1,2023-02-16,0,1.0,1.0,1.0
TXN_3360401,0,0,0,0,0,0,0,1,0,0,1,2023-02-05,1,0.25,0.125,0.08333333333333333
TXN_6036520,0,1,0,0,0,0,0,0,1,0,0,2023-09-15,1,1.0,0.25,0.375
TXN_1582958,0,1,0,0,0,0,0,0,1,0,0,2023-12-08,0,0.25,0.25,0.125
TXN_9834415,0,0,1,0,0,0,0,0,0,1,0,2023-12-28,0,0.25,0.0,0.041666666666666664
TXN_7325430,0,1,0,0,0,0,0,0,1,0,0,2023-04-17,1,0.25,0.25,0.125
TXN_6440365,0,0,0,0,0,0,1,0,1,0,0,2023-05-14,0,0.25,0.75,0.29166666666666663
TXN_4002629,1,0,0,0,0,0,0,0,0,1,0,2023-06-15,0,1.0,0.5,0.5833333333333333
TXN_4244830,0,1,0,0,0,0,0,0,0,0,1,2023-04-24,0,1.0,0.25,0.375
TXN_2217038,0,0,0,0,0,0,0,1,0,1,0,2023-06-12,1,1.0,0.125,0.2708333333333333
TXN_6259827,1,0,0,0,0,0,0,0,0,1,0,2023-06-14,1,0.25,0.5,0.20833333333333331
TXN_6551087,0,0,0,0,0,0,1,0,0,1,0,2023-05-02,1,0.0,0.75,0.125
TXN_1643039,0,0,1,0,0,0,0,0,0,1,0,2023-02-17,0,0.5,0.0,0.08333333333333333
TXN_3683787,0,0,0,0,0,0,0,1,0,1,0,2023-09-16,0,1.0,0.125,0.2708333333333333
TXN_5765576,0,0,0,0,0,1,0,0,1,0,0,2023-11-22,0,1.0,0.75,0.7916666666666666
TXN_4155134,0,0,1,0,0,0,0,0,0,0,1,2023-05-07,1,0.0,0.0,0.0
TXN_1795044,0,1,0,0,0,0,0,0,0,0,1,2023-08-15,1,0.25,0.25,0.125
TXN_3328393,0,0,0,1,0,0,0,0,0,1,0,2023-04-16,0,0.5,0.5,0.3333333333333333
TXN_2399870,0,0,0,0,1,0,0,0,1,0,0,2023-04-08,0,0.75,1.0,0.7916666666666666
TXN_8898121,0,0,0,0,0,0,0,1,0,0,1,2023-03-26,0,0.75,0.125,0.20833333333333331
TXN_4735392,0,0,0,0,0,0,1,0,0,1,0,2023-04-04,1,0.5,0.75,0.4583333333333333
TXN_3244935,0,0,0,0,1,0,0,0,1,0,0,2023-11-24,1,1.0,1.0,1.0
TXN_8410712,0,0,0,1,0,0,0,0,0,0,1,2023-10-23,1,1.0,0.5,0.5833333333333333
TXN_8997048,0,0,0,1,0,0,0,0,1,0,0,2023-12-05,0,0.0,0.5,0.08333333333333333
TXN_6009395,0,0,0,0,0,1,0,0,1,0,0,2023-07-20,0,0.75,0.75,0.625
TXN_3733753,0,0,0,0,0,1,0,0,0,0,1,2023-03-10,1,0.0,0.75,0.125
TXN_4084548,0,0,0,0,1,0,0,0,1,0,0,2023-07-21,0,0.25,1.0,0.375
TXN_7125945,1,0,0,0,0,0,0,0,0,1,0,2023-01-30,0,0.5,0.5,0.3333333333333333
TXN_6746140,0,0,1,0,0,0,0,0,0,0,1,2023-09-24,1,1.0,0.0,0.16666666666666666
TXN_8103439,0,0,0,0,0,0,1,0,0,0,1,2023-11-30,1,0.0,0.75,0.125
TXN_9474082,0,0,0,0,1,0,0,0,0,0,1,2023-03-22,0,0.5,1.0,0.5833333333333333
TXN_2623927,0,0,0,0,0,1,0,0,0,0,1,2023-01-27,1,0.25,0.75,0.29166666666666663
TXN_8707598,0,0,0,1,0,0,0,0,0,1,0,2023-10-22,1,0.75,0.5,0.4583333333333333
TXN_2810554,0,0,0,1,0,0,0,0,0,1,0,2023-02-18,1,0.0,0.5,0.08333333333333333
TXN_5435751,0,0,0,0,0,1,0,0,0,1,0,2023-05-24,1,0.0,0.75,0.125
TXN_9991468,0,0,0,1,0,0,0,0,0,1,0,2023-11-30,1,0.75,0.5,0.4583333333333333
TXN_1339457,0,0,0,0,0,0,1,0,0,0,1,2023-05-23,0,0.5,0.75,0.4583333333333333
TXN_5186460,0,0,0,1,0,0,0,0,0,1,0,2023-11-07,0,0.5,0.5,0.3333333333333333
TXN_8936782,0,0,0,1,0,0,0,0,0,0,1,2023-04-01,0,1.0,0.5,0.5833333333333333
TXN_6885561,0,0,0,0,0,0,1,0,0,0,1,2023-06-24,1,0.5,0.75,0.4583333333333333
TXN_4089089,0,0,0,0,0,0,1,0,1,0,0,2023-10-26,1,1.0,0.75,0.7916666666666666
TXN_6304285,1,0,0,0,0,0,0,0,0,0,1,2023-11-16,1,1.0,0.5,0.5833333333333333
TXN_7792996,0,0,0,0,1,0,0,0,1,0,0,2023-12-20,0,0.75,1.0,0.7916666666666666
TXN_3653328,0,0,1,0,0,0,0,0,0,0,1,2023-06-27,0,0.75,0.0,0.125
TXN_3003876,0,0,1,0,0,0,0,0,1,0,0,2023-08-27,1,0.5,0.0,0.08333333333333333
TXN_4015634,0,0,0,0,0,0,0,1,0,1,0,2023-06-28,0,0.25,0.125,0.08333333333333333
TXN_8166394,0,0,0,1,0,0,0,0,0,1,0,2023-12-22,0,0.75,0.5,0.4583333333333333
TXN_1270603,0,0,0,1,0,0,0,0,0,1,0,2023-12-03,1,0.75,0.5,0.4583333333333333
TXN_8837886,0,0,0,0,0,0,1,0,1,0,0,2023-04-20,0,0.5,0.75,0.4583333333333333
TXN_1437275,0,1,0,0,0,0,0,0,0,1,0,2023-07-22,0,0.5,0.25,0.20833333333333331
TXN_5791605,0,0,0,0,0,0,1,0,1,0,0,2023-05-17,1,0.5,0.75,0.4583333333333333
TXN_5836079,0,1,0,0,0,0,0,0,0,0,1,2023-07-14,1,0.0,0.25,0.041666666666666664
TXN_2897115,0,1,0,0,0,0,0,0,0,0,1,2023-06-23,0,0.5,0.25,0.20833333333333331
TXN_8916613,0,0,0,0,1,0,0,0,1,0,0,2023-06-19,1,0.75,1.0,0.7916666666666666
TXN_9251292,0,0,0,0,0,0,0,1,1,0,0,2023-01-20,1,0.25,0.125,0.08333333333333333
TXN_9639025,0,1,0,0,0,0,0,0,0,1,0,2023-12-06,1,1.0,0.25,0.375
TXN_7770253,0,1,0,0,0,0,0,0,0,0,1,2023-01-06,1,1.0,0.25,0.375
TXN_9196116,1,0,0,0,0,0,0,0,1,0,0,2023-07-06,0,0.25,0.5,0.20833333333333331
TXN_5405799,0,1,0,0,0,0,0,0,1,0,0,2023-08-13,0,0.5,0.25,0.20833333333333331
TXN_1701500,0,0,0,0,0,0,1,0,0,1,0,2023-01-05,1,0.0,0.75,0.125
TXN_6669163,0,0,1,0,0,0,0,0,0,1,0,2023-07-26,1,0.0,0.0,0.0
TXN_9695128,1,0,0,0,0,0,0,0,1,0,0,2023-12-21,0,0.0,0.5,0.08333333333333333
TXN_8700156,0,0,0,0,0,0,0,1,0,1,0,2023-12-25,0,0.75,0.125,0.20833333333333331
TXN_7192920,0,0,0,0,0,0,1,0,0,0,1,2023-02-28,1,0.75,0.75,0.625
TXN_1866816,0,0,0,1,0,0,0,0,1,0,0,2023-08-21,0,0.5,0.5,0.3333333333333333
TXN_2423762,0,1,0,0,0,0,0,0,0,0,1,2023-08-12,1,0.0,0.25,0.041666666666666664
TXN_4007506,0,0,0,0,1,0,0,0,0,1,0,2023-01-19,0,0.0,1.0,0.16666666666666666
TXN_4371760,0,0,0,0,0,0,1,0,1,0,0,2023-01-12,0,0.25,0.75,0.29166666666666663
TXN_4468830,0,0,0,0,0,0,1,0,0,0,1,2023-11-10,0,0.75,0.75,0.625
TXN_1908100,0,0,0,1,0,0,0,0,1,0,0,2023-04-17,0,0.25,0.5,0.20833333333333331
TXN_3892344,0,0,1,0,0,0,0,0,0,0,1,2023-07-28,1,0.25,0.0,0.041666666666666664
TXN_3023841,0,0,0,0,0,0,0,1,0,0,1,2023-04-29,1,0.5,0.125,0.14583333333333331
TXN_8793244,1,0,0,0,0,0,0,0,0,1,0,2023-05-08,1,0.75,0.5,0.4583333333333333
TXN_5764993,0,0,0,0,1,0,0,0,1,0,0,2023-04-26,1,0.5,1.0,0.5833333333333333
TXN_2376525,0,0,0,0,0,1,0,0,0,0,1,2023-12-21,1,1.0,0.75,0.7916666666666666
TXN_2628941,0,0,0,0,0,0,1,0,0,0,1,2023-12-27,0,0.0,0.75,0.125
TXN_5206049,0,0,1,0,0,0,0,0,0,0,1,2023-06-24,1,0.5,0.5,0.08333333333333333
TXN_5448602,0,0,0,1,0,0,0,0,0,1,0,2023-01-17,0,0.5,0.5,0.3333333333333333
TXN_1346517,0,1,0,0,0,0,0,0,0,0,1,2023-03-20,1,0.0,0.25,0.041666666666666664
TXN_9277534,0,0,0,0,0,0,1,0,0,1,0,2023-04-25,0,0.25,0.75,0.29166666666666663
TXN_4946991,1,0,0,0,0,0,0,0,0,0,1,2023-04-17,0,0.0,0.5,0.08333333333333333
TXN_9663098,0,0,0,1,0,0,0,0,1,0,0,2023-06-10,0,0.25,0.5,0.20833333333333331
TXN_2492586,0,0,0,0,1,0,0,0,1,0,0,2023-05-17,0,0.5,1.0,0.5833333333333333
TXN_2450799,0,0,0,0,0,0,0,1,0,1,0,2023-11-26,0,1.0,0.125,0.2708333333333333
TXN_6145837,1,0,0,0,0,0,0,0,0,0,1,2023-08-27,1,1.0,0.5,0.5833333333333333
TXN_3665727,0,0,1,0,0,0,0,0,1,0,0,2023-10-13,0,0.0,0.0,0.0
TXN_5067056,0,0,0,0,0,1,0,0,1,0,0,2023-08-13,0,0.0,0.75,0.125
TXN_8453110,0,0,0,0,0,0,1,0,0,0,1,2023-06-24,1,0.5,0.75,0.4583333333333333
TXN_4954887,0,0,1,0,0,0,0,0,0,0,1,2023-06-11,0,0.5,0.0,0.08333333333333333
TXN_4449173,0,1,0,0,0,0,0,0,0,0,1,2023-04-05,1,0.0,0.25,0.041666666666666664
TXN_6641409,0,0,0,0,0,1,0,0,0,0,1,2023-11-21,1,1.0,0.75,0.7916666666666666
TXN_6132959,0,0,0,0,1,0,0,0,0,0,1,2023-07-01,0,1.0,1.0,1.0
TXN_8626161,0,0,0,0,0,0,1,0,0,0,1,2023-11-23,0,0.5,0.75,0.4583333333333333
TXN_7099050,0,0,0,0,1,0,0,0,0,1,0,2023-01-18,1,0.5,1.0,0.5833333333333333
TXN_8938663,0,1,0,0,0,0,0,0,0,0,1,2023-09-09,1,0.0,0.25,0.041666666666666664
TXN_5039624,0,0,1,0,0,0,0,0,0,0,1,2023-04-27,1,0.75,0.0,0.125
TXN_9565465,0,0,0,0,0,0,0,1,0,1,0,2023-12-26,0,0.5,0.125,0.14583333333333331
TXN_6301600,0,0,0,1,0,0,0,0,0,0,1,2023-02-28,0,0.75,0.5,0.4583333333333333
TXN_1529904,0,1,0,0,0,0,0,0,0,1,0,2023-11-25,0,0.0,0.25,0.041666666666666664
TXN_4784128,0,0,0,0,0,1,0,0,1,0,0,2023-08-27,1,0.5,0.75,0.4583333333333333
TXN_5807634,0,0,0,0,0,1,0,0,0,0,1,2023-05-23,1,1.0,0.75,0.7916666666666666
TXN_5560205,0,1,0,0,0,0,0,0,1,0,0,2023-12-22,0,0.5,0.25,0.20833333333333331
TXN_2193092,0,0,0,1,0,0,0,0,0,1,0,2023-10-30,1,0.75,0.5,0.4583333333333333
TXN_8191921,0,0,0,0,1,0,0,0,0,0,1,2023-11-10,1,0.5,1.0,0.5833333333333333
TXN_1833277,0,0,0,0,0,0,0,1,1,0,0,2023-10-19,1,0.25,0.125,0.08333333333333333
TXN_6346774,0,0,0,1,0,0,0,0,1,0,0,2023-03-04,0,0.5,0.5,0.3333333333333333
TXN_6119798,0,0,0,0,1,0,0,0,0,1,0,2023-09-19,0,0.0,1.0,0.16666666666666666
TXN_9793353,0,1,0,0,0,0,0,0,0,1,0,2023-08-21,1,0.5,0.25,0.20833333333333331
TXN_5017895,0,0,0,0,1,0,0,0,1,0,0,2023-09-25,1,0.75,1.0,0.7916666666666666
TXN_4547995,1,0,0,0,0,0,0,0,0,0,1,2023-11-30,0,0.5,0.5,0.3333333333333333
TXN_7032256,0,0,0,0,0,1,0,0,0,1,0,2023-03-13,0,1.0,0.75,0.7916666666666666
TXN_2578309,0,0,0,0,0,0,1,0,1,0,0,2023-05-05,0,0.5,0.75,0.4583333333333333
TXN_2064360,0,1,0,0,0,0,0,0,0,0,1,2023-08-30,0,0.75,0.25,0.29166666666666663
TXN_5508573,1,0,0,0,0,0,0,0,0,1,0,2023-12-17,1,0.0,0.5,0.08333333333333333
TXN_7125392,0,0,1,0,0,0,0,0,0,0,1,2023-07-05,1,0.75,0.0,0.125
TXN_2564219,0,0,0,0,1,0,0,0,0,0,1,2023-07-18,1,0.0,1.0,0.16666666666666666
TXN_1203954,0,0,0,0,0,1,0,0,0,0,1,2023-08-12,0,0.0,0.75,0.125
TXN_4671054,0,0,0,0,1,0,0,0,1,0,0,2023-06-20,0,0.75,1.0,0.7916666666666666
TXN_4488222,0,0,0,0,0,0,0,1,0,0,1,2023-03-13,1,0.5,0.125,0.14583333333333331
TXN_3103967,0,0,0,1,0,0,0,0,0,1,0,2023-11-12,1,0.25,0.5,0.20833333333333331
TXN_9853577,0,0,0,0,0,1,0,0,0,1,0,2023-04-30,0,0.25,0.75,0.29166666666666663
TXN_4349597,0,0,0,1,0,0,0,0,0,1,0,2023-08-21,1,0.75,0.5,0.4583333333333333
TXN_3353214,0,0,0,0,0,0,1,0,0,1,0,2023-08-12,0,1.0,0.75,0.7916666666666666
TXN_7122708,0,0,0,0,0,1,0,0,0,1,0,2023-06-23,1,1.0,0.75,0.7916666666666666
TXN_8788437,0,1,0,0,0,0,0,0,0,0,1,2023-11-19,0,0.0,0.25,0.041666666666666664
TXN_1672443,0,1,0,0,0,0,0,0,0,1,0,2023-10-03,1,0.0,0.25,0.041666666666666664
TXN_6277500,0,1,0,0,0,0,0,0,0,1,0,2023-01-09,1,0.75,0.25,0.29166666666666663
TXN_6671827,0,0,0,0,1,0,0,0,0,1,0,2023-08-09,1,0.0,1.0,0.16666666666666666
TXN_4647042,0,0,0,0,0,1,0,0,0,0,1,2023-04-25,1,1.0,0.75,0.7916666666666666
TXN_1183212,0,0,0,1,0,0,0,0,1,0,0,2023-06-30,0,0.75,0.5,0.4583333333333333
TXN_8426712,0,0,1,0,0,0,0,0,1,0,0,2023-05-22,0,0.5,0.0,0.08333333333333333
TXN_5894676,0,0,0,0,0,0,1,0,0,1,0,2023-06-17,1,1.0,0.75,0.7916666666666666
TXN_1411744,0,0,0,0,0,0,1,0,0,1,0,2023-09-17,1,0.75,0.75,0.625
TXN_6610554,0,1,0,0,0,0,0,0,0,0,1,2023-10-28,1,1.0,0.25,0.375
TXN_6169248,0,0,0,1,0,0,0,0,0,1,0,2023-08-12,0,1.0,0.5,0.5833333333333333
TXN_1581997,0,0,0,0,1,0,0,0,0,0,1,2023-08-26,0,0.75,1.0,0.7916666666666666
TXN_4868913,1,0,0,0,0,0,0,0,1,0,0,2023-06-30,1,0.75,0.5,0.4583333333333333
TXN_8277553,0,0,0,0,0,0,0,1,1,0,0,2023-09-26,0,0.5,0.125,0.14583333333333331
TXN_4030197,0,0,0,0,1,0,0,0,0,1,0,2023-03-05,1,0.5,1.0,0.5833333333333333
TXN_7276927,0,1,0,0,0,0,0,0,1,0,0,2023-07-06,1,1.0,0.25,0.375
TXN_3912836,0,0,0,0,1,0,0,0,0,1,0,2023-11-23,0,0.0,1.0,0.16666666666666666
TXN_3833729,0,0,0,0,0,0,1,0,0,0,1,2023-11-13,0,0.75,0.75,0.625
TXN_7054393,0,1,0,0,0,0,0,0,0,0,1,2023-05-30,0,0.25,0.25,0.125
TXN_1395083,0,0,0,1,0,0,0,0,1,0,0,2023-07-08,0,0.0,0.5,0.08333333333333333
TXN_8784653,0,0,0,0,0,0,1,0,1,0,0,2023-09-12,0,0.0,0.75,0.125
TXN_3943666,0,0,0,1,0,0,0,0,0,1,0,2023-03-15,1,0.75,0.5,0.4583333333333333
TXN_8308672,0,0,0,0,1,0,0,0,0,0,1,2023-01-01,1,0.25,1.0,0.375
TXN_3190959,0,0,0,0,0,0,0,1,0,1,0,2023-12-16,1,0.25,0.125,0.08333333333333333
TXN_6199016,0,0,0,1,0,0,0,0,0,0,1,2023-02-14,0,0.0,0.5,0.08333333333333333
TXN_9301279,0,0,0,0,0,0,1,0,0,1,0,2023-05-27,1,0.0,0.75,0.125
TXN_8900751,0,0,0,0,0,1,0,0,0,1,0,2023-01-30,1,0.0,0.75,0.125
TXN_6542877,0,0,0,1,0,0,0,0,0,1,0,2023-12-06,0,0.0,0.5,0.08333333333333333
TXN_5516804,0,0,0,0,0,1,0,0,0,1,0,2023-09-26,1,1.0,0.75,0.7916666666666666
TXN_6345733,0,1,0,0,0,0,0,0,0,0,1,2023-11-26,0,0.0,0.25,0.041666666666666664
TXN_5834491,0,0,0,0,0,0,0,1,0,0,1,2023-08-13,1,0.5,0.125,0.14583333333333331
TXN_1667192,1,0,0,0,0,0,0,0,1,0,0,2023-07-17,1,0.75,0.5,0.4583333333333333
TXN_1454730,0,1,0,0,0,0,0,0,0,0,1,2023-07-21,1,1.0,0.25,0.375
TXN_3243832,1,0,0,0,0,0,0,0,1,0,0,2023-08-10,1,0.25,0.5,0.20833333333333331
TXN_7501717,0,0,0,0,0,1,0,0,0,1,0,2023-08-03,1,0.0,0.75,0.125
TXN_1351151,0,0,0,0,0,0,1,0,0,1,0,2023-10-03,1,0.0,0.75,0.125
TXN_6117497,0,1,0,0,0,0,0,0,0,0,1,2023-02-13,0,0.25,0.25,0.125
TXN_6018740,0,0,0,0,0,0,1,0,0,0,1,2023-12-03,1,0.25,0.75,0.29166666666666663
TXN_3818464,1,0,0,0,0,0,0,0,1,0,0,2023-03-02,0,0.25,0.5,0.20833333333333331
TXN_2093816,0,0,0,0,0,1,0,0,1,0,0,2023-04-06,1,0.5,0.75,0.4583333333333333
TXN_7694020,0,0,1,0,0,0,0,0,0,0,1,2023-08-06,1,0.25,0.0,0.041666666666666664
TXN_4215488,0,0,0,0,1,0,0,0,1,0,0,2023-10-07,0,1.0,1.0,1.0
TXN_5167425,0,0,0,1,0,0,0,0,0,0,1,2023-08-04,0,1.0,0.5,0.5833333333333333
TXN_7075261,0,0,0,1,0,0,0,0,0,1,0,2023-07-29,1,0.0,0.5,0.08333333333333333
TXN_2694724,0,0,0,0,0,1,0,0,0,0,1,2023-06-26,0,0.25,0.75,0.29166666666666663
TXN_8285304,0,0,1,0,0,0,0,0,1,0,0,2023-07-09,0,0.0,0.0,0.0
TXN_7415686,0,0,0,0,0,1,0,0,0,1,0,2023-04-13,0,0.5,0.75,0.4583333333333333
TXN_8877644,0,0,1,0,0,0,0,0,0,0,1,2023-09-01,1,0.25,0.0,0.041666666666666664
TXN_7231548,0,0,0,0,0,0,1,0,0,1,0,2023-11-06,0,0.5,0.75,0.4583333333333333
TXN_2879361,0,0,0,1,0,0,0,0,0,0,1,2023-11-22,1,0.5,0.5,0.3333333333333333
TXN_5956755,0,0,0,0,0,1,0,0,0,0,1,2023-03-05,1,1.0,0.75,0.7916666666666666
TXN_6124342,1,0,0,0,0,0,0,0,1,0,0,2023-09-14,1,0.5,0.5,0.3333333333333333
TXN_3824443,0,0,0,0,0,0,1,0,0,0,1,2023-10-08,0,0.5,0.75,0.4583333333333333
TXN_6778177,0,0,1,0,0,0,0,0,1,0,0,2023-10-12,1,0.75,0.0,0.125
TXN_2634410,0,0,0,0,0,0,1,0,1,0,0,2023-07-15,0,0.5,0.75,0.4583333333333333
TXN_6975750,0,0,0,1,0,0,0,0,0,1,0,2023-01-08,1,1.0,0.5,0.5833333333333333
TXN_9293417,0,0,0,0,0,0,0,1,0,0,1,2023-06-12,1,0.5,0.125,0.14583333333333331
TXN_7741256,1,0,0,0,0,0,0,0,0,0,1,2023-04-24,1,1.0,0.5,0.5833333333333333
TXN_3484190,0,1,0,0,0,0,0,0,0,0,1,2023-12-27,0,1.0,0.25,0.375
TXN_2621008,0,0,1,0,0,0,0,0,0,0,1,2023-10-21,1,0.25,0.0,0.041666666666666664
TXN_5429861,1,0,0,0,0,0,0,0,0,0,1,2023-03-20,1,0.0,0.5,0.08333333333333333
TXN_2828596,0,1,0,0,0,0,0,0,0,0,1,2023-11-25,1,0.25,0.25,0.125
TXN_6348290,0,1,0,0,0,0,0,0,0,0,1,2023-01-24,0,0.75,0.25,0.29166666666666663
TXN_9813943,0,0,0,0,1,0,0,0,1,0,0,2023-04-06,0,0.25,1.0,0.375
TXN_2364171,0,0,0,1,0,0,0,0,1,0,0,2023-05-18,1,0.75,0.5,0.4583333333333333
TXN_8002886,0,1,0,0,0,0,0,0,0,0,1,2023-05-28,1,1.0,0.25,0.375
TXN_9956671,1,0,0,0,0,0,0,0,0,1,0,2023-05-05,1,0.5,0.5,0.3333333333333333
TXN_7694491,0,0,0,0,1,0,0,0,1,0,0,2023-09-01,0,0.5,1.0,0.5833333333333333
TXN_7517996,1,0,0,0,0,0,0,0,1,0,0,2023-10-22,1,0.25,0.5,0.20833333333333331
TXN_1655827,1,0,0,0,0,0,0,0,0,1,0,2023-09-06,0,0.0,0.5,0.08333333333333333
TXN_6047026,0,0,0,0,0,0,1,0,0,0,1,2023-03-24,0,0.25,0.75,0.29166666666666663
TXN_4225300,0,0,0,0,0,1,0,0,1,0,0,2023-08-02,1,0.0,0.75,0.125
TXN_2764962,0,0,0,0,0,0,0,1,0,1,0,2023-08-13,1,0.25,0.125,0.08333333333333333
TXN_5396727,0,0,0,1,0,0,0,0,0,1,0,2023-10-13,1,0.25,0.5,0.20833333333333331
TXN_5198827,0,0,0,0,0,0,0,1,0,0,1,2023-02-15,1,1.0,0.125,0.2708333333333333
TXN_8023817,0,0,0,1,0,0,0,0,0,0,1,2023-05-08,1,0.75,0.5,0.4583333333333333
TXN_3413185,1,0,0,0,0,0,0,0,0,1,0,2023-03-03,0,0.75,0.5,0.4583333333333333
TXN_9783452,0,0,0,1,0,0,0,0,1,0,0,2023-04-11,1,0.5,0.5,0.3333333333333333
TXN_4171507,0,0,0,0,0,0,0,1,1,0,0,2023-10-26,0,0.0,0.125,0.020833333333333332
TXN_1491299,0,0,0,1,0,0,0,0,0,1,0,2023-02-27,0,0.25,0.5,0.20833333333333331
TXN_4187327,0,0,0,0,0,0,0,1,0,1,0,2023-04-01,1,0.25,0.125,0.08333333333333333
TXN_3277379,0,0,0,0,1,0,0,0,0,1,0,2023-01-06,1,0.25,1.0,0.375
TXN_2568101,0,0,0,0,1,0,0,0,1,0,0,2023-08-03,1,1.0,1.0,1.0
TXN_3247340,0,0,0,0,0,0,0,1,1,0,0,2023-12-25,1,0.5,0.125,0.14583333333333331
TXN_7797321,0,0,0,0,0,1,0,0,0,0,1,2023-11-26,0,1.0,0.75,0.7916666666666666
TXN_7512574,0,0,0,0,0,0,0,1,0,0,1,2023-12-17,1,0.0,0.125,0.020833333333333332
TXN_3044825,0,0,0,0,0,0,0,1,0,1,0,2023-08-14,0,0.0,0.125,0.020833333333333332
TXN_9019429,0,0,0,0,0,0,1,0,0,0,1,2023-05-11,0,0.25,0.75,0.29166666666666663
TXN_9744862,0,0,0,1,0,0,0,0,1,0,0,2023-09-19,0,0.75,0.5,0.4583333333333333
TXN_6365371,0,0,0,0,0,0,1,0,0,1,0,2023-06-16,1,0.25,0.75,0.29166666666666663
TXN_4543880,0,0,0,0,1,0,0,0,1,0,0,2023-07-18,1,0.5,1.0,0.5833333333333333
TXN_4064245,0,0,0,1,0,0,0,0,0,1,0,2023-02-20,1,0.5,0.5,0.3333333333333333
TXN_8777692,0,1,0,0,0,0,0,0,0,1,0,2023-12-06,0,0.75,0.25,0.29166666666666663
TXN_9126502,0,0,0,0,0,0,1,0,0,1,0,2023-09-22,1,1.0,0.75,0.7916666666666666
TXN_6626427,0,0,1,0,0,0,0,0,0,0,1,2023-02-13,0,0.75,0.0,0.125
TXN_4507755,1,0,0,0,0,0,0,0,0,0,1,2023-05-10,0,0.25,0.5,0.20833333333333331
TXN_3928766,0,0,0,1,0,0,0,0,1,0,0,2023-01-14,1,1.0,0.5,0.5833333333333333
TXN_9104535,1,0,0,0,0,0,0,0,0,1,0,2023-04-13,1,0.75,0.5,0.4583333333333333
TXN_4914535,0,0,1,0,0,0,0,0,1,0,0,2023-05-23,1,0.25,0.0,0.041666666666666664
TXN_4824773,0,0,0,0,1,0,0,0,1,0,0,2023-06-06,1,1.0,1.0,1.0
TXN_9981953,0,0,0,0,0,0,1,0,0,1,0,2023-02-03,0,0.5,0.75,0.4583333333333333
TXN_6627338,0,0,0,1,0,0,0,0,0,1,0,2023-12-03,1,1.0,0.5,0.5833333333333333
TXN_3555821,0,0,0,0,0,1,0,0,0,0,1,2023-07-12,0,0.5,0.75,0.4583333333333333
TXN_1372991,0,1,0,0,0,0,0,0,1,0,0,2023-11-17,0,0.75,0.25,0.29166666666666663
TXN_6364938,0,1,0,0,0,0,0,0,0,0,1,2023-07-16,0,0.5,0.25,0.20833333333333331
TXN_3040823,0,0,0,0,0,0,1,0,0,0,1,2023-10-06,0,0.0,0.75,0.125
TXN_6755757,0,0,0,0,0,0,1,0,0,1,0,2023-04-05,0,0.75,0.75,0.625
TXN_4563646,0,0,0,1,0,0,0,0,1,0,0,2023-10-10,1,1.0,0.5,0.5833333333333333
TXN_3596456,0,1,0,0,0,0,0,0,0,0,1,2023-11-08,1,0.5,0.25,0.20833333333333331
TXN_2130415,0,1,0,0,0,0,0,0,0,0,1,2023-12-08,1,0.0,0.25,0.041666666666666664
TXN_9617421,0,0,0,0,0,0,0,1,1,0,0,2023-08-21,0,0.0,0.125,0.020833333333333332
TXN_1738607,0,0,0,1,0,0,0,0,0,1,0,2023-01-17,0,0.25,0.5,0.20833333333333331
TXN_3832513,0,0,0,0,1,0,0,0,0,0,1,2023-02-13,1,0.0,1.0,0.16666666666666666
TXN_4128086,0,0,0,0,0,0,0,1,0,1,0,2023-05-29,0,0.75,0.125,0.20833333333333331
TXN_3927733,0,0,0,0,1,0,0,0,0,1,0,2023-01-20,1,1.0,1.0,1.0
TXN_2518917,0,0,1,0,0,0,0,0,0,1,0,2023-05-21,0,0.0,0.0,0.0
TXN_9489176,0,0,0,1,0,0,0,0,0,0,1,2023-01-10,0,1.0,0.5,0.5833333333333333
TXN_2004781,0,0,0,0,0,1,0,0,1,0,0,2023-04-20,1,1.0,0.75,0.7916666666666666
TXN_3061266,0,0,1,0,0,0,0,0,0,1,0,2023-12-06,0,0.75,0.0,0.125
TXN_2036482,1,0,0,0,0,0,0,0,1,0,0,2023-06-04,0,0.0,0.5,0.08333333333333333
TXN_7217284,0,0,0,0,1,0,0,0,1,0,0,2023-12-29,0,0.5,1.0,0.5833333333333333
TXN_5055872,0,0,0,0,0,1,0,0,0,1,0,2023-02-05,0,0.5,0.75,0.4583333333333333
TXN_1386024,1,0,0,0,0,0,0,0,0,1,0,2023-05-21,1,0.75,0.5,0.4583333333333333
TXN_8397155,0,0,0,0,1,0,0,0,0,1,0,2023-08-16,1,0.75,1.0,0.7916666666666666
TXN_9491244,1,0,0,0,0,0,0,0,1,0,0,2023-04-19,0,1.0,0.5,0.5833333333333333
TXN_4301188,0,0,0,0,0,0,1,0,0,1,0,2023-12-23,0,0.75,0.75,0.625
TXN_4522012,0,1,0,0,0,0,0,0,0,0,1,2023-04-13,0,0.25,0.25,0.125
TXN_4650044,0,0,1,0,0,0,0,0,1,0,0,2023-06-21,1,0.75,0.0,0.125
TXN_5721215,0,0,0,0,0,0,0,1,0,0,1,2023-05-17,1,0.25,0.125,0.08333333333333333
TXN_7865220,0,0,0,0,0,0,1,0,0,1,0,2023-06-28,1,0.0,0.75,0.125
TXN_1869147,0,0,0,0,0,0,1,0,0,0,1,2023-11-21,1,0.75,0.75,0.625
TXN_3377885,0,0,0,0,0,1,0,0,1,0,0,2023-05-08,0,0.5,0.75,0.4583333333333333
TXN_9270865,0,0,0,0,0,0,1,0,0,1,0,2023-11-06,1,0.25,0.75,0.29166666666666663
TXN_7373126,0,0,0,0,0,0,1,0,0,1,0,2023-11-18,0,0.25,0.75,0.29166666666666663
TXN_8097899,0,1,0,0,0,0,0,0,0,0,1,2023-09-05,0,0.75,0.25,0.29166666666666663
TXN_6131415,0,0,0,0,0,0,0,1,0,0,1,2023-11-24,0,1.0,0.125,0.2708333333333333
TXN_1248436,1,0,0,0,0,0,0,0,0,1,0,2023-08-14,1,0.75,0.5,0.4583333333333333
TXN_1718733,0,1,0,0,0,0,0,0,1,0,0,2023-05-31,1,0.5,0.25,0.20833333333333331
TXN_9063887,1,0,0,0,0,0,0,0,0,1,0,2023-07-15,1,1.0,0.5,0.5833333333333333
TXN_5932169,0,0,0,0,1,0,0,0,0,1,0,2023-11-06,1,1.0,1.0,1.0
TXN_6064282,0,0,0,0,0,0,1,0,0,1,0,2023-10-18,1,0.75,0.75,0.625
TXN_9309509,0,0,0,0,0,0,0,1,0,1,0,2023-11-15,0,1.0,0.125,0.2708333333333333
TXN_5413274,0,0,0,0,0,0,1,0,0,1,0,2023-02-10,0,1.0,0.75,0.7916666666666666
TXN_5902629,0,0,1,0,0,0,0,0,1,0,0,2023-01-26,1,0.5,0.0,0.08333333333333333
TXN_2461859,0,0,0,0,0,1,0,0,0,0,1,2023-09-23,0,0.25,0.75,0.29166666666666663
TXN_6629689,0,0,0,0,0,1,0,0,0,1,0,2023-05-29,0,0.25,0.75,0.29166666666666663
TXN_2806206,0,0,0,0,0,1,0,0,1,0,0,2023-01-25,0,0.5,0.75,0.4583333333333333
TXN_8900579,0,0,0,0,0,1,0,0,0,1,0,2023-11-01,0,0.5,0.75,0.4583333333333333
TXN_5406758,0,0,0,0,1,0,0,0,0,0,1,2023-07-06,1,1.0,1.0,1.0
TXN_2982163,0,1,0,0,0,0,0,0,0,0,1,2023-03-22,1,0.75,0.25,0.29166666666666663
TXN_3225132,0,0,0,0,0,1,0,0,0,1,0,2023-06-26,1,0.5,0.75,0.4583333333333333
TXN_6522252,0,0,0,0,0,0,0,1,0,0,1,2023-01-14,0,0.25,0.125,0.08333333333333333
TXN_5855981,0,0,0,1,0,0,0,0,1,0,0,2023-11-09,1,0.25,0.5,0.20833333333333331
TXN_4802389,1,0,0,0,0,0,0,0,1,0,0,2023-12-14,0,0.25,0.5,0.20833333333333331
TXN_7516790,1,0,0,0,0,0,0,0,0,0,1,2023-01-08,1,0.25,0.5,0.20833333333333331
TXN_2631671,0,0,1,0,0,0,0,0,0,1,0,2023-11-14,1,0.0,0.0,0.0
TXN_2345373,0,0,0,0,0,0,0,1,0,1,0,2023-02-20,1,0.5,0.125,0.14583333333333331
TXN_9372046,0,1,0,0,0,0,0,0,0,1,0,2023-04-10,0,0.5,0.25,0.20833333333333331
TXN_9402270,0,1,0,0,0,0,0,0,0,0,1,2023-02-09,0,0.5,0.25,0.20833333333333331
TXN_9306229,0,0,0,0,0,0,1,0,1,0,0,2023-09-08,0,0.25,0.75,0.29166666666666663
TXN_5379179,0,0,1,0,0,0,0,0,0,0,1,2023-07-08,0,0.25,0.0,0.041666666666666664
TXN_1996318,1,0,0,0,0,0,0,0,0,0,1,2023-09-04,0,1.0,0.5,0.5833333333333333
TXN_2135613,0,0,0,0,0,0,1,0,0,0,1,2023-04-06,1,0.5,0.75,0.4583333333333333
TXN_1461246,0,0,0,0,0,0,1,0,1,0,0,2023-06-01,1,0.0,0.75,0.125
TXN_2452624,0,0,0,1,0,0,0,0,1,0,0,2023-11-10,0,0.0,0.5,0.08333333333333333
TXN_1108663,0,0,0,1,0,0,0,0,1,0,0,2023-08-16,1,0.5,0.5,0.3333333333333333
TXN_5319247,0,0,0,0,0,1,0,0,0,0,1,2023-03-02,0,1.0,0.75,0.7916666666666666
TXN_3599473,0,1,0,0,0,0,0,0,1,0,0,2023-08-29,1,0.25,0.25,0.125
TXN_4959129,1,0,0,0,0,0,0,0,0,1,0,2023-06-24,0,0.25,0.5,0.20833333333333331
TXN_5591145,0,0,0,0,0,1,0,0,0,1,0,2023-08-22,1,0.5,0.75,0.4583333333333333
TXN_9587015,0,0,0,0,1,0,0,0,0,0,1,2023-06-25,0,0.5,1.0,0.5833333333333333
TXN_7997641,0,0,0,0,0,0,1,0,0,1,0,2023-12-20,0,0.25,0.75,0.29166666666666663
TXN_7943598,0,0,0,0,0,0,1,0,0,1,0,2023-04-30,1,0.75,0.75,0.625
TXN_6845472,0,0,0,0,0,0,1,0,0,0,1,2023-12-11,0,1.0,0.75,0.7916666666666666
TXN_2861396,0,0,0,0,1,0,0,0,0,1,0,2023-01-04,1,1.0,1.0,1.0
TXN_6915899,0,0,0,0,1,0,0,0,0,1,0,2023-05-29,0,0.5,1.0,0.5833333333333333
TXN_6211466,0,0,0,0,0,0,0,1,1,0,0,2023-09-12,0,0.25,0.125,0.08333333333333333
TXN_3200203,0,0,0,0,0,1,0,0,1,0,0,2023-12-04,1,0.25,0.25,0.29166666666666663
TXN_5198524,1,0,0,0,0,0,0,0,0,1,0,2023-06-14,0,0.0,0.5,0.08333333333333333
TXN_8498613,0,0,0,0,0,1,0,0,1,0,0,2023-11-08,0,0.25,0.75,0.29166666666666663
TXN_3432879,1,0,0,0,0,0,0,0,0,1,0,2023-02-05,0,1.0,0.5,0.5833333333333333
TXN_6786340,0,1,0,0,0,0,0,0,0,0,1,2023-04-18,1,1.0,0.25,0.375
TXN_8689246,0,0,0,0,0,1,0,0,0,1,0,2023-05-16,0,1.0,0.75,0.7916666666666666
TXN_4536553,0,0,0,0,0,0,0,1,1,0,0,2023-08-17,1,0.25,0.125,0.08333333333333333
TXN_9036067,0,0,1,0,0,0,0,0,0,1,0,2023-10-06,0,1.0,0.0,0.16666666666666666
TXN_4201578,0,0,0,0,1,0,0,0,0,0,1,2023-01-23,0,1.0,1.0,1.0
TXN_1249069,0,1,0,0,0,0,0,0,1,0,0,2023-01-22,1,0.25,0.25,0.125
TXN_4068183,0,0,0,0,0,0,1,0,0,0,1,2023-08-01,1,0.75,0.75,0.625
TXN_7206160,0,0,0,0,0,1,0,0,1,0,0,2023-09-07,0,0.25,0.75,0.29166666666666663
TXN_7903841,0,0,0,1,0,0,0,0,0,0,1,2023-06-24,1,0.25,0.5,0.20833333333333331
TXN_8936663,0,0,1,0,0,0,0,0,0,1,0,2023-11-12,0,0.75,0.0,0.125
TXN_7771434,0,1,0,0,0,0,0,0,0,1,0,2023-03-26,0,0.75,0.25,0.29166666666666663
TXN_6087494,0,0,0,1,0,0,0,0,0,1,0,2023-07-05,0,1.0,0.5,0.5833333333333333
TXN_2252121,0,0,0,0,0,0,1,0,1,0,0,2023-02-01,0,0.5,0.75,0.4583333333333333
TXN_5358805,0,1,0,0,0,0,0,0,0,0,1,2023-01-01,0,1.0,0.25,0.375
TXN_2490759,0,0,0,0,0,0,1,0,1,0,0,2023-11-19,0,0.5,0.75,0.4583333333333333
TXN_2605566,1,0,0,0,0,0,0,0,1,0,0,2023-12-01,0,0.25,0.5,0.20833333333333331
TXN_6691781,0,1,0,0,0,0,0,0,0,1,0,2023-09-07,0,0.75,0.25,0.29166666666666663
TXN_1730850,0,0,0,1,0,0,0,0,1,0,0,2023-12-15,1,0.25,0.5,0.20833333333333331
TXN_7051359,0,1,0,0,0,0,0,0,0,1,0,2023-10-30,1,1.0,0.25,0.375
TXN_2202863,0,0,0,0,1,0,0,0,1,0,0,2023-07-28,0,1.0,1.0,1.0
TXN_7145672,0,0,0,0,0,1,0,0,0,1,0,2023-10-11,0,0.0,0.75,0.125
TXN_5974123,0,0,0,0,0,1,0,0,0,0,1,2023-06-25,1,0.25,0.75,0.29166666666666663
TXN_9833245,0,0,1,0,0,0,0,0,0,0,1,2023-04-30,1,0.0,0.0,0.0
TXN_1515059,1,0,0,0,0,0,0,0,0,0,1,2023-10-25,0,0.75,0.5,0.4583333333333333
TXN_9690114,0,1,0,0,0,0,0,0,0,1,0,2023-12-01,1,0.25,0.25,0.125
TXN_7944534,0,0,0,0,0,0,0,1,0,0,1,2023-10-13,0,0.25,0.125,0.08333333333333333
TXN_6337312,0,0,0,0,1,0,0,0,0,0,1,2023-01-11,0,0.0,1.0,0.16666666666666666
TXN_5239202,1,0,0,0,0,0,0,0,0,1,0,2023-09-14,0,0.0,0.5,0.08333333333333333
TXN_1512184,0,1,0,0,0,0,0,0,1,0,0,2023-01-28,1,0.5,0.25,0.20833333333333331
TXN_9864212,0,0,0,0,0,0,1,0,1,0,0,2023-12-20,1,1.0,0.75,0.7916666666666666
TXN_6811368,0,1,0,0,0,0,0,0,0,1,0,2023-02-18,1,0.75,0.25,0.29166666666666663
TXN_3854036,0,0,0,1,0,0,0,0,1,0,0,2023-11-07,0,0.5,0.5,0.3333333333333333
TXN_3873656,0,1,0,0,0,0,0,0,0,1,0,2023-09-30,1,0.5,0.25,0.20833333333333331
TXN_8792638,0,0,0,0,0,0,0,1,0,1,0,2023-07-02,1,0.5,0.125,0.14583333333333331
TXN_7397665,0,0,0,0,1,0,0,0,0,1,0,2023-11-11,1,1.0,1.0,1.0
TXN_3493951,0,0,0,0,0,0,1,0,1,0,0,2023-08-20,1,1.0,0.75,0.7916666666666666
TXN_1480967,0,0,0,0,0,0,0,1,1,0,0,2023-08-03,1,0.25,0.125,0.08333333333333333
TXN_1510315,0,1,0,0,0,0,0,0,1,0,0,2023-02-28,1,0.5,0.25,0.20833333333333331
TXN_7763592,0,0,0,0,0,0,1,0,0,1,0,2023-02-17,0,0.0,0.75,0.125
TXN_9710307,0,0,0,0,0,0,0,1,1,0,0,2023-01-24,1,0.25,0.125,0.08333333333333333
TXN_1860406,0,1,0,0,0,0,0,0,0,0,1,2023-06-17,1,0.25,0.25,0.125
TXN_1663257,0,0,0,1,0,0,0,0,0,1,0,2023-04-23,1,0.5,0.5,0.3333333333333333
TXN_2743696,0,0,1,0,0,0,0,0,0,1,0,2023-04-28,0,0.0,0.0,0.0
TXN_7640700,0,0,0,1,0,0,0,0,1,0,0,2023-01-15,1,0.25,0.5,0.20833333333333331
TXN_3227186,0,0,0,0,1,0,0,0,0,0,1,2023-05-05,1,0.25,1.0,0.375
TXN_7917193,0,0,1,0,0,0,0,0,1,0,0,2023-05-18,0,0.5,0.0,0.08333333333333333
TXN_2490435,0,0,1,0,0,0,0,0,0,1,0,2023-03-13,0,0.0,0.0,0.0
TXN_4698656,0,0,0,0,0,0,1,0,1,0,0,2023-12-07,1,0.75,0.75,0.625
TXN_3507334,0,0,0,1,0,0,0,0,0,0,1,2023-05-05,1,0.75,0.5,0.4583333333333333
TXN_5255023,0,0,0,0,0,1,0,0,0,1,0,2023-11-15,0,0.25,0.75,0.29166666666666663
TXN_8669012,0,0,0,0,0,0,0,1,0,0,1,2023-07-26,1,0.5,0.125,0.14583333333333331
TXN_1299959,0,0,0,0,0,0,1,0,1,0,0,2023-06-23,0,1.0,0.75,0.7916666666666666
TXN_3680047,0,0,0,0,1,0,0,0,1,0,0,2023-07-16,1,1.0,1.0,1.0
TXN_8379880,0,0,0,1,0,0,0,0,0,0,1,2023-05-24,1,0.5,0.5,0.3333333333333333
TXN_4801832,0,0,0,0,1,0,0,0,0,1,0,2023-08-05,1,0.25,1.0,0.375
TXN_3425783,0,0,0,1,0,0,0,0,1,0,0,2023-06-15,1,0.25,0.5,0.20833333333333331
TXN_4099487,0,0,0,0,0,1,0,0,0,0,1,2023-01-25,1,1.0,0.75,0.7916666666666666
TXN_8878830,0,1,0,0,0,0,0,0,0,1,0,2023-10-11,1,0.75,0.25,0.29166666666666663
TXN_7524977,0,0,0,0,0,0,0,1,0,0,1,2023-12-09,1,0.75,0.0,0.16666666666666666
TXN_8295101,0,0,0,0,0,0,0,1,0,1,0,2023-10-23,0,0.75,0.125,0.20833333333333331
TXN_3303114,0,0,0,0,1,0,0,0,0,1,0,2023-06-18,0,0.75,1.0,0.7916666666666666
TXN_2106437,0,0,0,0,0,0,0,1,1,0,0,2023-08-01,1,0.0,0.125,0.020833333333333332
TXN_2291713,0,0,0,0,1,0,0,0,1,0,0,2023-08-06,0,0.75,1.0,0.7916666666666666
TXN_7552449,1,0,0,0,0,0,0,0,1,0,0,2023-05-26,1,0.5,0.5,0.3333333333333333
TXN_9021000,0,1,0,0,0,0,0,0,0,1,0,2023-01-20,0,0.5,0.25,0.20833333333333331
TXN_4205369,0,0,0,0,1,0,0,0,0,0,1,2023-07-16,1,1.0,1.0,1.0
TXN_4551806,0,0,0,0,0,0,0,1,0,1,0,2023-01-09,1,0.0,0.125,0.020833333333333332
TXN_5313211,0,0,0,0,0,0,1,0,0,1,0,2023-05-04,0,1.0,0.75,0.7916666666666666
TXN_2282283,0,0,1,0,0,0,0,0,0,0,1,2023-02-23,1,0.25,0.0,0.041666666666666664
TXN_3193321,0,0,0,0,0,0,1,0,0,0,1,2023-08-15,1,0.5,0.75,0.4583333333333333
TXN_7211769,0,0,0,1,0,0,0,0,0,1,0,2023-09-11,0,0.0,0.5,0.08333333333333333
TXN_6643951,0,0,0,0,0,1,0,0,0,1,0,2023-01-07,0,0.0,0.75,0.125
TXN_1653570,0,1,0,0,0,0,0,0,1,0,0,2023-10-10,1,1.0,0.25,0.375
TXN_3722720,0,0,0,0,1,0,0,0,0,0,1,2023-06-27,0,0.25,1.0,0.375
TXN_7624646,0,0,0,0,0,0,1,0,0,1,0,2023-03-24,0,0.25,0.75,0.29166666666666663
TXN_6725579,0,0,0,0,0,0,0,1,0,1,0,2023-02-21,1,0.25,0.125,0.08333333333333333
TXN_4015101,0,0,0,0,0,1,0,0,0,1,0,2023-01-18,1,0.0,0.75,0.125
TXN_6037712,0,0,0,0,1,0,0,0,0,1,0,2023-08-10,0,0.5,1.0,0.5833333333333333
TXN_6845225,0,0,0,0,0,0,0,1,0,1,0,2023-02-21,1,0.75,0.125,0.20833333333333331
TXN_5214219,0,0,0,0,1,0,0,0,0,1,0,2023-03-22,0,0.75,1.0,0.7916666666666666
TXN_3388054,0,1,0,0,0,0,0,0,1,0,0,2023-11-13,0,1.0,0.25,0.375
TXN_5817991,0,0,0,0,0,0,1,0,1,0,0,2023-05-24,1,0.75,0.75,0.625
TXN_2916247,0,0,0,0,1,0,0,0,0,1,0,2023-09-03,0,0.5,1.0,0.5833333333333333
TXN_9798525,0,1,0,0,0,0,0,0,0,0,1,2023-11-05,1,0.25,0.25,0.125
TXN_4974012,0,0,0,0,0,1,0,0,1,0,0,2023-05-17,1,1.0,0.75,0.7916666666666666
TXN_7644000,1,0,0,0,0,0,0,0,0,0,1,2023-02-07,1,0.25,0.5,0.20833333333333331
TXN_1482123,0,1,0,0,0,0,0,0,1,0,0,2023-06-17,0,0.0,0.25,0.041666666666666664
TXN_5622313,0,0,0,0,1,0,0,0,0,1,0,2023-01-07,0,0.25,1.0,0.375
TXN_5737831,0,0,0,1,0,0,0,0,0,0,1,2023-05-15,1,0.75,0.5,0.4583333333333333
TXN_3446033,0,0,1,0,0,0,0,0,0,1,0,2023-02-15,1,0.5,0.0,0.08333333333333333
TXN_6249754,0,0,0,0,0,0,1,0,0,1,0,2023-10-21,1,0.0,0.75,0.125
TXN_9729280,0,0,0,0,0,0,0,1,0,1,0,2023-11-06,0,0.5,0.125,0.14583333333333331
TXN_9551638,0,0,0,0,1,0,0,0,1,0,0,2023-06-25,1,0.5,1.0,0.5833333333333333
TXN_5158607,0,0,0,0,0,0,1,0,0,1,0,2023-03-24,1,0.75,0.75,0.625
TXN_1045022,0,0,0,0,0,1,0,0,0,1,0,2023-10-13,1,0.75,0.75,0.625
TXN_5818032,0,0,1,0,0,0,0,0,1,0,0,2023-04-19,1,0.0,0.0,0.0
TXN_5404249,0,0,0,0,0,1,0,0,0,0,1,2023-10-04,1,0.0,0.75,0.125
TXN_5484423,0,1,0,0,0,0,0,0,0,0,1,2023-08-26,1,0.25,0.25,0.125
TXN_4598397,0,1,0,0,0,0,0,0,1,0,0,2023-09-13,1,0.75,0.25,0.29166666666666663
TXN_3849488,0,0,0,0,1,0,0,0,1,0,0,2023-03-01,0,0.0,1.0,0.16666666666666666
TXN_9186913,0,0,1,0,0,0,0,0,0,1,0,2023-10-16,1,0.25,0.0,0.041666666666666664
TXN_9507002,0,0,0,0,0,0,1,0,1,0,0,2023-05-08,1,0.0,0.75,0.125
TXN_4423218,0,0,1,0,0,0,0,0,1,0,0,2023-05-29,0,0.5,0.0,0.08333333333333333
TXN_4851339,0,0,0,0,0,1,0,0,0,0,1,2023-02-01,1,0.0,0.75,0.125
TXN_3274105,0,0,1,0,0,0,0,0,0,1,0,2023-07-28,1,1.0,0.0,0.16666666666666666
TXN_2810280,0,0,0,0,0,0,1,0,0,0,1,2023-06-25,1,0.0,0.75,0.125
TXN_9901424,0,0,1,0,0,0,0,0,0,0,1,2023-05-30,1,0.5,0.0,0.08333333333333333
TXN_3880417,0,0,1,0,0,0,0,0,0,0,1,2023-06-27,0,0.0,0.0,0.0
TXN_3756680,0,0,0,0,0,0,0,1,0,1,0,2023-08-30,1,0.25,0.125,0.08333333333333333
TXN_2334523,0,1,0,0,0,0,0,0,0,0,1,2023-08-17,1,1.0,0.25,0.375
TXN_8611913,0,0,0,0,0,0,0,1,0,0,1,2023-07-16,0,1.0,0.125,0.2708333333333333
TXN_7387701,0,1,0,0,0,0,0,0,1,0,0,2023-10-14,1,0.0,0.25,0.041666666666666664
TXN_9904091,0,0,0,0,1,0,0,0,0,0,1,2023-05-20,1,0.75,1.0,0.7916666666666666
TXN_4953063,0,0,0,0,0,0,0,1,0,1,0,2023-12-12,0,1.0,0.125,0.2708333333333333
TXN_5908857,0,0,0,0,0,0,1,0,0,1,0,2023-06-04,0,1.0,0.75,0.7916666666666666
TXN_4411172,0,0,0,0,0,0,1,0,1,0,0,2023-07-09,0,0.75,0.75,0.625
TXN_6841805,1,0,0,0,0,0,0,0,1,0,0,2023-02-14,0,0.25,0.5,0.20833333333333331
TXN_7800236,0,0,0,0,1,0,0,0,0,0,1,2023-07-19,0,0.5,1.0,0.5833333333333333
TXN_2413026,0,1,0,0,0,0,0,0,0,0,1,2023-04-26,1,0.0,0.25,0.041666666666666664
TXN_9947479,0,0,0,0,0,0,1,0,1,0,0,2023-09-27,1,1.0,0.75,0.7916666666666666
TXN_6403859,0,0,0,0,0,1,0,0,0,1,0,2023-03-06,0,1.0,0.75,0.7916666666666666
TXN_6828371,0,0,0,0,0,0,1,0,1,0,0,2023-10-20,0,0.75,0.75,0.625
TXN_8335965,0,0,0,0,0,0,0,1,0,1,0,2023-03-21,0,1.0,0.125,0.2708333333333333
TXN_9747008,0,0,0,0,0,0,0,1,1,0,0,2023-01-12,1,0.75,0.125,0.20833333333333331
TXN_9703722,0,0,0,0,0,1,0,0,0,0,1,2023-01-11,1,1.0,0.75,0.7916666666666666
TXN_6259001,0,0,0,0,0,0,0,1,0,0,1,2023-01-30,0,0.75,0.125,0.20833333333333331
TXN_6119081,0,1,0,0,0,0,0,0,1,0,0,2023-09-27,0,0.25,0.25,0.125
TXN_4811887,1,0,0,0,0,0,0,0,1,0,0,2023-02-11,0,0.25,0.5,0.20833333333333331
TXN_9587814,0,0,0,1,0,0,0,0,1,0,0,2023-01-25,0,0.5,0.5,0.3333333333333333
TXN_7682605,0,0,0,0,0,0,0,1,0,0,1,2023-10-19,0,1.0,0.125,0.2708333333333333
TXN_4690415,0,0,0,0,0,1,0,0,0,0,1,2023-11-02,0,0.25,0.75,0.29166666666666663
TXN_7946450,0,0,0,0,0,0,1,0,0,1,0,2023-07-15,0,0.0,0.75,0.125
TXN_2611393,0,0,0,0,0,0,1,0,1,0,0,2023-04-25,0,0.5,0.75,0.4583333333333333
TXN_2122597,1,0,0,0,0,0,0,0,0,1,0,2023-05-11,0,0.5,0.5,0.3333333333333333
TXN_7510217,0,0,0,0,0,0,0,1,0,1,0,2023-10-24,0,1.0,0.125,0.2708333333333333
TXN_3267783,1,0,0,0,0,0,0,0,0,0,1,2023-10-30,0,0.5,0.5,0.3333333333333333
TXN_7852397,0,0,0,0,0,0,0,1,1,0,0,2023-08-10,0,0.5,0.125,0.14583333333333331
TXN_8459594,0,0,0,0,0,1,0,0,0,1,0,2023-11-07,0,0.0,0.75,0.125
TXN_9190969,0,1,0,0,0,0,0,0,0,1,0,2023-10-06,0,0.0,0.25,0.041666666666666664
TXN_2982995,0,0,0,0,1,0,0,0,0,1,0,2023-04-06,1,0.0,1.0,0.16666666666666666
TXN_9181144,0,0,0,1,0,0,0,0,0,1,0,2023-10-25,1,0.5,0.5,0.3333333333333333
TXN_6490609,0,0,0,0,1,0,0,0,1,0,0,2023-03-03,0,0.75,1.0,0.7916666666666666
TXN_9938260,0,0,0,0,0,0,1,0,0,0,1,2023-03-03,0,0.75,0.75,0.625
TXN_5486398,0,0,1,0,0,0,0,0,1,0,0,2023-05-13,1,0.75,0.0,0.125
TXN_5875661,0,0,0,0,0,1,0,0,0,1,0,2023-08-12,0,0.5,0.75,0.4583333333333333
TXN_2555823,1,0,0,0,0,0,0,0,0,0,1,2023-06-21,0,0.75,0.5,0.4583333333333333
TXN_4223265,1,0,0,0,0,0,0,0,0,0,1,2023-06-06,0,1.0,0.5,0.5833333333333333
TXN_3390072,0,0,0,0,0,0,0,1,0,1,0,2023-05-03,1,0.0,0.125,0.020833333333333332
TXN_6491662,0,1,0,0,0,0,0,0,0,0,1,2023-10-06,1,0.25,0.25,0.125
TXN_1248167,0,0,0,0,0,0,1,0,1,0,0,2023-03-05,0,0.0,0.75,0.125
TXN_9500986,0,0,1,0,0,0,0,0,0,0,1,2023-05-10,1,0.25,0.0,0.041666666666666664
TXN_2147453,0,0,1,0,0,0,0,0,0,1,0,2023-04-27,0,0.75,0.0,0.125
TXN_9137801,0,0,0,0,0,0,1,0,0,1,0,2023-06-10,0,1.0,0.75,0.7916666666666666
TXN_4892303,0,0,0,0,0,1,0,0,0,0,1,2023-07-16,1,0.75,0.75,0.625
TXN_5985451,0,0,0,0,0,1,0,0,0,0,1,2023-07-24,0,0.25,0.75,0.29166666666666663
TXN_6092344,0,0,1,0,0,0,0,0,0,1,0,2023-12-04,1,1.0,0.0,0.16666666666666666
TXN_1218016,0,0,0,0,0,0,0,1,0,0,1,2023-11-26,0,0.5,0.125,0.14583333333333331
TXN_8110646,0,0,0,1,0,0,0,0,0,1,0,2023-06-07,1,0.25,0.5,0.20833333333333331
TXN_1221777,0,1,0,0,0,0,0,0,1,0,0,2023-01-29,0,0.5,0.25,0.20833333333333331
TXN_3691087,0,0,1,0,0,0,0,0,0,1,0,2023-07-11,1,0.75,0.0,0.125
TXN_5571026,0,0,0,0,1,0,0,0,1,0,0,2023-09-08,1,0.0,1.0,0.16666666666666666
TXN_6336973,0,1,0,0,0,0,0,0,0,0,1,2023-03-21,1,0.75,0.25,0.29166666666666663
TXN_5609260,0,0,1,0,0,0,0,0,0,0,1,2023-05-02,0,1.0,0.0,0.16666666666666666
TXN_4242676,0,1,0,0,0,0,0,0,0,1,0,2023-11-26,1,1.0,0.25,0.375
TXN_6835777,0,0,0,1,0,0,0,0,0,0,1,2023-05-11,0,1.0,0.5,0.5833333333333333
TXN_6097706,0,0,0,0,0,1,0,0,1,0,0,2023-02-15,1,0.75,0.75,0.625
TXN_5496581,0,0,0,1,0,0,0,0,0,1,0,2023-08-11,1,0.0,0.5,0.08333333333333333
TXN_2897468,0,0,0,0,1,0,0,0,1,0,0,2023-10-10,0,0.25,1.0,0.375
TXN_3260087,0,0,0,0,1,0,0,0,0,1,0,2023-04-20,0,1.0,1.0,1.0
TXN_2047672,0,0,0,0,0,1,0,0,0,1,0,2023-01-25,0,0.0,0.75,0.125
TXN_6893490,0,1,0,0,0,0,0,0,0,1,0,2023-03-17,1,0.5,0.25,0.20833333333333331
TXN_3743336,0,0,0,0,1,0,0,0,0,0,1,2023-02-21,0,0.25,1.0,0.375
TXN_6851654,0,0,0,0,1,0,0,0,0,0,1,2023-01-25,1,0.0,1.0,0.16666666666666666
TXN_8510511,0,1,0,0,0,0,0,0,1,0,0,2023-10-06,1,0.75,0.25,0.29166666666666663
TXN_2092306,0,0,0,1,0,0,0,0,1,0,0,2023-04-01,0,0.75,0.5,0.4583333333333333
TXN_7345190,0,0,0,0,0,0,1,0,0,0,1,2023-02-20,0,0.75,0.75,0.625
TXN_6647319,0,0,0,1,0,0,0,0,0,1,0,2023-10-23,0,1.0,0.5,0.5833333333333333
TXN_5889912,0,0,0,0,1,0,0,0,1,0,0,2023-09-26,0,0.0,1.0,0.16666666666666666
TXN_4483304,0,0,0,0,0,0,1,0,0,1,0,2023-11-08,1,0.75,0.75,0.625
TXN_3720223,1,0,0,0,0,0,0,0,1,0,0,2023-10-22,1,0.75,0.5,0.4583333333333333
TXN_4506778,1,0,0,0,0,0,0,0,0,0,1,2023-04-21,0,0.5,0.5,0.3333333333333333
TXN_8226226,0,0,0,0,0,1,0,0,1,0,0,2023-07-30,0,0.0,0.75,0.125
TXN_9723120,0,0,0,0,0,0,0,1,0,1,0,2023-01-26,1,1.0,0.125,0.2708333333333333
TXN_2726676,0,1,0,0,0,0,0,0,0,0,1,2023-08-10,0,0.5,0.25,0.20833333333333331
TXN_4011694,0,1,0,0,0,0,0,0,0,1,0,2023-09-02,0,0.0,0.25,0.041666666666666664
TXN_3327212,0,0,0,0,0,0,0,1,0,1,0,2023-12-20,0,0.25,0.125,0.08333333333333333
TXN_3558795,0,0,0,0,0,0,1,0,1,0,0,2023-05-30,0,0.0,0.75,0.125
TXN_9989242,0,0,0,0,0,1,0,0,0,1,0,2023-09-12,0,0.75,0.75,0.625
TXN_2035772,0,0,1,0,0,0,0,0,1,0,0,2023-01-17,1,0.25,0.0,0.041666666666666664
TXN_2711627,0,0,0,0,0,0,1,0,1,0,0,2023-11-09,0,1.0,0.75,0.7916666666666666
TXN_2804828,1,0,0,0,0,0,0,0,1,0,0,2023-02-25,0,0.5,0.5,0.3333333333333333
TXN_3869958,1,0,0,0,0,0,0,0,0,0,1,2023-01-11,0,0.0,0.5,0.08333333333333333
TXN_9684465,1,0,0,0,0,0,0,0,0,1,0,2023-02-15,1,1.0,0.5,0.5833333333333333
TXN_7570308,0,0,0,0,0,0,0,1,1,0,0,2023-01-12,1,0.75,0.125,0.20833333333333331
TXN_6476304,0,0,0,0,0,1,0,0,0,1,0,2023-03-17,1,0.25,0.75,0.29166666666666663
TXN_3893927,0,0,0,0,1,0,0,0,0,0,1,2023-09-14,0,0.75,1.0,0.7916666666666666
TXN_5947976,0,1,0,0,0,0,0,0,1,0,0,2023-05-21,0,0.5,0.25,0.20833333333333331
TXN_4139983,0,0,0,0,0,0,0,1,1,0,0,2023-10-16,1,1.0,0.125,0.2708333333333333
TXN_4571222,0,0,1,0,0,0,0,0,0,1,0,2023-03-21,0,0.25,0.0,0.041666666666666664
TXN_6484542,0,0,0,0,1,0,0,0,0,1,0,2023-05-18,1,1.0,1.0,1.0
TXN_5183630,0,1,0,0,0,0,0,0,0,1,0,2023-02-15,0,0.75,0.25,0.29166666666666663
TXN_5562799,0,0,1,0,0,0,0,0,0,0,1,2023-10-25,0,1.0,0.0,0.16666666666666666
TXN_9601220,0,0,1,0,0,0,0,0,0,0,1,2023-04-20,1,0.5,0.0,0.08333333333333333
TXN_6404625,1,0,0,0,0,0,0,0,0,1,0,2023-04-24,0,1.0,0.5,0.5833333333333333
TXN_5327102,0,0,1,0,0,0,0,0,0,0,1,2023-07-16,1,0.25,0.0,0.041666666666666664
TXN_5741619,0,0,0,0,0,0,1,0,1,0,0,2023-01-02,1,1.0,0.75,0.7916666666666666
TXN_4452589,0,0,0,0,0,0,0,1,1,0,0,2023-08-22,1,0.0,0.125,0.020833333333333332
TXN_6540284,0,0,0,1,0,0,0,0,0,1,0,2023-04-24,1,0.0,0.5,0.08333333333333333
TXN_9657957,0,0,0,0,0,0,1,0,0,0,1,2023-11-27,1,0.25,0.75,0.29166666666666663
TXN_3670939,0,0,0,0,0,0,0,1,1,0,0,2023-07-13,1,0.5,0.125,0.14583333333333331
TXN_2935871,0,0,1,0,0,0,0,0,1,0,0,2023-07-07,1,0.75,0.0,0.125
TXN_1610204,1,0,0,0,0,0,0,0,0,1,0,2023-02-19,1,0.0,0.5,0.08333333333333333
TXN_8372268,0,0,0,0,1,0,0,0,0,0,1,2023-06-15,1,0.25,1.0,0.375
TXN_1239021,0,0,0,0,0,1,0,0,0,1,0,2023-09-15,1,1.0,0.75,0.7916666666666666
TXN_1863866,0,0,0,0,0,0,1,0,1,0,0,2023-10-03,0,0.0,0.75,0.125
TXN_4630854,0,0,0,0,0,0,0,1,0,0,1,2023-02-10,0,0.0,0.125,0.020833333333333332
TXN_6183842,0,0,0,0,0,0,0,1,0,1,0,2023-09-15,1,0.5,0.125,0.14583333333333331
TXN_5355693,0,0,0,0,0,0,1,0,0,0,1,2023-12-03,0,0.0,0.75,0.125
TXN_8284910,0,0,0,0,0,0,1,0,1,0,0,2023-07-19,0,0.0,0.75,0.125
TXN_4408913,0,0,0,0,1,0,0,0,1,0,0,2023-08-24,0,0.25,1.0,0.375
TXN_2123573,0,1,0,0,0,0,0,0,0,0,1,2023-01-09,1,1.0,0.25,0.375
TXN_8036176,0,0,1,0,0,0,0,0,0,1,0,2023-06-20,1,0.75,0.0,0.125
TXN_9107676,0,0,0,0,0,1,0,0,1,0,0,2023-02-12,1,0.25,0.75,0.29166666666666663
TXN_2490185,0,0,0,0,1,0,0,0,0,1,0,2023-12-18,0,0.75,1.0,0.7916666666666666
TXN_6295420,0,0,0,1,0,0,0,0,0,0,1,2023-09-27,1,0.0,0.5,0.08333333333333333
TXN_1542042,1,0,0,0,0,0,0,0,0,1,0,2023-07-26,1,0.75,0.5,0.4583333333333333
TXN_7716125,0,0,1,0,0,0,0,0,0,0,1,2023-05-17,1,0.25,0.0,0.041666666666666664
TXN_6579109,0,0,0,1,0,0,0,0,0,1,0,2023-02-22,1,0.0,0.5,0.08333333333333333
TXN_5577030,0,0,1,0,0,0,0,0,0,0,1,2023-02-15,1,0.75,0.0,0.125
TXN_3910230,0,0,0,0,0,1,0,0,1,0,0,2023-01-05,1,1.0,0.75,0.7916666666666666
TXN_8031804,0,1,0,0,0,0,0,0,0,1,0,2023-07-01,0,0.75,0.25,0.29166666666666663
TXN_6928775,0,0,1,0,0,0,0,0,1,0,0,2023-03-25,0,0.25,0.0,0.041666666666666664
TXN_6755107,0,0,0,0,0,0,1,0,0,0,1,2023-11-14,1,0.25,0.75,0.29166666666666663
TXN_5153899,0,0,0,0,0,0,0,1,1,0,0,2023-03-01,1,0.5,0.125,0.14583333333333331
TXN_5632156,0,0,0,0,0,1,0,0,0,0,1,2023-08-02,0,0.75,0.75,0.625
TXN_9861782,0,0,0,0,0,1,0,0,0,1,0,2023-07-15,0,0.75,0.75,0.625
TXN_8861275,0,0,0,0,0,0,1,0,0,0,1,2023-10-31,0,0.25,0.75,0.29166666666666663
TXN_8961155,1,0,0,0,0,0,0,0,1,0,0,2023-09-06,1,1.0,0.5,0.5833333333333333
TXN_6112765,0,1,0,0,0,0,0,0,0,1,0,2023-07-21,1,0.25,0.25,0.125
TXN_7090563,0,0,0,0,0,0,1,0,0,1,0,2023-08-17,0,0.5,0.75,0.4583333333333333
TXN_9737090,0,0,0,0,0,1,0,0,1,0,0,2023-06-01,0,0.5,0.75,0.4583333333333333
TXN_2847831,0,1,0,0,0,0,0,0,1,0,0,2023-02-19,0,0.0,0.25,0.041666666666666664
TXN_3385167,0,0,0,0,0,0,0,1,1,0,0,2023-04-26,0,0.5,0.125,0.14583333333333331
TXN_1938071,0,0,0,0,0,1,0,0,0,1,0,2023-12-25,0,0.75,0.75,0.625
TXN_8774692,0,0,0,0,0,0,0,1,0,0,1,2023-07-12,0,1.0,0.125,0.2708333333333333
TXN_4887268,0,0,0,0,1,0,0,0,0,1,0,2023-10-16,0,0.0,1.0,0.16666666666666666
TXN_9506372,1,0,0,0,0,0,0,0,0,1,0,2023-11-06,1,0.75,0.5,0.4583333333333333
TXN_6651961,0,0,0,0,1,0,0,0,0,1,0,2023-02-08,0,0.75,1.0,0.7916666666666666
TXN_2537138,1,0,0,0,0,0,0,0,0,0,1,2023-10-24,1,0.5,0.5,0.3333333333333333
TXN_2015313,0,0,0,0,1,0,0,0,1,0,0,2023-10-18,1,1.0,1.0,1.0
TXN_5604797,0,1,0,0,0,0,0,0,1,0,0,2023-10-13,0,0.0,0.25,0.041666666666666664
TXN_6303383,1,0,0,0,0,0,0,0,0,0,1,2023-09-22,0,0.75,0.5,0.4583333333333333
TXN_5203710,0,0,0,0,1,0,0,0,0,0,1,2023-04-22,0,0.75,1.0,0.7916666666666666
TXN_7059722,0,0,0,0,0,1,0,0,0,0,1,2023-12-15,0,1.0,0.75,0.7916666666666666
TXN_5403707,0,0,0,0,0,0,1,0,1,0,0,2023-03-20,0,0.5,0.75,0.4583333333333333
TXN_4084052,0,0,0,1,0,0,0,0,0,0,1,2023-06-30,0,0.25,0.5,0.20833333333333331
TXN_3843541,0,0,0,0,1,0,0,0,0,1,0,2023-03-06,0,0.5,1.0,0.5833333333333333
TXN_4000025,0,0,0,0,0,0,0,1,0,1,0,2023-06-12,1,1.0,0.125,0.2708333333333333
TXN_7113656,0,0,0,1,0,0,0,0,0,1,0,2023-01-22,1,0.25,0.5,0.20833333333333331
TXN_6039235,0,0,0,1,0,0,0,0,0,0,1,2023-06-25,1,0.25,0.5,0.20833333333333331
TXN_6621756,0,0,1,0,0,0,0,0,0,1,0,2023-11-14,0,0.0,0.0,0.0
TXN_3923847,1,0,0,0,0,0,0,0,0,1,0,2023-09-12,0,0.25,0.5,0.20833333333333331
TXN_3226989,0,0,0,0,1,0,0,0,0,1,0,2023-04-17,1,0.0,1.0,0.16666666666666666
TXN_1523567,0,0,0,0,1,0,0,0,0,0,1,2023-11-22,1,0.5,1.0,0.5833333333333333
TXN_8751289,0,0,0,0,0,0,0,1,1,0,0,2023-09-10,0,0.25,0.125,0.08333333333333333
TXN_9996195,0,0,0,1,0,0,0,0,0,0,1,2023-03-16,0,1.0,0.5,0.5833333333333333
TXN_2151688,1,0,0,0,0,0,0,0,1,0,0,2023-09-29,1,1.0,0.5,0.5833333333333333
TXN_4243591,1,0,0,0,0,0,0,0,0,1,0,2023-10-11,0,0.75,0.5,0.4583333333333333
TXN_4138399,0,0,1,0,0,0,0,0,0,1,0,2023-07-03,1,1.0,0.0,0.16666666666666666
TXN_1724233,0,0,1,0,0,0,0,0,0,0,1,2023-02-01,1,1.0,0.0,0.16666666666666666
TXN_1564506,0,0,0,0,0,0,1,0,0,0,1,2023-02-01,0,1.0,0.75,0.7916666666666666
TXN_3520982,0,0,0,0,1,0,0,0,0,0,1,2023-10-26,1,1.0,1.0,1.0
TXN_6130455,0,0,0,0,0,0,0,1,0,0,1,2023-11-23,0,0.25,0.125,0.08333333333333333
TXN_8936591,0,0,1,0,0,0,0,0,0,1,0,2023-03-22,0,1.0,0.0,0.16666666666666666
TXN_7622389,0,0,0,0,0,0,0,1,0,0,1,2023-02-26,0,0.75,0.125,0.20833333333333331
TXN_2896048,0,0,0,0,0,0,0,1,1,0,0,2023-05-17,1,0.75,0.125,0.20833333333333331
TXN_2204457,0,1,0,0,0,0,0,0,1,0,0,2023-01-06,1,0.75,0.25,0.29166666666666663
TXN_1319834,0,0,1,0,0,0,0,0,1,0,0,2023-03-31,1,0.0,0.0,0.0
TXN_9042043,0,0,1,0,0,0,0,0,1,0,0,2023-07-04,1,0.75,0.0,0.125
TXN_7503593,0,0,1,0,0,0,0,0,0,0,1,2023-04-19,1,1.0,0.0,0.16666666666666666
TXN_4076463,0,0,1,0,0,0,0,0,0,0,1,2023-06-25,1,0.5,0.0,0.08333333333333333
TXN_1901704,0,0,0,0,1,0,0,0,1,0,0,2023-11-17,1,1.0,1.0,1.0
TXN_5589433,1,0,0,0,0,0,0,0,1,0,0,2023-03-13,0,0.25,0.5,0.20833333333333331
TXN_4386732,0,0,0,0,0,0,1,0,1,0,0,2023-08-01,1,0.75,0.75,0.625
TXN_3174336,0,0,1,0,0,0,0,0,1,0,0,2023-07-17,1,0.0,0.0,0.0
TXN_4983903,0,0,0,0,0,1,0,0,0,1,0,2023-09-18,0,1.0,0.75,0.7916666666666666
TXN_8043642,0,0,0,0,1,0,0,0,1,0,0,2023-06-12,0,0.75,1.0,0.7916666666666666
TXN_1223805,0,0,0,1,0,0,0,0,0,1,0,2023-07-04,0,0.5,0.5,0.3333333333333333
TXN_3879110,0,0,1,0,0,0,0,0,0,1,0,2023-03-18,1,0.75,0.0,0.125
TXN_9551491,0,0,0,0,1,0,0,0,1,0,0,2023-07-13,1,0.0,1.0,0.16666666666666666
TXN_3033987,1,0,0,0,0,0,0,0,1,0,0,2023-03-13,1,0.75,0.5,0.4583333333333333
TXN_2732570,0,0,1,0,0,0,0,0,0,0,1,2023-06-23,1,0.5,0.0,0.08333333333333333
TXN_9104781,0,0,0,0,0,1,0,0,1,0,0,2023-07-03,1,0.25,0.75,0.29166666666666663
TXN_7876775,0,1,0,0,0,0,0,0,0,1,0,2023-02-09,1,1.0,0.25,0.375
TXN_7566250,0,0,0,0,1,0,0,0,0,1,0,2023-06-04,1,0.5,1.0,0.5833333333333333
TXN_3365018,0,0,0,1,0,0,0,0,1,0,0,2023-02-06,1,1.0,0.5,0.5833333333333333
TXN_1487762,0,0,0,0,0,0,0,1,0,1,0,2023-02-07,1,0.5,0.125,0.14583333333333331
TXN_4592205,0,0,1,0,0,0,0,0,0,1,0,2023-12-30,0,0.5,0.0,0.08333333333333333
TXN_6660755,0,0,1,0,0,0,0,0,0,1,0,2023-05-16,0,0.25,0.0,0.041666666666666664
TXN_3750900,0,0,0,0,0,0,0,1,0,1,0,2023-04-03,0,0.25,0.125,0.08333333333333333
TXN_3290872,1,0,0,0,0,0,0,0,0,1,0,2023-06-13,0,0.25,0.5,0.20833333333333331
TXN_6378158,0,0,0,0,1,0,0,0,0,1,0,2023-06-17,0,1.0,1.0,1.0
TXN_8800818,1,0,0,0,0,0,0,0,0,0,1,2023-09-28,0,0.25,0.5,0.20833333333333331
TXN_5707386,0,0,0,0,0,0,0,1,1,0,0,2023-06-28,1,1.0,0.125,0.2708333333333333
TXN_1145592,0,0,0,1,0,0,0,0,0,1,0,2023-09-11,1,0.0,0.5,0.08333333333333333
TXN_2670487,0,1,0,0,0,0,0,0,0,0,1,2023-10-20,1,0.5,0.25,0.20833333333333331
TXN_9485101,0,0,1,0,0,0,0,0,1,0,0,2023-11-01,1,0.25,0.0,0.041666666666666664
TXN_9667219,0,0,0,1,0,0,0,0,1,0,0,2023-10-09,0,0.75,0.5,0.4583333333333333
TXN_3119835,0,0,0,0,0,0,0,1,0,0,1,2023-03-01,0,0.25,0.125,0.08333333333333333
TXN_2454046,0,0,0,1,0,0,0,0,0,0,1,2023-10-10,1,0.25,0.5,0.20833333333333331
TXN_7014091,0,1,0,0,0,0,0,0,1,0,0,2023-11-26,0,1.0,0.25,0.375
TXN_7107807,0,0,1,0,0,0,0,0,0,0,1,2023-11-01,0,0.0,0.0,0.0
TXN_5698925,0,0,0,1,0,0,0,0,1,0,0,2023-04-08,0,0.25,0.5,0.20833333333333331
TXN_6662213,0,0,0,0,0,1,0,0,0,0,1,2023-01-18,1,0.75,0.75,0.625
TXN_1336900,0,1,0,0,0,0,0,0,0,1,0,2023-01-16,1,1.0,0.25,0.375
TXN_2250785,1,0,0,0,0,0,0,0,1,0,0,2023-03-19,0,0.0,0.5,0.08333333333333333
TXN_8122340,0,1,0,0,0,0,0,0,0,1,0,2023-06-09,1,0.75,0.25,0.29166666666666663
TXN_9911498,0,1,0,0,0,0,0,0,1,0,0,2023-03-27,0,0.75,0.25,0.29166666666666663
TXN_4130861,0,0,0,0,1,0,0,0,0,1,0,2023-03-08,1,0.25,1.0,0.375
TXN_3741325,0,0,0,0,0,1,0,0,0,0,1,2023-07-04,1,1.0,0.75,0.7916666666666666
TXN_8658970,0,0,0,0,1,0,0,0,0,1,0,2023-09-03,0,0.5,1.0,0.5833333333333333
TXN_2887971,0,0,0,0,0,0,1,0,0,0,1,2023-06-26,1,0.25,0.75,0.29166666666666663
TXN_9865855,0,1,0,0,0,0,0,0,0,0,1,2023-04-18,1,0.5,0.25,0.20833333333333331
TXN_2217295,0,0,0,1,0,0,0,0,0,1,0,2023-11-22,0,0.75,0.5,0.4583333333333333
TXN_8913492,0,0,0,0,0,1,0,0,0,1,0,2023-12-25,0,0.75,0.75,0.625
TXN_5625086,0,0,0,0,0,1,0,0,0,1,0,2023-06-17,0,0.0,0.75,0.125
TXN_2690222,0,0,0,1,0,0,0,0,1,0,0,2023-01-01,0,0.75,0.5,0.4583333333333333
TXN_5767429,1,0,0,0,0,0,0,0,1,0,0,2023-03-19,1,0.25,0.5,0.20833333333333331
TXN_5910541,1,0,0,0,0,0,0,0,1,0,0,2023-09-08,0,1.0,0.5,0.5833333333333333
TXN_4435352,0,0,0,0,1,0,0,0,0,1,0,2023-05-03,1,0.25,1.0,0.375
TXN_1009421,0,0,1,0,0,0,0,0,1,0,0,2023-02-21,1,0.75,0.0,0.125
TXN_5369243,0,0,0,0,0,0,1,0,1,0,0,2023-11-16,1,0.75,0.75,0.625
TXN_2939667,1,0,0,0,0,0,0,0,1,0,0,2023-12-21,0,0.0,0.5,0.08333333333333333
TXN_5734395,0,0,0,0,0,1,0,0,1,0,0,2023-05-17,1,1.0,0.75,0.7916666666666666
TXN_2966262,0,0,0,0,0,0,0,1,1,0,0,2023-11-19,0,0.5,0.125,0.14583333333333331
TXN_7293241,0,1,0,0,0,0,0,0,0,0,1,2023-08-27,1,0.0,0.25,0.041666666666666664
TXN_1827212,0,0,0,0,0,1,0,0,0,0,1,2023-12-22,0,1.0,0.75,0.7916666666666666
TXN_4809548,0,0,0,0,0,0,1,0,0,0,1,2023-11-04,1,0.5,0.75,0.4583333333333333
TXN_2224935,0,1,0,0,0,0,0,0,0,0,1,2023-04-15,0,0.0,0.25,0.041666666666666664
TXN_7580441,0,1,0,0,0,0,0,0,1,0,0,2023-08-09,1,0.0,0.25,0.041666666666666664
TXN_4897993,0,0,0,0,0,1,0,0,0,1,0,2023-12-07,0,0.75,0.75,0.625
TXN_9522045,0,1,0,0,0,0,0,0,0,1,0,2023-05-30,1,0.5,0.25,0.20833333333333331
TXN_6128966,0,0,0,0,0,1,0,0,0,1,0,2023-12-18,1,0.5,0.75,0.4583333333333333
TXN_5475746,1,0,0,0,0,0,0,0,0,1,0,2023-08-20,0,0.5,0.5,0.3333333333333333
TXN_6071339,0,1,0,0,0,0,0,0,1,0,0,2023-10-17,1,1.0,0.25,0.375
TXN_9540864,0,0,1,0,0,0,0,0,0,0,1,2023-08-07,1,0.25,0.0,0.041666666666666664
TXN_6389404,0,0,0,1,0,0,0,0,0,0,1,2023-11-20,0,1.0,0.5,0.5833333333333333
TXN_8724474,0,0,0,0,1,0,0,0,1,0,0,2023-08-04,0,1.0,1.0,1.0
TXN_8199524,1,0,0,0,0,0,0,0,1,0,0,2023-12-01,0,1.0,0.5,0.5833333333333333
TXN_1212652,0,0,0,1,0,0,0,0,0,1,0,2023-01-30,0,0.5,0.5,0.3333333333333333
TXN_1799247,0,1,0,0,0,0,0,0,1,0,0,2023-01-25,1,0.5,0.25,0.20833333333333331
TXN_5745054,0,0,0,0,0,0,1,0,0,1,0,2023-01-26,0,0.0,0.75,0.125
TXN_4328090,0,0,0,0,0,1,0,0,0,0,1,2023-04-18,0,0.0,0.75,0.125
TXN_3499226,0,0,0,1,0,0,0,0,0,1,0,2023-09-08,1,0.0,0.5,0.08333333333333333
TXN_1259340,0,0,0,0,0,0,0,1,0,0,1,2023-02-24,0,0.5,0.125,0.14583333333333331
TXN_3893480,0,0,1,0,0,0,0,0,0,0,1,2023-12-24,1,0.5,0.0,0.08333333333333333
TXN_2614271,0,0,0,0,0,0,1,0,0,0,1,2023-08-03,1,0.25,0.75,0.29166666666666663
TXN_8295765,1,0,0,0,0,0,0,0,0,0,1,2023-04-05,1,0.75,0.5,0.4583333333333333
TXN_1324760,0,0,0,0,0,0,0,1,1,0,0,2023-01-18,0,0.75,0.125,0.20833333333333331
TXN_8292441,0,0,0,0,1,0,0,0,1,0,0,2023-09-15,1,0.0,1.0,0.16666666666666666
TXN_6663486,0,1,0,0,0,0,0,0,0,0,1,2023-11-02,0,0.5,0.25,0.20833333333333331
TXN_9423451,0,1,0,0,0,0,0,0,0,1,0,2023-10-22,0,0.0,0.25,0.041666666666666664
TXN_3792125,0,0,0,0,1,0,0,0,0,1,0,2023-08-25,0,1.0,1.0,1.0
TXN_7021504,0,0,1,0,0,0,0,0,0,1,0,2023-05-31,0,0.25,0.0,0.041666666666666664
TXN_8608811,1,0,0,0,0,0,0,0,0,1,0,2023-01-05,1,1.0,0.5,0.5833333333333333
TXN_4844386,0,0,0,0,0,0,1,0,0,1,0,2023-10-28,0,1.0,1.0,0.5833333333333333
TXN_4368729,0,1,0,0,0,0,0,0,0,0,1,2023-06-11,0,0.5,0.25,0.20833333333333331
TXN_5072156,0,0,0,0,0,0,0,1,0,0,1,2023-07-24,1,0.5,0.125,0.14583333333333331
TXN_5763520,0,0,0,0,1,0,0,0,0,1,0,2023-01-17,0,0.0,1.0,0.16666666666666666
TXN_4877933,0,0,0,1,0,0,0,0,0,0,1,2023-01-12,0,1.0,0.5,0.5833333333333333
TXN_8854384,0,0,0,1,0,0,0,0,1,0,0,2023-08-12,1,1.0,0.5,0.5833333333333333
TXN_3308378,0,0,1,0,0,0,0,0,0,0,1,2023-04-28,1,0.75,0.0,0.125
TXN_4355766,0,0,1,0,0,0,0,0,0,0,1,2023-11-07,1,1.0,0.0,0.16666666666666666
TXN_5644235,0,0,0,0,1,0,0,0,1,0,0,2023-03-25,0,0.75,1.0,0.7916666666666666
TXN_5331285,0,0,0,0,0,1,0,0,0,0,1,2023-03-12,0,0.5,0.75,0.4583333333333333
TXN_7620397,0,0,1,0,0,0,0,0,0,1,0,2023-12-24,0,0.75,0.0,0.125
TXN_1214868,0,0,0,1,0,0,0,0,1,0,0,2023-07-30,0,0.75,0.5,0.4583333333333333
TXN_5117595,0,0,0,0,0,0,1,0,1,0,0,2023-02-05,0,0.75,0.75,0.625
TXN_9708144,0,0,0,0,0,0,1,0,1,0,0,2023-04-18,1,0.5,0.75,0.4583333333333333
TXN_8266689,1,0,0,0,0,0,0,0,1,0,0,2023-12-03,0,1.0,0.5,0.5833333333333333
TXN_3589166,0,0,0,0,0,0,0,1,1,0,0,2023-02-02,0,0.0,0.125,0.020833333333333332
TXN_3943672,0,0,0,0,0,1,0,0,0,1,0,2023-10-21,1,0.75,0.75,0.625
TXN_8988279,0,0,0,0,0,0,1,0,1,0,0,2023-08-08,0,0.25,0.75,0.29166666666666663
TXN_4269933,0,0,0,0,0,0,1,0,0,0,1,2023-03-28,1,0.25,0.75,0.29166666666666663
TXN_2234460,0,0,0,0,0,0,0,1,0,1,0,2023-08-15,1,0.25,0.125,0.08333333333333333
TXN_4356564,0,1,0,0,0,0,0,0,0,1,0,2023-10-05,1,0.25,0.25,0.125
TXN_2223047,0,1,0,0,0,0,0,0,0,1,0,2023-06-14,1,0.25,0.25,0.125
TXN_9469735,1,0,0,0,0,0,0,0,1,0,0,2023-12-31,0,0.0,0.5,0.08333333333333333
TXN_6762250,0,0,1,0,0,0,0,0,0,0,1,2023-06-17,1,0.25,0.0,0.041666666666666664
TXN_8553273,0,0,0,1,0,0,0,0,1,0,0,2023-01-15,0,1.0,0.5,0.5833333333333333
TXN_8713971,0,0,0,0,0,0,0,1,1,0,0,2023-08-26,0,0.0,0.125,0.020833333333333332
TXN_4076575,0,0,0,0,0,0,1,0,0,1,0,2023-01-18,1,0.5,0.75,0.4583333333333333
TXN_2432379,0,1,0,0,0,0,0,0,0,1,0,2023-10-24,0,0.0,0.25,0.041666666666666664
TXN_3187634,0,1,0,0,0,0,0,0,0,0,1,2023-09-01,1,1.0,0.25,0.375
TXN_1961943,0,0,0,0,0,0,1,0,0,0,1,2023-11-05,0,0.5,0.75,0.4583333333333333
TXN_5908104,0,0,0,0,0,1,0,0,0,1,0,2023-05-12,0,0.25,0.75,0.29166666666666663
TXN_1355212,0,1,0,0,0,0,0,0,0,0,1,2023-05-25,1,0.25,0.25,0.125
TXN_2155393,0,0,0,1,0,0,0,0,0,0,1,2023-07-12,0,0.25,0.5,0.20833333333333331
TXN_3485938,0,0,0,0,1,0,0,0,1,0,0,2023-05-28,1,0.75,1.0,0.7916666666666666
TXN_9449037,0,1,0,0,0,0,0,0,0,0,1,2023-04-30,1,0.75,0.25,0.29166666666666663
TXN_3114654,0,0,0,1,0,0,0,0,0,0,1,2023-12-01,0,0.5,0.5,0.3333333333333333
TXN_5837801,0,0,0,0,1,0,0,0,0,1,0,2023-01-25,0,0.0,1.0,0.16666666666666666
TXN_1336470,0,0,0,0,0,0,0,1,1,0,0,2023-12-22,0,0.0,0.125,0.020833333333333332
TXN_2544724,1,0,0,0,0,0,0,0,0,0,1,2023-12-28,1,1.0,0.5,0.5833333333333333
TXN_1035504,0,0,0,0,0,0,1,0,0,0,1,2023-03-30,1,0.25,0.75,0.29166666666666663
TXN_2576799,0,0,0,1,0,0,0,0,1,0,0,2023-03-12,1,0.0,0.5,0.08333333333333333
TXN_4659155,0,0,0,1,0,0,0,0,1,0,0,2023-04-13,1,0.0,0.5,0.08333333333333333
TXN_9781961,0,1,0,0,0,0,0,0,0,1,0,2023-12-01,0,0.0,0.25,0.041666666666666664
TXN_5313347,0,0,1,0,0,0,0,0,0,0,1,2023-12-10,1,0.25,0.0,0.041666666666666664
TXN_7926510,0,0,0,0,1,0,0,0,1,0,0,2023-10-03,0,0.75,1.0,0.7916666666666666
TXN_3477975,0,0,0,0,0,1,0,0,0,1,0,2023-02-26,1,0.75,0.75,0.625
TXN_6736084,0,0,0,1,0,0,0,0,0,0,1,2023-04-19,1,0.0,0.5,0.08333333333333333
TXN_5573731,0,0,0,0,0,1,0,0,1,0,0,2023-01-15,1,0.75,0.75,0.625
TXN_2760327,0,0,0,0,1,0,0,0,0,0,1,2023-02-16,1,0.0,1.0,0.16666666666666666
TXN_5540067,0,0,0,0,0,0,0,1,0,0,1,2023-08-24,1,0.75,0.125,0.20833333333333331
TXN_7585599,1,0,0,0,0,0,0,0,0,1,0,2023-01-12,0,0.0,0.5,0.08333333333333333
TXN_6333241,0,1,0,0,0,0,0,0,0,0,1,2023-09-15,1,0.25,0.25,0.125
TXN_1635631,0,0,1,0,0,0,0,0,0,1,0,2023-07-04,0,0.75,0.0,0.125
TXN_8907996,0,0,0,0,0,1,0,0,1,0,0,2023-02-19,0,0.75,0.75,0.625
TXN_3206049,0,1,0,0,0,0,0,0,0,1,0,2023-03-27,0,0.75,0.25,0.29166666666666663
TXN_4620647,0,1,0,0,0,0,0,0,0,0,1,2023-07-15,1,0.0,0.25,0.041666666666666664
TXN_5348915,0,0,0,1,0,0,0,0,0,0,1,2023-07-09,1,0.0,0.5,0.08333333333333333
TXN_4036214,1,0,0,0,0,0,0,0,0,1,0,2023-10-17,1,0.25,0.5,0.20833333333333331
TXN_6323914,0,0,0,1,0,0,0,0,0,1,0,2023-03-19,0,0.0,0.5,0.08333333333333333
TXN_7804128,0,0,0,0,0,1,0,0,0,0,1,2023-02-12,0,1.0,0.75,0.7916666666666666
TXN_6228313,0,0,0,1,0,0,0,0,0,1,0,2023-01-24,1,0.75,0.5,0.4583333333333333
TXN_2930752,1,0,0,0,0,0,0,0,0,1,0,2023-03-04,0,0.25,0.5,0.20833333333333331
TXN_3477101,0,0,1,0,0,0,0,0,0,0,1,2023-05-02,1,0.75,0.0,0.125
TXN_2210265,0,0,0,1,0,0,0,0,0,1,0,2023-06-14,1,0.25,0.5,0.20833333333333331
TXN_5534515,0,0,0,0,0,0,1,0,0,1,0,2023-02-09,1,0.0,0.75,0.125
TXN_9561380,0,0,0,0,0,1,0,0,0,0,1,2023-08-11,1,0.0,0.75,0.125
TXN_3038078,0,0,1,0,0,0,0,0,0,1,0,2023-04-06,1,0.0,0.0,0.0
TXN_5652473,0,0,0,0,0,0,1,0,1,0,0,2023-03-19,1,0.75,0.75,0.625
TXN_5222822,0,0,0,0,1,0,0,0,0,1,0,2023-11-20,0,0.0,1.0,0.16666666666666666
TXN_6238191,0,0,0,0,0,0,1,0,0,0,1,2023-10-27,0,0.75,0.75,0.625
TXN_1244593,0,0,0,0,1,0,0,0,0,0,1,2023-04-11,0,1.0,1.0,1.0
TXN_9749175,1,0,0,0,0,0,0,0,0,1,0,2023-09-07,0,0.0,0.5,0.08333333333333333
TXN_4502314,0,0,1,0,0,0,0,0,0,1,0,2023-06-02,1,0.5,0.0,0.08333333333333333
TXN_5476846,0,0,0,0,0,0,0,1,0,1,0,2023-03-22,1,0.75,0.125,0.20833333333333331
TXN_3703964,0,0,0,0,0,1,0,0,0,1,0,2023-09-23,1,0.25,0.75,0.29166666666666663
TXN_1554195,0,0,0,0,0,0,1,0,0,0,1,2023-10-22,0,0.25,0.75,0.29166666666666663
TXN_1025152,0,0,1,0,0,0,0,0,0,1,0,2023-08-19,0,0.75,0.0,0.125
TXN_3429942,0,0,0,0,0,0,1,0,0,0,1,2023-04-24,0,0.5,0.75,0.4583333333333333
TXN_2134660,0,0,0,1,0,0,0,0,0,1,0,2023-11-08,0,1.0,0.5,0.5833333333333333
TXN_8944175,0,0,0,0,1,0,0,0,0,0,1,2023-11-30,1,0.5,1.0,0.5833333333333333
TXN_4680399,0,0,0,1,0,0,0,0,0,0,1,2023-04-07,0,1.0,0.5,0.5833333333333333
TXN_5328065,1,0,0,0,0,0,0,0,1,0,0,2023-09-18,1,1.0,0.5,0.5833333333333333
TXN_9202496,1,0,0,0,0,0,0,0,0,1,0,2023-07-19,0,1.0,0.5,0.5833333333333333
TXN_2914953,1,0,0,0,0,0,0,0,1,0,0,2023-07-25,0,0.25,0.5,0.20833333333333331
TXN_6068148,1,0,0,0,0,0,0,0,1,0,0,2023-08-11,0,0.5,0.5,0.3333333333333333
TXN_1216051,1,0,0,0,0,0,0,0,0,0,1,2023-10-28,1,0.75,0.5,0.4583333333333333
TXN_3943327,0,0,0,1,0,0,0,0,1,0,0,2023-05-20,1,0.0,0.5,0.08333333333333333
TXN_5268025,0,0,1,0,0,0,0,0,0,0,1,2023-05-19,0,1.0,0.0,0.16666666666666666
TXN_9952441,0,0,0,0,0,0,1,0,1,0,0,2023-09-05,0,0.0,0.75,0.125
TXN_7354271,0,0,1,0,0,0,0,0,1,0,0,2023-04-12,0,0.75,0.0,0.125
TXN_3358494,0,1,0,0,0,0,0,0,0,0,1,2023-06-22,1,1.0,0.25,0.375
TXN_2966507,0,0,1,0,0,0,0,0,0,0,1,2023-04-25,0,0.5,0.0,0.08333333333333333
TXN_9752586,0,0,0,0,0,0,0,1,0,0,1,2023-06-14,0,0.25,0.125,0.08333333333333333
TXN_1324968,0,0,1,0,0,0,0,0,0,1,0,2023-01-05,0,0.5,0.0,0.08333333333333333
TXN_8424417,0,0,0,0,0,0,1,0,0,1,0,2023-10-21,1,0.25,0.75,0.29166666666666663
TXN_3985920,0,0,0,0,1,0,0,0,0,0,1,2023-03-29,0,1.0,1.0,1.0
TXN_7335526,0,0,0,0,0,1,0,0,1,0,0,2023-06-03,0,0.75,0.75,0.625
TXN_5989987,0,0,0,0,0,0,1,0,1,0,0,2023-08-02,0,0.75,0.75,0.625
TXN_8132632,0,0,0,0,0,0,0,1,0,0,1,2023-07-26,1,0.5,0.125,0.14583333333333331
TXN_2408294,0,0,0,0,0,1,0,0,0,0,1,2023-12-26,0,0.75,0.75,0.625
TXN_7380756,0,0,0,0,1,0,0,0,0,0,1,2023-10-16,1,0.0,1.0,0.16666666666666666
TXN_1145888,0,1,0,0,0,0,0,0,1,0,0,2023-01-26,0,0.75,0.25,0.29166666666666663
TXN_3845754,0,0,0,0,0,0,0,1,1,0,0,2023-11-25,1,0.75,0.125,0.20833333333333331
TXN_1315214,0,0,0,0,0,0,0,1,0,0,1,2023-11-03,0,0.25,0.125,0.08333333333333333
TXN_7602467,0,0,1,0,0,0,0,0,0,1,0,2023-10-17,1,0.0,0.0,0.0
TXN_1672708,0,0,0,0,1,0,0,0,1,0,0,2023-04-04,0,0.75,1.0,0.7916666666666666
TXN_4979250,0,0,0,0,0,0,0,1,1,0,0,2023-11-01,0,0.5,0.125,0.14583333333333331
TXN_2809397,0,0,0,0,1,0,0,0,0,0,1,2023-09-13,1,0.25,1.0,0.375
TXN_8752130,0,0,0,1,0,0,0,0,0,1,0,2023-10-23,1,0.25,0.5,0.20833333333333331
TXN_7326075,0,0,1,0,0,0,0,0,1,0,0,2023-06-12,1,0.0,0.0,0.0
TXN_9134257,0,1,0,0,0,0,0,0,0,0,1,2023-05-19,1,0.5,0.25,0.20833333333333331
TXN_9944832,0,1,0,0,0,0,0,0,0,1,0,2023-12-25,0,0.5,0.25,0.20833333333333331
TXN_8329302,0,0,0,1,0,0,0,0,0,0,1,2023-06-28,1,0.5,0.5,0.3333333333333333
TXN_9639317,1,0,0,0,0,0,0,0,1,0,0,2023-12-28,1,0.5,0.5,0.3333333333333333
TXN_7707761,0,0,0,0,0,0,0,1,0,1,0,2023-03-08,1,0.5,0.125,0.14583333333333331
TXN_3177517,0,0,0,0,0,0,0,1,0,1,0,2023-02-22,0,0.0,0.125,0.020833333333333332
TXN_5353855,0,0,0,0,0,0,1,0,0,1,0,2023-12-24,1,0.5,0.75,0.4583333333333333
TXN_3106811,0,0,0,1,0,0,0,0,1,0,0,2023-09-27,1,0.5,0.5,0.3333333333333333
TXN_3475342,0,0,0,1,0,0,0,0,0,1,0,2023-04-24,0,0.5,0.5,0.3333333333333333
TXN_8017663,0,1,0,0,0,0,0,0,1,0,0,2023-05-18,1,0.25,0.25,0.125
TXN_6309965,1,0,0,0,0,0,0,0,0,0,1,2023-06-14,1,1.0,0.5,0.5833333333333333
TXN_7146871,0,1,0,0,0,0,0,0,1,0,0,2023-09-20,1,0.25,0.25,0.125
TXN_2661443,0,0,0,1,0,0,0,0,0,1,0,2023-06-30,1,0.25,0.5,0.20833333333333331
TXN_6954434,0,0,0,1,0,0,0,0,1,0,0,2023-02-23,1,0.5,0.5,0.3333333333333333
TXN_3578712,0,0,0,0,0,0,0,1,0,1,0,2023-08-15,0,1.0,0.125,0.2708333333333333
TXN_6131350,0,0,0,0,0,1,0,0,0,1,0,2023-09-28,1,0.25,0.75,0.29166666666666663
TXN_9207050,0,0,1,0,0,0,0,0,0,0,1,2023-07-21,0,1.0,0.0,0.16666666666666666
TXN_5351656,0,0,0,0,0,0,0,1,0,1,0,2023-03-02,1,0.0,0.125,0.020833333333333332
TXN_8905718,0,0,0,0,0,0,0,1,0,1,0,2023-09-07,0,1.0,0.125,0.2708333333333333
TXN_1938148,1,0,0,0,0,0,0,0,0,1,0,2023-06-07,1,0.25,0.5,0.20833333333333331
TXN_2024598,0,0,0,0,0,1,0,0,0,0,1,2023-01-01,0,0.0,0.75,0.125
TXN_7145872,0,0,0,0,1,0,0,0,0,0,1,2023-04-15,1,1.0,1.0,1.0
TXN_8140560,1,0,0,0,0,0,0,0,0,0,1,2023-06-29,1,1.0,0.5,0.5833333333333333
TXN_6591756,0,0,1,0,0,0,0,0,1,0,0,2023-03-09,1,1.0,0.0,0.16666666666666666
TXN_9004306,0,1,0,0,0,0,0,0,0,1,0,2023-05-26,0,0.75,0.25,0.29166666666666663
TXN_7899686,0,0,0,0,0,1,0,0,0,0,1,2023-09-09,1,0.0,0.75,0.125
TXN_7092761,0,0,0,0,1,0,0,0,0,0,1,2023-05-11,1,0.75,1.0,0.7916666666666666
TXN_6360436,1,0,0,0,0,0,0,0,0,0,1,2023-09-13,1,0.25,0.5,0.20833333333333331
TXN_3295247,0,1,0,0,0,0,0,0,0,0,1,2023-08-25,1,1.0,0.25,0.375
TXN_5822344,0,0,0,0,0,1,0,0,1,0,0,2023-09-27,0,1.0,0.75,0.7916666666666666
TXN_4266069,0,1,0,0,0,0,0,0,0,1,0,2023-12-25,0,0.0,0.25,0.041666666666666664
TXN_9470768,0,0,0,0,0,0,1,0,0,1,0,2023-09-27,1,1.0,0.75,0.7916666666666666
TXN_1540181,0,0,0,0,0,0,0,1,0,0,1,2023-08-17,1,0.5,0.125,0.14583333333333331
TXN_6688020,0,0,0,0,1,0,0,0,0,1,0,2023-09-05,1,1.0,1.0,1.0
TXN_4181147,0,1,0,0,0,0,0,0,0,1,0,2023-02-18,1,0.75,0.25,0.29166666666666663
TXN_7211792,0,0,0,0,0,0,0,1,1,0,0,2023-11-27,1,0.5,0.125,0.14583333333333331
TXN_6568978,1,0,0,0,0,0,0,0,0,0,1,2023-03-12,0,0.5,0.5,0.3333333333333333
TXN_6670607,0,0,0,1,0,0,0,0,1,0,0,2023-01-06,1,1.0,0.5,0.5833333333333333
TXN_9773606,0,0,0,0,0,0,0,1,1,0,0,2023-12-04,1,0.25,0.125,0.08333333333333333
TXN_9762035,0,0,0,0,0,0,1,0,1,0,0,2023-08-21,1,0.0,0.75,0.125
TXN_4493661,0,0,0,0,0,1,0,0,1,0,0,2023-07-08,0,0.0,0.75,0.125
TXN_4617139,0,0,0,1,0,0,0,0,0,1,0,2023-04-12,1,0.75,0.5,0.4583333333333333
TXN_5339625,0,0,0,0,0,0,1,0,0,0,1,2023-06-29,0,1.0,0.75,0.7916666666666666
TXN_9657636,1,0,0,0,0,0,0,0,1,0,0,2023-07-08,1,0.0,0.5,0.08333333333333333
TXN_1375992,0,1,0,0,0,0,0,0,0,1,0,2023-03-23,0,1.0,0.25,0.375
TXN_2077318,0,0,0,1,0,0,0,0,0,0,1,2023-08-24,0,0.25,0.5,0.20833333333333331
TXN_8232653,0,0,0,0,1,0,0,0,1,0,0,2023-04-21,1,1.0,1.0,1.0
TXN_4624436,0,0,0,0,0,1,0,0,1,0,0,2023-05-22,0,0.0,0.75,0.125
TXN_6158865,0,0,1,0,0,0,0,0,0,0,1,2023-11-27,0,0.0,0.0,0.0
TXN_6148337,0,0,1,0,0,0,0,0,0,0,1,2023-09-27,0,0.25,0.0,0.041666666666666664
TXN_9096951,0,0,0,0,0,0,1,0,1,0,0,2023-06-28,1,0.5,0.75,0.4583333333333333
TXN_7080148,1,0,0,0,0,0,0,0,1,0,0,2023-12-30,1,0.5,0.5,0.3333333333333333
TXN_4275169,0,0,0,0,1,0,0,0,0,0,1,2023-06-27,1,0.0,1.0,0.16666666666666666
TXN_9005396,0,0,0,1,0,0,0,0,1,0,0,2023-08-10,0,0.75,0.5,0.4583333333333333
TXN_2466036,0,1,0,0,0,0,0,0,0,1,0,2023-08-31,1,1.0,0.25,0.375
TXN_1533790,1,0,0,0,0,0,0,0,0,0,1,2023-07-21,1,0.75,0.5,0.4583333333333333
TXN_7090165,0,0,0,0,0,1,0,0,0,0,1,2023-08-30,0,1.0,0.75,0.7916666666666666
TXN_9533792,0,0,1,0,0,0,0,0,0,0,1,2023-09-01,0,0.5,0.0,0.08333333333333333
TXN_4995910,1,0,0,0,0,0,0,0,1,0,0,2023-03-10,1,1.0,0.5,0.5833333333333333
TXN_9174916,0,1,0,0,0,0,0,0,0,1,0,2023-06-21,0,0.5,0.25,0.20833333333333331
TXN_8121601,0,0,0,1,0,0,0,0,0,1,0,2023-07-02,0,0.75,0.5,0.4583333333333333
TXN_5882077,0,0,0,0,0,1,0,0,0,1,0,2023-03-10,1,0.5,0.75,0.4583333333333333
TXN_3163681,0,0,0,0,0,1,0,0,1,0,0,2023-05-11,0,0.25,0.75,0.29166666666666663
TXN_2849719,0,1,0,0,0,0,0,0,0,0,1,2023-06-23,1,1.0,0.25,0.375
TXN_9623460,0,0,0,0,0,1,0,0,0,0,1,2023-01-17,0,0.5,0.75,0.4583333333333333
TXN_3359704,0,0,0,0,1,0,0,0,0,0,1,2023-07-23,0,0.5,1.0,0.5833333333333333
TXN_7093219,0,0,0,0,0,0,1,0,0,1,0,2023-06-06,1,0.75,0.75,0.625
TXN_2444408,0,0,0,0,0,1,0,0,0,0,1,2023-05-11,0,0.25,0.75,0.29166666666666663
TXN_2475111,0,0,1,0,0,0,0,0,0,0,1,2023-03-31,1,0.5,0.0,0.08333333333333333
TXN_3296152,0,0,0,0,1,0,0,0,0,1,0,2023-10-20,0,0.5,1.0,0.5833333333333333
TXN_5157855,0,0,0,0,1,0,0,0,0,0,1,2023-08-18,1,0.0,1.0,0.16666666666666666
TXN_2887411,0,0,0,0,0,0,1,0,1,0,0,2023-01-16,0,0.25,0.75,0.29166666666666663
TXN_7543369,0,0,0,0,0,0,0,1,0,0,1,2023-11-18,1,1.0,0.125,0.2708333333333333
TXN_9561441,0,0,0,0,0,0,0,1,1,0,0,2023-11-11,0,1.0,0.125,0.2708333333333333
TXN_5595584,0,0,0,0,0,0,1,0,0,0,1,2023-10-19,0,0.25,0.75,0.29166666666666663
TXN_1158197,0,1,0,0,0,0,0,0,1,0,0,2023-05-21,1,0.25,0.25,0.125
TXN_3633955,0,0,0,0,0,1,0,0,1,0,0,2023-09-20,0,0.75,0.75,0.625
TXN_2761949,0,0,0,0,1,0,0,0,0,1,0,2023-10-01,0,0.5,1.0,0.5833333333333333
TXN_4967355,0,0,0,0,0,1,0,0,1,0,0,2023-04-25,0,0.25,0.75,0.29166666666666663
TXN_8062897,0,0,0,0,0,0,1,0,0,0,1,2023-10-02,1,0.25,0.75,0.29166666666666663
TXN_4831426,0,0,0,1,0,0,0,0,0,1,0,2023-02-27,0,0.75,0.5,0.4583333333333333
TXN_3995843,0,0,0,0,0,0,1,0,0,0,1,2023-12-31,0,0.5,0.75,0.4583333333333333
TXN_4284492,0,0,0,1,0,0,0,0,0,0,1,2023-05-30,1,0.5,0.5,0.3333333333333333
TXN_9942634,0,0,0,0,0,0,0,1,0,0,1,2023-01-17,1,1.0,0.125,0.2708333333333333
TXN_7104682,0,0,1,0,0,0,0,0,0,0,1,2023-08-31,1,1.0,0.0,0.16666666666666666
TXN_5745955,0,0,0,0,0,0,1,0,0,1,0,2023-01-09,0,0.75,0.75,0.625
TXN_6866209,0,0,0,0,0,0,1,0,0,0,1,2023-05-20,0,1.0,0.75,0.7916666666666666
TXN_7573801,1,0,0,0,0,0,0,0,1,0,0,2023-12-14,0,0.25,0.5,0.20833333333333331
TXN_9681880,0,1,0,0,0,0,0,0,1,0,0,2023-03-21,0,0.5,0.25,0.20833333333333331
TXN_2559288,0,0,0,0,1,0,0,0,0,1,0,2023-12-27,0,0.75,1.0,0.7916666666666666
TXN_9188692,1,0,0,0,0,0,0,0,0,1,0,2023-12-01,0,1.0,0.5,0.5833333333333333
TXN_2936975,0,0,0,0,0,0,0,1,0,0,1,2023-10-05,1,0.0,0.125,0.020833333333333332
TXN_5027125,0,0,0,0,1,0,0,0,1,0,0,2023-07-06,0,0.5,1.0,0.5833333333333333
TXN_7433758,0,0,1,0,0,0,0,0,1,0,0,2023-06-09,1,0.0,0.0,0.0
TXN_2092288,0,1,0,0,0,0,0,0,0,1,0,2023-03-30,1,0.0,0.25,0.041666666666666664
TXN_5701303,0,1,0,0,0,0,0,0,0,0,1,2023-09-08,1,0.0,0.25,0.041666666666666664
TXN_7323833,0,0,0,0,0,1,0,0,0,1,0,2023-04-09,0,0.5,0.75,0.4583333333333333
TXN_5161371,1,0,0,0,0,0,0,0,0,1,0,2023-01-17,0,0.25,0.5,0.20833333333333331
TXN_6228918,1,0,0,0,0,0,0,0,0,0,1,2023-12-22,0,0.0,0.5,0.08333333333333333
TXN_1132566,1,0,0,0,0,0,0,0,1,0,0,2023-02-27,0,0.5,0.5,0.3333333333333333
TXN_3713527,0,0,1,0,0,0,0,0,1,0,0,2023-03-08,1,0.75,0.0,0.125
TXN_1719440,0,0,1,0,0,0,0,0,0,0,1,2023-07-13,1,1.0,0.0,0.16666666666666666
TXN_6273703,0,0,0,0,0,0,0,1,0,1,0,2023-12-24,1,0.25,0.125,0.08333333333333333
TXN_2050017,0,0,0,0,0,1,0,0,0,1,0,2023-03-24,1,0.75,0.75,0.625
TXN_6797827,0,0,0,0,0,1,0,0,0,1,0,2023-06-16,0,0.0,0.75,0.125
TXN_6885626,1,0,0,0,0,0,0,0,0,1,0,2023-08-06,0,1.0,0.5,0.5833333333333333
TXN_3729074,0,0,0,0,1,0,0,0,0,1,0,2023-04-15,0,0.5,1.0,0.5833333333333333
TXN_7418962,0,0,0,0,0,0,1,0,1,0,0,2023-03-07,1,0.75,0.75,0.625
TXN_7217537,0,0,0,0,1,0,0,0,1,0,0,2023-12-19,0,0.5,1.0,0.5833333333333333
TXN_7904970,0,0,0,0,0,0,0,1,0,1,0,2023-05-23,1,0.25,0.125,0.08333333333333333
TXN_8845592,0,0,0,0,0,1,0,0,0,1,0,2023-11-12,0,1.0,0.75,0.7916666666666666
TXN_2402637,0,0,0,0,0,1,0,0,0,0,1,2023-06-18,1,0.25,0.75,0.29166666666666663
TXN_2081985,0,1,0,0,0,0,0,0,0,0,1,2023-03-24,0,0.25,0.25,0.125
TXN_5664467,0,0,0,0,0,0,0,1,0,0,1,2023-11-06,1,0.75,0.125,0.20833333333333331
TXN_2275523,0,0,0,0,0,0,0,1,0,0,1,2023-09-02,1,0.75,0.125,0.20833333333333331
TXN_7230977,1,0,0,0,0,0,0,0,0,0,1,2023-08-24,1,1.0,0.5,0.5833333333333333
TXN_6451747,0,0,0,0,1,0,0,0,1,0,0,2023-05-23,1,0.75,1.0,0.7916666666666666
TXN_2680626,1,0,0,0,0,0,0,0,1,0,0,2023-01-08,0,0.5,0.5,0.3333333333333333
TXN_8668840,1,0,0,0,0,0,0,0,0,0,1,2023-10-03,0,1.0,0.5,0.5833333333333333
TXN_5390428,0,0,0,1,0,0,0,0,1,0,0,2023-11-25,0,0.25,0.5,0.20833333333333331
TXN_5009367,0,0,0,1,0,0,0,0,0,1,0,2023-04-19,0,0.5,0.5,0.3333333333333333
TXN_5930921,0,0,1,0,0,0,0,0,0,0,1,2023-04-02,1,0.25,0.0,0.041666666666666664
TXN_3067854,1,0,0,0,0,0,0,0,0,1,0,2023-07-08,0,0.0,0.5,0.08333333333333333
TXN_6401072,0,0,0,0,0,0,1,0,1,0,0,2023-07-28,1,0.75,0.75,0.625
TXN_6377597,0,0,1,0,0,0,0,0,0,0,1,2023-04-29,0,0.0,0.0,0.0
TXN_6799966,0,0,0,0,0,0,0,1,0,0,1,2023-03-03,1,0.75,0.125,0.20833333333333331
TXN_5080934,0,0,0,1,0,0,0,0,1,0,0,2023-12-10,1,0.5,0.5,0.3333333333333333
TXN_8684125,0,0,0,0,1,0,0,0,0,1,0,2023-03-08,0,0.25,1.0,0.375
TXN_1647077,0,0,0,0,0,0,1,0,0,0,1,2023-08-19,1,0.25,0.75,0.29166666666666663
TXN_9769782,0,0,0,0,0,0,1,0,1,0,0,2023-12-21,1,1.0,0.75,0.7916666666666666
TXN_8167808,1,0,0,0,0,0,0,0,1,0,0,2023-02-03,0,0.5,0.5,0.3333333333333333
TXN_4541998,0,0,0,0,0,1,0,0,0,0,1,2023-01-13,1,0.0,0.75,0.125
TXN_3369789,0,0,0,0,0,1,0,0,0,1,0,2023-04-15,1,1.0,0.75,0.7916666666666666
TXN_7973461,0,0,0,0,0,0,0,1,1,0,0,2023-04-11,0,0.5,0.125,0.14583333333333331
TXN_7753587,1,0,0,0,0,0,0,0,0,1,0,2023-03-28,1,0.0,0.5,0.08333333333333333
TXN_4490958,0,1,0,0,0,0,0,0,0,1,0,2023-03-30,0,0.25,0.25,0.125
TXN_8715515,0,0,0,1,0,0,0,0,0,1,0,2023-07-23,1,1.0,0.5,0.5833333333333333
TXN_8242126,0,0,0,0,1,0,0,0,0,0,1,2023-11-20,0,0.75,1.0,0.7916666666666666
TXN_2972659,0,0,0,0,0,0,0,1,1,0,0,2023-12-16,1,0.5,0.125,0.14583333333333331
TXN_5685028,1,0,0,0,0,0,0,0,0,0,1,2023-08-12,1,1.0,0.5,0.5833333333333333
TXN_9835620,0,0,0,1,0,0,0,0,0,1,0,2023-06-09,0,0.25,0.5,0.20833333333333331
TXN_9245124,0,0,0,0,0,0,0,1,0,0,1,2023-04-19,0,0.75,0.125,0.20833333333333331
TXN_8619762,0,0,0,0,0,0,1,0,1,0,0,2023-08-05,1,0.75,0.75,0.625
TXN_5983031,0,0,0,1,0,0,0,0,0,0,1,2023-03-09,0,0.5,0.5,0.3333333333333333
TXN_8730549,0,0,0,0,0,0,1,0,0,0,1,2023-02-04,1,0.75,0.75,0.625
TXN_6889867,0,0,0,0,0,1,0,0,1,0,0,2023-03-07,0,1.0,0.75,0.7916666666666666
TXN_9035484,0,1,0,0,0,0,0,0,1,0,0,2023-06-29,1,0.25,0.25,0.125
TXN_2505327,0,0,0,1,0,0,0,0,1,0,0,2023-11-04,1,0.25,0.5,0.20833333333333331
TXN_9972525,0,1,0,0,0,0,0,0,1,0,0,2023-07-31,1,0.75,0.25,0.29166666666666663
TXN_3315026,0,0,0,1,0,0,0,0,1,0,0,2023-11-06,0,1.0,0.5,0.5833333333333333
TXN_3613385,0,0,1,0,0,0,0,0,1,0,0,2023-05-26,1,0.5,0.0,0.08333333333333333
TXN_9629541,0,0,0,0,0,1,0,0,0,0,1,2023-12-18,0,1.0,0.75,0.7916666666666666
TXN_7503640,0,0,0,0,1,0,0,0,0,0,1,2023-11-04,0,0.5,1.0,0.5833333333333333
TXN_1135761,1,0,0,0,0,0,0,0,0,0,1,2023-01-30,1,0.5,0.5,0.3333333333333333
TXN_8558404,0,0,0,0,1,0,0,0,0,0,1,2023-07-15,0,0.75,1.0,0.7916666666666666
TXN_8430735,0,0,0,1,0,0,0,0,0,1,0,2023-10-25,1,0.25,0.5,0.20833333333333331
TXN_8279865,0,0,0,1,0,0,0,0,1,0,0,2023-07-18,0,0.0,0.5,0.08333333333333333
TXN_5906520,0,0,0,0,1,0,0,0,0,1,0,2023-01-31,0,0.25,1.0,0.375
TXN_8250427,0,1,0,0,0,0,0,0,0,1,0,2023-09-15,1,0.75,0.25,0.29166666666666663
TXN_9928337,0,0,0,1,0,0,0,0,0,1,0,2023-11-05,1,0.0,0.5,0.08333333333333333
TXN_7008306,0,0,0,0,1,0,0,0,0,1,0,2023-04-11,1,0.25,1.0,0.375
TXN_5603538,0,0,0,1,0,0,0,0,1,0,0,2023-02-15,0,0.5,0.5,0.3333333333333333
TXN_7368648,0,0,0,0,0,0,0,1,0,0,1,2023-03-09,0,0.0,0.125,0.020833333333333332
TXN_6220542,0,0,0,1,0,0,0,0,0,1,0,2023-03-24,1,0.5,0.5,0.3333333333333333
TXN_3299535,0,1,0,0,0,0,0,0,0,0,1,2023-11-16,1,0.5,0.25,0.20833333333333331
TXN_1217959,0,0,0,1,0,0,0,0,0,0,1,2023-07-28,1,0.25,0.5,0.20833333333333331
TXN_4390633,0,0,0,0,0,0,0,1,0,0,1,2023-10-17,1,0.25,0.125,0.08333333333333333
TXN_5052998,0,0,0,1,0,0,0,0,0,1,0,2023-10-07,0,0.5,0.5,0.3333333333333333
TXN_5171332,0,0,0,0,0,0,0,1,1,0,0,2023-02-05,1,1.0,0.125,0.2708333333333333
TXN_4798484,0,0,0,1,0,0,0,0,1,0,0,2023-08-09,0,0.5,0.5,0.3333333333333333
TXN_7905741,0,0,1,0,0,0,0,0,0,1,0,2023-02-08,1,1.0,0.0,0.16666666666666666
TXN_6369875,0,0,0,0,0,0,0,1,1,0,0,2023-10-04,0,1.0,0.125,0.2708333333333333
TXN_7840162,0,0,1,0,0,0,0,0,1,0,0,2023-02-27,1,1.0,0.0,0.16666666666666666
TXN_9069297,0,0,1,0,0,0,0,0,0,1,0,2023-01-27,0,0.75,0.0,0.125
TXN_5017038,0,0,0,0,0,1,0,0,0,1,0,2023-05-25,1,0.5,0.75,0.4583333333333333
TXN_6748453,0,0,0,0,0,1,0,0,0,0,1,2023-05-08,0,1.0,0.75,0.7916666666666666
TXN_1678985,0,0,0,1,0,0,0,0,1,0,0,2023-07-16,0,0.25,0.5,0.20833333333333331
TXN_6697669,1,0,0,0,0,0,0,0,1,0,0,2023-01-03,1,1.0,0.5,0.5833333333333333
TXN_3131555,0,0,0,0,0,1,0,0,1,0,0,2023-12-04,1,0.25,0.75,0.29166666666666663
TXN_1617029,0,0,0,0,1,0,0,0,1,0,0,2023-05-15,1,0.75,1.0,0.7916666666666666
TXN_7785297,0,0,1,0,0,0,0,0,1,0,0,2023-12-06,0,0.5,0.0,0.08333333333333333
TXN_9432588,0,1,0,0,0,0,0,0,1,0,0,2023-07-26,1,1.0,0.25,0.375
TXN_3313000,0,1,0,0,0,0,0,0,0,1,0,2023-01-08,0,1.0,0.25,0.375
TXN_3120023,0,0,1,0,0,0,0,0,1,0,0,2023-09-30,0,0.5,0.0,0.08333333333333333
TXN_7483257,0,0,0,0,0,1,0,0,0,0,1,2023-06-05,1,0.25,0.75,0.29166666666666663
TXN_3430842,0,0,1,0,0,0,0,0,1,0,0,2023-08-02,1,0.25,0.0,0.041666666666666664
TXN_9622300,0,0,0,0,1,0,0,0,1,0,0,2023-06-23,1,0.0,1.0,0.16666666666666666
TXN_8822610,1,0,0,0,0,0,0,0,1,0,0,2023-08-05,1,0.75,0.5,0.4583333333333333
TXN_8005089,0,0,0,0,1,0,0,0,1,0,0,2023-06-10,0,0.75,1.0,0.7916666666666666
TXN_7009420,0,0,0,0,0,1,0,0,0,0,1,2023-07-07,1,1.0,0.75,0.7916666666666666
TXN_5118667,0,1,0,0,0,0,0,0,1,0,0,2023-12-12,0,0.75,0.25,0.29166666666666663
TXN_6533180,0,1,0,0,0,0,0,0,0,0,1,2023-05-03,1,1.0,0.25,0.375
TXN_6989438,0,0,0,0,0,1,0,0,1,0,0,2023-12-17,1,0.75,0.75,0.625
TXN_3894820,0,0,0,0,0,1,0,0,0,0,1,2023-11-16,1,1.0,0.75,0.7916666666666666
TXN_7003185,0,0,0,0,0,0,0,1,0,0,1,2023-06-03,0,0.25,0.125,0.08333333333333333
TXN_1139495,0,0,0,0,1,0,0,0,0,0,1,2023-02-19,0,0.5,1.0,0.5833333333333333
TXN_1256536,0,0,0,0,1,0,0,0,0,0,1,2023-12-16,1,0.0,1.0,0.16666666666666666
TXN_6437055,1,0,0,0,0,0,0,0,0,0,1,2023-10-22,1,0.0,0.5,0.08333333333333333
TXN_6212975,0,0,0,0,0,1,0,0,0,1,0,2023-06-08,1,0.0,0.75,0.125
TXN_4223466,0,0,0,1,0,0,0,0,0,0,1,2023-05-31,1,0.75,0.5,0.4583333333333333
TXN_6684202,0,0,0,0,0,1,0,0,1,0,0,2023-07-31,0,0.0,0.75,0.125
TXN_7279066,1,0,0,0,0,0,0,0,0,0,1,2023-09-09,1,1.0,0.5,0.5833333333333333
TXN_5032114,0,0,0,0,0,1,0,0,1,0,0,2023-05-31,0,0.25,0.75,0.29166666666666663
TXN_3411281,1,0,0,0,0,0,0,0,1,0,0,2023-09-29,1,0.25,0.5,0.20833333333333331
TXN_6608817,0,0,0,0,0,1,0,0,0,1,0,2023-07-17,1,1.0,0.75,0.7916666666666666
TXN_4258943,0,0,0,0,0,1,0,0,0,1,0,2023-01-02,0,0.25,0.75,0.29166666666666663
TXN_1897660,0,0,0,0,0,0,0,1,0,0,1,2023-10-19,0,0.5,0.125,0.14583333333333331
TXN_9774691,1,0,0,0,0,0,0,0,0,1,0,2023-04-11,1,0.5,0.5,0.3333333333333333
TXN_8556230,0,0,1,0,0,0,0,0,1,0,0,2023-05-21,0,1.0,0.0,0.16666666666666666
TXN_1522430,0,0,0,0,0,0,1,0,0,1,0,2023-12-06,0,0.5,0.75,0.4583333333333333
TXN_2797077,0,0,0,0,1,0,0,0,0,0,1,2023-07-04,1,0.25,1.0,0.375
TXN_7666909,0,0,0,1,0,0,0,0,0,1,0,2023-08-29,1,0.75,0.5,0.4583333333333333
TXN_9365558,0,0,0,0,1,0,0,0,0,1,0,2023-02-12,1,0.75,1.0,0.7916666666666666
TXN_6837601,0,0,0,0,1,0,0,0,0,0,1,2023-02-05,1,0.0,1.0,0.16666666666666666
TXN_1713983,0,0,0,0,1,0,0,0,1,0,0,2023-05-11,0,0.25,1.0,0.375
TXN_4674417,0,0,1,0,0,0,0,0,0,0,1,2023-07-03,1,1.0,0.0,0.16666666666666666
TXN_4641838,0,0,1,0,0,0,0,0,0,1,0,2023-04-30,0,1.0,0.0,0.16666666666666666
TXN_9315119,0,0,0,0,1,0,0,0,0,1,0,2023-06-16,1,0.25,1.0,0.375
TXN_2552405,0,0,0,1,0,0,0,0,0,1,0,2023-06-22,0,1.0,0.5,0.5833333333333333
TXN_3465980,0,0,1,0,0,0,0,0,1,0,0,2023-07-08,1,0.75,0.0,0.125
TXN_4220189,0,0,0,0,0,0,0,1,0,1,0,2023-08-16,1,0.0,0.125,0.020833333333333332
TXN_7343905,1,0,0,0,0,0,0,0,0,0,1,2023-01-17,0,0.0,0.5,0.08333333333333333
TXN_9813938,0,0,0,0,0,1,0,0,1,0,0,2023-06-30,1,1.0,0.75,0.7916666666666666
TXN_6129460,0,0,0,1,0,0,0,0,1,0,0,2023-11-19,0,1.0,0.5,0.5833333333333333
TXN_9470590,0,0,0,0,1,0,0,0,0,1,0,2023-04-11,1,0.0,1.0,0.16666666666666666
TXN_7212607,0,1,0,0,0,0,0,0,0,0,1,2023-08-06,0,0.5,0.25,0.20833333333333331
TXN_8384628,0,0,0,0,1,0,0,0,0,1,0,2023-08-22,1,0.5,1.0,0.5833333333333333
TXN_4200340,1,0,0,0,0,0,0,0,1,0,0,2023-07-06,1,1.0,0.5,0.5833333333333333
TXN_9349052,1,0,0,0,0,0,0,0,1,0,0,2023-10-31,1,0.75,0.5,0.4583333333333333
TXN_9749434,1,0,0,0,0,0,0,0,0,1,0,2023-04-21,1,1.0,0.5,0.5833333333333333
TXN_2693584,0,0,1,0,0,0,0,0,1,0,0,2023-10-28,1,0.5,0.0,0.08333333333333333
TXN_4778105,0,0,0,1,0,0,0,0,0,0,1,2023-10-08,0,0.75,0.5,0.4583333333333333
TXN_7804488,0,0,1,0,0,0,0,0,0,0,1,2023-11-28,1,0.25,0.0,0.041666666666666664
TXN_4674667,0,1,0,0,0,0,0,0,1,0,0,2023-05-24,1,0.25,0.25,0.125
TXN_8832852,0,0,0,0,0,1,0,0,0,0,1,2023-01-05,1,1.0,0.75,0.7916666666666666
TXN_4278785,0,0,0,0,1,0,0,0,1,0,0,2023-04-29,0,0.5,1.0,0.5833333333333333
TXN_4462052,0,0,1,0,0,0,0,0,1,0,0,2023-10-12,0,0.0,0.0,0.0
TXN_3379368,1,0,0,0,0,0,0,0,0,1,0,2023-05-26,1,1.0,0.5,0.5833333333333333
TXN_7651864,0,0,0,0,0,0,1,0,0,0,1,2023-04-29,0,0.75,0.75,0.625
TXN_7089173,0,0,0,1,0,0,0,0,0,0,1,2023-01-14,1,0.0,0.5,0.08333333333333333
TXN_1906642,0,0,1,0,0,0,0,0,1,0,0,2023-06-06,1,0.75,0.0,0.125
TXN_5410349,0,0,0,1,0,0,0,0,0,1,0,2023-03-05,1,1.0,0.5,0.5833333333333333
TXN_5234368,0,1,0,0,0,0,0,0,0,0,1,2023-06-10,1,0.5,0.25,0.20833333333333331
TXN_5544904,0,0,0,0,1,0,0,0,1,0,0,2023-04-19,0,1.0,1.0,1.0
TXN_3376958,0,0,0,0,1,0,0,0,1,0,0,2023-10-31,0,0.75,1.0,0.7916666666666666
TXN_5446085,0,1,0,0,0,0,0,0,0,0,1,2023-09-16,1,0.5,0.25,0.20833333333333331
TXN_9676940,0,0,0,1,0,0,0,0,0,1,0,2023-08-16,1,0.25,0.5,0.20833333333333331
TXN_2371941,0,0,0,1,0,0,0,0,1,0,0,2023-01-26,0,0.25,0.5,0.20833333333333331
TXN_8980774,0,0,0,0,0,0,0,1,0,1,0,2023-03-31,0,0.75,0.125,0.20833333333333331
TXN_5708913,1,0,0,0,0,0,0,0,1,0,0,2023-04-29,0,0.25,0.5,0.20833333333333331
TXN_6310726,0,0,1,0,0,0,0,0,0,1,0,2023-03-30,1,0.5,0.0,0.08333333333333333
TXN_4096816,0,1,0,0,0,0,0,0,0,0,1,2023-11-02,1,0.5,0.25,0.20833333333333331
TXN_7451083,0,1,0,0,0,0,0,0,0,0,1,2023-06-24,1,0.0,0.25,0.041666666666666664
TXN_5132082,0,0,0,0,1,0,0,0,0,0,1,2023-10-08,1,1.0,1.0,1.0
TXN_7323040,0,0,1,0,0,0,0,0,0,0,1,2023-11-09,1,0.5,0.0,0.08333333333333333
TXN_9176418,0,0,0,0,0,0,1,0,0,0,1,2023-03-02,1,0.0,0.75,0.125
TXN_9702662,0,0,0,0,0,0,1,0,0,0,1,2023-07-10,1,0.75,0.75,0.625
TXN_7612618,0,0,0,0,0,0,1,0,0,1,0,2023-04-12,1,0.75,0.75,0.625
TXN_7321789,0,0,0,1,0,0,0,0,0,0,1,2023-05-10,1,0.5,0.5,0.3333333333333333
TXN_3679126,0,0,1,0,0,0,0,0,1,0,0,2023-07-15,0,0.0,0.0,0.0
TXN_2008137,0,1,0,0,0,0,0,0,0,1,0,2023-10-07,1,0.75,0.25,0.29166666666666663
TXN_2622670,1,0,0,0,0,0,0,0,0,0,1,2023-01-28,0,1.0,0.5,0.5833333333333333
TXN_4791105,0,0,0,0,0,0,1,0,1,0,0,2023-05-18,1,0.5,0.75,0.4583333333333333
TXN_6882819,0,0,0,1,0,0,0,0,1,0,0,2023-08-21,0,0.0,0.5,0.08333333333333333
TXN_2152670,0,0,0,0,0,0,0,1,0,1,0,2023-12-24,0,0.5,0.125,0.14583333333333331
TXN_3482117,0,0,0,0,0,1,0,0,1,0,0,2023-07-18,0,0.25,0.75,0.29166666666666663
TXN_1843989,0,0,1,0,0,0,0,0,0,0,1,2023-07-19,1,1.0,0.0,0.16666666666666666
TXN_4943715,0,1,0,0,0,0,0,0,0,0,1,2023-10-06,1,1.0,0.25,0.375
TXN_8571836,0,0,0,1,0,0,0,0,1,0,0,2023-12-27,1,0.5,0.5,0.3333333333333333
TXN_2544176,0,0,0,0,0,0,0,1,0,1,0,2023-12-19,1,0.5,0.125,0.14583333333333331
TXN_1589264,0,0,0,0,1,0,0,0,1,0,0,2023-07-26,1,0.25,1.0,0.375
TXN_1379209,0,0,0,0,0,0,0,1,0,1,0,2023-02-06,0,1.0,0.125,0.2708333333333333
TXN_2515920,1,0,0,0,0,0,0,0,1,0,0,2023-10-02,0,0.5,0.5,0.3333333333333333
TXN_6496099,0,1,0,0,0,0,0,0,0,0,1,2023-07-21,1,1.0,0.25,0.375
TXN_8696065,0,0,0,0,0,0,1,0,0,1,0,2023-11-04,0,0.5,0.75,0.4583333333333333
TXN_4746320,0,0,1,0,0,0,0,0,0,0,1,2023-04-02,1,0.25,0.0,0.041666666666666664
TXN_1250407,0,0,1,0,0,0,0,0,0,1,0,2023-11-21,1,0.0,0.0,0.0
TXN_1617476,1,0,0,0,0,0,0,0,0,0,1,2023-02-10,0,0.25,0.5,0.20833333333333331
TXN_4196578,0,0,0,0,0,0,0,1,0,1,0,2023-06-26,1,0.25,0.125,0.08333333333333333
TXN_9725461,0,0,0,0,0,0,1,0,0,1,0,2023-11-25,0,0.5,0.75,0.4583333333333333
TXN_2975443,0,0,0,0,1,0,0,0,0,1,0,2023-12-31,1,1.0,1.0,1.0
TXN_1000555,0,0,0,0,0,0,0,1,0,1,0,2023-10-19,0,0.0,0.125,0.020833333333333332
TXN_1622411,0,0,0,0,1,0,0,0,0,1,0,2023-07-23,1,0.25,1.0,0.375
TXN_9429128,0,1,0,0,0,0,0,0,0,1,0,2023-12-19,0,0.75,0.25,0.29166666666666663
TXN_1056277,0,0,1,0,0,0,0,0,0,1,0,2023-02-06,1,1.0,0.0,0.16666666666666666
TXN_4801617,0,0,0,1,0,0,0,0,1,0,0,2023-04-02,1,1.0,0.5,0.5833333333333333
TXN_1365285,0,0,0,1,0,0,0,0,0,1,0,2023-06-11,1,1.0,0.5,0.5833333333333333
TXN_3189677,0,0,0,0,0,0,1,0,0,1,0,2023-01-11,0,0.0,0.75,0.125
TXN_3375399,0,0,1,0,0,0,0,0,0,0,1,2023-05-21,1,0.0,0.0,0.0
TXN_9315755,1,0,0,0,0,0,0,0,1,0,0,2023-09-26,1,1.0,0.5,0.5833333333333333
TXN_6853678,0,0,1,0,0,0,0,0,0,0,1,2023-07-23,1,0.75,0.0,0.125
TXN_6530886,0,1,0,0,0,0,0,0,0,1,0,2023-10-21,0,0.0,0.25,0.041666666666666664
TXN_3530720,0,0,0,0,0,0,1,0,0,0,1,2023-10-18,0,1.0,0.75,0.7916666666666666
TXN_3716067,0,0,0,0,0,0,0,1,0,1,0,2023-05-13,0,1.0,0.125,0.2708333333333333
TXN_1410102,0,0,0,0,1,0,0,0,1,0,0,2023-06-23,0,0.0,1.0,0.16666666666666666
TXN_6977098,0,0,0,1,0,0,0,0,0,1,0,2023-06-09,0,1.0,0.5,0.5833333333333333
TXN_7735237,1,0,0,0,0,0,0,0,0,0,1,2023-01-13,0,0.25,0.5,0.20833333333333331
TXN_7510766,0,1,0,0,0,0,0,0,0,1,0,2023-07-24,0,0.5,0.25,0.20833333333333331
TXN_3352256,0,0,0,0,0,1,0,0,0,1,0,2023-09-08,1,0.25,0.75,0.29166666666666663
TXN_8494538,1,0,0,0,0,0,0,0,0,0,1,2023-11-08,1,0.75,0.5,0.4583333333333333
TXN_8676769,0,0,0,0,1,0,0,0,0,0,1,2023-06-16,0,0.5,1.0,0.5833333333333333
TXN_5282529,0,0,0,0,0,0,0,1,0,1,0,2023-04-13,1,1.0,0.125,0.2708333333333333
TXN_9495930,0,1,0,0,0,0,0,0,0,0,1,2023-10-23,1,0.25,0.25,0.125
TXN_3514492,0,0,0,1,0,0,0,0,0,0,1,2023-02-23,0,0.5,0.5,0.3333333333333333
TXN_1349215,0,0,0,0,0,0,1,0,0,0,1,2023-02-06,1,0.0,0.75,0.125
TXN_7223646,0,0,1,0,0,0,0,0,0,1,0,2023-09-19,0,1.0,0.0,0.16666666666666666
TXN_4033982,0,0,0,0,0,0,0,1,0,1,0,2023-01-04,1,0.25,0.125,0.08333333333333333
TXN_1842697,1,0,0,0,0,0,0,0,0,0,1,2023-10-25,0,1.0,0.5,0.5833333333333333
TXN_4227337,0,0,0,0,0,0,0,1,0,0,1,2023-12-15,1,0.75,0.125,0.20833333333333331
TXN_5790213,0,0,0,1,0,0,0,0,1,0,0,2023-08-30,1,0.5,0.5,0.3333333333333333
TXN_3546261,0,0,0,0,0,0,0,1,0,0,1,2023-03-20,1,0.5,0.125,0.14583333333333331
TXN_7119228,0,0,0,1,0,0,0,0,0,0,1,2023-10-09,1,0.75,0.5,0.4583333333333333
TXN_3334257,0,0,0,0,0,1,0,0,1,0,0,2023-06-10,0,0.25,0.75,0.29166666666666663
TXN_5665767,0,0,0,0,0,0,0,1,1,0,0,2023-08-22,0,0.75,0.125,0.20833333333333331
TXN_4527464,0,0,0,0,0,0,0,1,1,0,0,2023-08-09,0,0.75,0.125,0.20833333333333331
TXN_1011236,1,0,0,0,0,0,0,0,1,0,0,2023-02-08,0,0.0,0.5,0.08333333333333333
TXN_8293691,0,1,0,0,0,0,0,0,0,0,1,2023-06-30,1,0.75,0.25,0.29166666666666663
TXN_7463011,0,0,0,0,0,1,0,0,0,1,0,2023-01-22,0,0.25,0.75,0.29166666666666663
TXN_6872268,0,0,0,1,0,0,0,0,0,0,1,2023-01-07,0,0.25,0.5,0.20833333333333331
TXN_3999554,0,1,0,0,0,0,0,0,0,1,0,2023-09-13,1,0.0,0.25,0.041666666666666664
TXN_9942247,0,1,0,0,0,0,0,0,1,0,0,2023-10-15,1,0.25,0.25,0.125
TXN_3687300,0,0,1,0,0,0,0,0,0,1,0,2023-02-17,0,0.25,0.0,0.041666666666666664
TXN_6113452,0,0,0,0,0,1,0,0,1,0,0,2023-09-21,1,0.25,0.75,0.29166666666666663
TXN_1752617,0,0,0,0,0,0,0,1,0,0,1,2023-09-05,1,1.0,0.125,0.2708333333333333
TXN_1949789,0,0,0,0,1,0,0,0,0,0,1,2023-11-07,1,0.25,1.0,0.375
TXN_7386089,0,0,0,0,0,1,0,0,1,0,0,2023-07-15,0,0.25,0.75,0.29166666666666663
TXN_6751134,0,0,0,0,0,1,0,0,1,0,0,2023-01-12,1,0.5,0.75,0.4583333333333333
TXN_2731270,1,0,0,0,0,0,0,0,1,0,0,2023-05-31,1,0.0,0.5,0.08333333333333333
TXN_8830813,0,1,0,0,0,0,0,0,1,0,0,2023-06-18,0,0.0,0.25,0.041666666666666664
TXN_2548248,1,0,0,0,0,0,0,0,0,1,0,2023-06-28,1,0.75,0.5,0.4583333333333333
TXN_3026930,1,0,0,0,0,0,0,0,1,0,0,2023-03-23,0,0.25,0.5,0.20833333333333331
TXN_2824366,0,0,0,0,0,1,0,0,1,0,0,2023-07-02,0,0.75,0.75,0.625
TXN_2801651,0,0,0,1,0,0,0,0,0,0,1,2023-07-10,1,0.75,0.5,0.4583333333333333
TXN_5005592,0,1,0,0,0,0,0,0,0,1,0,2023-06-05,0,0.0,0.25,0.041666666666666664
TXN_8284313,0,0,0,0,1,0,0,0,0,0,1,2023-11-20,0,1.0,1.0,1.0
TXN_8058026,0,0,0,0,0,0,0,1,0,0,1,2023-05-19,1,0.0,0.125,0.020833333333333332
TXN_2182790,0,0,0,0,0,0,0,1,0,1,0,2023-05-05,1,1.0,0.125,0.2708333333333333
TXN_7251929,0,0,0,0,1,0,0,0,0,0,1,2023-01-31,0,0.25,1.0,0.375
TXN_2145530,0,0,0,0,0,1,0,0,0,0,1,2023-10-08,0,0.5,0.75,0.4583333333333333
TXN_4159861,0,0,0,1,0,0,0,0,0,0,1,2023-03-20,1,0.0,0.5,0.08333333333333333
TXN_4600614,0,0,0,0,0,1,0,0,0,0,1,2023-01-27,1,0.5,0.75,0.4583333333333333
TXN_1853298,0,0,1,0,0,0,0,0,0,1,0,2023-01-02,1,1.0,0.0,0.16666666666666666
TXN_6600858,0,0,0,0,0,1,0,0,1,0,0,2023-03-27,0,0.5,0.75,0.4583333333333333
TXN_7494793,0,0,0,0,0,0,1,0,1,0,0,2023-12-29,1,1.0,0.75,0.7916666666666666
TXN_3968170,0,0,0,0,1,0,0,0,1,0,0,2023-08-05,0,0.0,1.0,0.16666666666666666
TXN_4628310,0,0,0,1,0,0,0,0,0,1,0,2023-04-20,1,0.75,0.5,0.4583333333333333
TXN_6110009,0,0,0,1,0,0,0,0,0,0,1,2023-12-26,1,1.0,0.5,0.5833333333333333
TXN_8996187,0,0,0,0,1,0,0,0,0,1,0,2023-09-28,0,0.25,1.0,0.375
TXN_3544792,0,0,0,0,0,1,0,0,0,0,1,2023-06-27,1,0.0,0.75,0.125
TXN_2353057,1,0,0,0,0,0,0,0,1,0,0,2023-08-04,1,0.5,0.5,0.3333333333333333
TXN_6013295,0,0,0,1,0,0,0,0,1,0,0,2023-11-07,1,0.25,0.5,0.20833333333333331
TXN_3200195,0,0,0,1,0,0,0,0,0,0,1,2023-05-04,0,0.5,0.5,0.3333333333333333
TXN_4860027,0,0,1,0,0,0,0,0,0,0,1,2023-07-28,1,1.0,0.0,0.16666666666666666
TXN_3509437,0,0,0,0,0,0,1,0,0,0,1,2023-12-06,0,0.75,0.75,0.625
TXN_5442505,1,0,0,0,0,0,0,0,0,0,1,2023-09-07,1,0.75,0.5,0.4583333333333333
TXN_4708410,1,0,0,0,0,0,0,0,0,0,1,2023-10-08,0,0.75,0.5,0.4583333333333333
TXN_4847617,0,0,0,0,0,1,0,0,0,1,0,2023-08-04,1,0.75,0.75,0.625
TXN_1898329,1,0,0,0,0,0,0,0,1,0,0,2023-04-12,0,1.0,0.5,0.5833333333333333
TXN_2508266,0,0,1,0,0,0,0,0,0,0,1,2023-01-28,1,0.0,0.0,0.0
TXN_1945918,0,0,0,1,0,0,0,0,0,0,1,2023-09-12,1,0.25,0.5,0.20833333333333331
TXN_8147057,0,0,0,1,0,0,0,0,0,0,1,2023-08-21,0,0.0,0.5,0.08333333333333333
TXN_9546556,0,0,0,1,0,0,0,0,1,0,0,2023-08-18,0,1.0,0.5,0.5833333333333333
TXN_4935258,1,0,0,0,0,0,0,0,0,1,0,2023-09-14,1,0.25,0.5,0.20833333333333331
TXN_5588239,0,0,1,0,0,0,0,0,0,0,1,2023-03-31,1,0.0,0.0,0.0
TXN_6575599,0,1,0,0,0,0,0,0,0,0,1,2023-10-09,1,1.0,0.25,0.375
TXN_9382156,0,0,0,0,0,0,0,1,0,0,1,2023-06-02,1,1.0,0.125,0.2708333333333333
TXN_1229376,1,0,0,0,0,0,0,0,0,0,1,2023-08-14,0,0.5,0.5,0.3333333333333333
TXN_1732216,0,1,0,0,0,0,0,0,0,0,1,2023-08-30,1,0.5,0.25,0.20833333333333331
TXN_1756717,0,0,0,0,0,0,1,0,0,1,0,2023-01-22,0,0.5,0.75,0.4583333333333333
TXN_8188857,1,0,0,0,0,0,0,0,1,0,0,2023-12-21,0,0.0,0.5,0.08333333333333333
TXN_9783697,0,0,0,0,0,1,0,0,0,0,1,2023-07-14,1,0.0,0.75,0.125
TXN_6991253,0,0,0,1,0,0,0,0,0,0,1,2023-12-13,0,0.5,0.5,0.3333333333333333
TXN_7177487,0,0,0,0,0,0,0,1,0,1,0,2023-09-07,0,0.75,0.125,0.20833333333333331
TXN_8444245,0,0,0,1,0,0,0,0,1,0,0,2023-01-30,0,0.0,0.5,0.08333333333333333
TXN_3224756,1,0,0,0,0,0,0,0,0,1,0,2023-11-20,1,0.25,0.5,0.20833333333333331
TXN_3421456,1,0,0,0,0,0,0,0,0,0,1,2023-09-05,1,0.0,0.5,0.08333333333333333
TXN_9421618,1,0,0,0,0,0,0,0,1,0,0,2023-02-21,1,0.5,0.5,0.3333333333333333
TXN_9054741,0,0,0,1,0,0,0,0,0,1,0,2023-06-24,1,0.0,0.5,0.08333333333333333
TXN_9063299,1,0,0,0,0,0,0,0,0,0,1,2023-06-15,0,0.75,0.5,0.4583333333333333
TXN_4318159,0,1,0,0,0,0,0,0,0,0,1,2023-03-30,1,0.75,0.25,0.29166666666666663
TXN_8127390,0,0,0,0,0,0,0,1,0,0,1,2023-01-19,0,0.5,0.125,0.14583333333333331
TXN_9682798,1,0,0,0,0,0,0,0,1,0,0,2023-09-15,0,0.5,0.5,0.3333333333333333
TXN_9716971,0,0,0,0,1,0,0,0,0,0,1,2023-06-21,1,0.75,1.0,0.7916666666666666
TXN_7827797,0,0,0,0,1,0,0,0,1,0,0,2023-06-30,1,0.5,1.0,0.5833333333333333
TXN_4343391,0,0,1,0,0,0,0,0,1,0,0,2023-06-01,1,1.0,0.0,0.16666666666666666
TXN_6877186,0,0,1,0,0,0,0,0,0,1,0,2023-12-05,0,0.25,0.0,0.041666666666666664
TXN_8162049,0,0,0,0,0,1,0,0,0,0,1,2023-11-04,1,0.0,0.75,0.125
TXN_6559173,0,0,0,0,0,0,1,0,0,0,1,2023-08-09,0,1.0,0.75,0.7916666666666666
TXN_9818498,0,0,0,0,0,0,1,0,0,1,0,2023-09-01,1,0.5,0.75,0.4583333333333333
TXN_2520102,0,1,0,0,0,0,0,0,0,0,1,2023-03-08,1,0.0,0.25,0.041666666666666664
TXN_9155044,0,0,0,0,0,1,0,0,0,1,0,2023-02-28,0,0.5,0.75,0.4583333333333333
TXN_5625110,0,0,0,0,1,0,0,0,0,0,1,2023-11-07,1,0.5,1.0,0.5833333333333333
TXN_3923375,1,0,0,0,0,0,0,0,0,1,0,2023-12-05,1,1.0,0.5,0.5833333333333333
TXN_8706498,0,0,0,0,0,0,1,0,0,0,1,2023-05-08,0,1.0,0.75,0.7916666666666666
TXN_1188596,0,0,0,1,0,0,0,0,1,0,0,2023-10-24,1,0.0,0.5,0.08333333333333333
TXN_8085790,0,0,1,0,0,0,0,0,1,0,0,2023-10-27,1,0.75,0.0,0.125
TXN_3113823,0,0,0,0,1,0,0,0,0,0,1,2023-03-01,0,1.0,1.0,1.0
TXN_3423451,0,0,0,0,1,0,0,0,1,0,0,2023-10-11,1,0.75,1.0,0.7916666666666666
TXN_8010863,0,1,0,0,0,0,0,0,1,0,0,2023-06-30,0,0.25,0.25,0.125
TXN_6154626,0,0,0,0,0,0,1,0,0,1,0,2023-05-06,1,1.0,0.75,0.7916666666666666
TXN_5841004,0,0,1,0,0,0,0,0,0,1,0,2023-04-28,0,0.25,0.0,0.041666666666666664
TXN_2886223,0,0,0,0,0,1,0,0,0,1,0,2023-07-24,1,1.0,0.75,0.7916666666666666
TXN_6047742,0,0,0,0,0,0,1,0,0,0,1,2023-12-11,0,1.0,0.75,0.7916666666666666
TXN_5086795,0,0,0,0,1,0,0,0,1,0,0,2023-04-29,0,0.0,1.0,0.16666666666666666
TXN_1943186,0,0,0,0,1,0,0,0,1,0,0,2023-12-16,0,0.25,1.0,0.375
TXN_9600016,0,0,1,0,0,0,0,0,1,0,0,2023-05-06,1,0.75,0.0,0.125
TXN_7397017,0,0,0,0,1,0,0,0,0,0,1,2023-11-20,1,0.5,1.0,0.5833333333333333
TXN_4305997,0,0,0,0,0,0,0,1,0,1,0,2023-11-22,0,0.5,0.125,0.14583333333333331
TXN_4364374,0,0,0,0,0,1,0,0,1,0,0,2023-04-20,0,0.25,0.75,0.29166666666666663
TXN_7031347,0,0,0,1,0,0,0,0,0,1,0,2023-06-09,1,0.75,0.5,0.4583333333333333
TXN_9703331,1,0,0,0,0,0,0,0,1,0,0,2023-09-09,1,0.25,0.5,0.20833333333333331
TXN_3851247,1,0,0,0,0,0,0,0,0,1,0,2023-11-23,0,0.0,0.5,0.08333333333333333
TXN_6666679,0,0,0,1,0,0,0,0,0,0,1,2023-08-25,0,0.25,0.5,0.20833333333333331
TXN_5683213,0,0,0,0,0,0,1,0,0,1,0,2023-10-30,0,0.25,0.75,0.29166666666666663
TXN_2052609,1,0,0,0,0,0,0,0,0,1,0,2023-06-23,1,0.75,0.5,0.4583333333333333
TXN_6557825,0,0,0,0,0,0,0,1,1,0,0,2023-05-07,0,0.5,0.125,0.14583333333333331
TXN_6228999,0,0,1,0,0,0,0,0,1,0,0,2023-02-07,1,1.0,0.0,0.16666666666666666
TXN_4226287,0,0,1,0,0,0,0,0,0,1,0,2023-04-29,0,0.0,0.0,0.0
TXN_9868053,0,0,0,1,0,0,0,0,0,0,1,2023-03-12,0,0.5,0.5,0.3333333333333333
TXN_2570829,0,0,0,1,0,0,0,0,1,0,0,2023-03-31,1,0.0,0.5,0.08333333333333333
TXN_7433531,0,0,0,0,0,1,0,0,1,0,0,2023-08-16,1,0.25,0.75,0.29166666666666663
TXN_5190685,0,0,1,0,0,0,0,0,1,0,0,2023-11-12,1,0.75,0.0,0.125
TXN_4526296,0,0,0,0,0,0,1,0,0,1,0,2023-11-23,1,1.0,0.75,0.7916666666666666
TXN_5137315,0,0,0,0,1,0,0,0,0,1,0,2023-01-05,0,1.0,1.0,1.0
TXN_6513435,0,0,0,1,0,0,0,0,0,0,1,2023-08-16,1,0.5,0.5,0.3333333333333333
TXN_8337899,0,0,1,0,0,0,0,0,0,0,1,2023-11-10,0,0.0,0.0,0.0
TXN_2245787,0,0,0,0,1,0,0,0,0,0,1,2023-10-29,1,0.75,1.0,0.7916666666666666
TXN_9203396,0,1,0,0,0,0,0,0,0,0,1,2023-01-08,0,1.0,0.25,0.375
TXN_9352671,0,0,0,0,0,1,0,0,1,0,0,2023-02-10,1,0.25,0.75,0.29166666666666663
TXN_6391414,0,0,0,0,0,0,1,0,1,0,0,2023-05-08,0,0.75,0.75,0.625
TXN_2613440,0,0,0,1,0,0,0,0,0,1,0,2023-04-15,0,0.5,0.5,0.3333333333333333
TXN_5632564,0,0,1,0,0,0,0,0,0,1,0,2023-11-04,0,0.0,0.0,0.0
TXN_4175122,0,1,0,0,0,0,0,0,0,0,1,2023-09-29,0,0.75,0.25,0.29166666666666663
TXN_3475075,1,0,0,0,0,0,0,0,1,0,0,2023-12-28,1,0.5,0.5,0.3333333333333333
TXN_4759797,0,0,0,0,1,0,0,0,0,0,1,2023-08-17,0,0.5,1.0,0.5833333333333333
TXN_4704439,0,1,0,0,0,0,0,0,1,0,0,2023-06-14,0,0.5,0.25,0.20833333333333331
TXN_3292043,0,0,1,0,0,0,0,0,0,0,1,2023-11-19,0,1.0,0.0,0.16666666666666666
TXN_2666340,1,0,0,0,0,0,0,0,1,0,0,2023-09-29,1,0.25,0.5,0.20833333333333331
TXN_8004162,0,0,0,0,1,0,0,0,1,0,0,2023-11-04,1,1.0,1.0,1.0
TXN_6539480,1,0,0,0,0,0,0,0,1,0,0,2023-08-25,1,1.0,0.5,0.5833333333333333
TXN_1993002,1,0,0,0,0,0,0,0,1,0,0,2023-03-30,1,0.75,0.5,0.4583333333333333
TXN_5024094,0,0,0,0,0,0,0,1,0,1,0,2023-02-20,1,0.0,0.125,0.020833333333333332
TXN_7399898,0,0,0,1,0,0,0,0,1,0,0,2023-02-19,1,0.5,0.5,0.3333333333333333
TXN_7675213,0,0,0,0,0,1,0,0,0,0,1,2023-03-08,0,0.25,0.75,0.29166666666666663
TXN_5180728,0,0,0,0,0,0,0,1,0,0,1,2023-09-01,0,0.25,0.125,0.08333333333333333
TXN_1442791,0,0,0,0,0,0,0,1,1,0,0,2023-03-23,1,0.0,0.125,0.020833333333333332
TXN_7169607,1,0,0,0,0,0,0,0,0,1,0,2023-04-10,1,0.25,0.5,0.20833333333333331
TXN_8157817,0,0,0,0,0,0,0,1,0,1,0,2023-08-30,1,0.25,0.125,0.08333333333333333
TXN_9105544,0,0,0,0,0,0,0,1,0,1,0,2023-07-08,0,0.5,0.125,0.14583333333333331
TXN_7620529,0,0,0,0,0,1,0,0,1,0,0,2023-08-08,0,0.25,0.75,0.29166666666666663
TXN_1491670,0,0,0,1,0,0,0,0,0,1,0,2023-06-28,1,1.0,0.5,0.5833333333333333
TXN_8041777,1,0,0,0,0,0,0,0,1,0,0,2023-11-23,0,0.0,0.5,0.08333333333333333
TXN_2366464,0,0,0,1,0,0,0,0,1,0,0,2023-06-05,1,0.0,0.5,0.08333333333333333
TXN_7994275,0,0,0,0,0,0,1,0,0,1,0,2023-09-18,0,0.5,0.75,0.4583333333333333
TXN_6034920,0,0,1,0,0,0,0,0,0,1,0,2023-09-09,0,0.0,0.0,0.0
TXN_4673812,0,0,1,0,0,0,0,0,0,0,1,2023-05-01,1,0.25,0.0,0.041666666666666664
TXN_3577949,1,0,0,0,0,0,0,0,0,1,0,2023-04-25,1,0.5,0.5,0.3333333333333333
TXN_4503560,1,0,0,0,0,0,0,0,0,0,1,2023-02-21,0,1.0,0.5,0.5833333333333333
TXN_6543620,0,0,1,0,0,0,0,0,1,0,0,2023-04-08,1,0.25,0.0,0.041666666666666664
TXN_5071222,0,0,1,0,0,0,0,0,0,0,1,2023-10-25,0,1.0,0.0,0.16666666666666666
TXN_1605048,1,0,0,0,0,0,0,0,1,0,0,2023-03-16,1,0.75,0.5,0.4583333333333333
TXN_9907306,0,0,1,0,0,0,0,0,0,0,1,2023-09-06,1,0.5,0.0,0.08333333333333333
TXN_2401829,0,0,0,0,0,0,1,0,0,0,1,2023-02-07,1,1.0,0.75,0.7916666666666666
TXN_8359674,0,0,0,0,1,0,0,0,0,1,0,2023-10-16,1,0.5,1.0,0.5833333333333333
TXN_1937611,0,0,0,0,0,0,0,1,0,1,0,2023-11-02,1,0.25,0.125,0.08333333333333333
TXN_5438111,0,0,0,0,0,0,1,0,1,0,0,2023-01-06,0,0.5,0.75,0.4583333333333333
TXN_1442771,1,0,0,0,0,0,0,0,1,0,0,2023-04-25,0,0.0,0.5,0.08333333333333333
TXN_5793057,0,0,0,0,0,1,0,0,0,1,0,2023-02-25,0,0.5,0.75,0.4583333333333333
TXN_1778597,0,0,1,0,0,0,0,0,1,0,0,2023-09-28,0,0.5,0.0,0.08333333333333333
TXN_4076631,1,0,0,0,0,0,0,0,1,0,0,2023-07-21,0,0.75,0.5,0.4583333333333333
TXN_1660757,1,0,0,0,0,0,0,0,0,0,1,2023-11-08,1,0.75,0.5,0.4583333333333333
TXN_7540909,0,0,0,0,0,0,0,1,0,0,1,2023-02-20,1,0.25,0.125,0.08333333333333333
TXN_1469462,1,0,0,0,0,0,0,0,0,1,0,2023-09-05,1,0.0,0.5,0.08333333333333333
TXN_4745094,0,0,0,0,0,0,0,1,0,1,0,2023-12-05,1,1.0,0.125,0.2708333333333333
TXN_3711712,0,0,0,0,1,0,0,0,0,0,1,2023-08-20,0,1.0,1.0,1.0
TXN_7909509,0,0,0,0,0,0,1,0,0,0,1,2023-10-10,1,0.5,0.75,0.4583333333333333
TXN_8577850,0,0,0,0,0,0,0,1,0,0,1,2023-07-10,1,0.5,0.125,0.14583333333333331
TXN_1268480,0,0,0,0,1,0,0,0,1,0,0,2023-04-18,0,1.0,1.0,1.0
TXN_6579974,0,0,0,0,0,1,0,0,0,0,1,2023-05-10,0,1.0,0.75,0.7916666666666666
TXN_6957331,0,0,0,1,0,0,0,0,0,0,1,2023-01-23,1,0.5,0.5,0.3333333333333333
TXN_7796731,0,0,0,1,0,0,0,0,1,0,0,2023-06-09,0,0.25,0.5,0.20833333333333331
TXN_7218914,0,0,0,0,1,0,0,0,0,0,1,2023-01-11,0,0.0,1.0,0.16666666666666666
TXN_4869107,0,0,0,0,0,0,1,0,0,0,1,2023-01-30,0,0.5,0.75,0.4583333333333333
TXN_2027203,0,1,0,0,0,0,0,0,0,1,0,2023-07-15,0,0.5,0.25,0.20833333333333331
TXN_6149748,0,0,0,0,1,0,0,0,0,1,0,2023-07-06,1,0.5,1.0,0.5833333333333333
TXN_1633563,0,0,0,0,0,0,1,0,0,0,1,2023-02-05,0,0.75,0.75,0.625
TXN_3088330,0,0,0,0,0,0,0,1,0,0,1,2023-12-08,0,1.0,0.125,0.2708333333333333
TXN_5001766,0,0,0,0,0,0,1,0,0,0,1,2023-05-24,0,0.0,0.75,0.125
TXN_5634960,0,0,0,0,0,0,0,1,0,1,0,2023-09-06,1,0.25,0.125,0.08333333333333333
TXN_6280724,0,1,0,0,0,0,0,0,0,1,0,2023-05-02,0,0.5,0.25,0.20833333333333331
TXN_7650834,0,0,0,0,1,0,0,0,1,0,0,2023-10-29,1,0.25,1.0,0.375
TXN_4107857,0,0,0,0,0,0,0,1,0,1,0,2023-01-29,1,0.0,0.125,0.020833333333333332
TXN_2052771,0,0,0,0,0,0,0,1,0,0,1,2023-09-12,1,0.75,0.125,0.20833333333333331
TXN_4635037,0,0,0,1,0,0,0,0,0,0,1,2023-05-17,0,0.0,0.5,0.08333333333333333
TXN_2160119,0,0,0,0,0,1,0,0,1,0,0,2023-12-27,0,1.0,0.75,0.7916666666666666
TXN_9103776,0,0,0,0,0,0,0,1,0,1,0,2023-05-03,0,0.75,0.125,0.20833333333333331
TXN_7538221,1,0,0,0,0,0,0,0,0,1,0,2023-03-31,1,1.0,0.5,0.5833333333333333
TXN_4565754,0,0,0,0,0,0,1,0,0,0,1,2023-10-06,1,0.0,0.75,0.29166666666666663
TXN_8807333,0,0,0,0,0,1,0,0,0,0,1,2023-03-18,0,1.0,0.75,0.7916666666666666
TXN_8006056,0,0,0,1,0,0,0,0,0,1,0,2023-12-19,1,0.75,0.5,0.4583333333333333
TXN_2216532,0,0,0,0,0,0,0,1,1,0,0,2023-12-27,1,0.5,0.125,0.14583333333333331
TXN_6553720,0,1,0,0,0,0,0,0,0,1,0,2023-02-02,0,0.75,0.25,0.29166666666666663
TXN_5828907,0,0,1,0,0,0,0,0,0,0,1,2023-05-13,1,1.0,0.0,0.16666666666666666
TXN_2336248,1,0,0,0,0,0,0,0,0,0,1,2023-10-19,1,1.0,0.5,0.5833333333333333
TXN_3321611,0,0,0,0,0,1,0,0,0,1,0,2023-09-09,1,0.5,0.75,0.4583333333333333
TXN_6022618,0,0,0,0,0,0,1,0,0,0,1,2023-12-18,0,0.0,0.75,0.125
TXN_1665810,0,0,0,0,0,1,0,0,0,0,1,2023-02-26,0,1.0,0.75,0.7916666666666666
TXN_1399696,1,0,0,0,0,0,0,0,1,0,0,2023-04-08,0,1.0,0.5,0.5833333333333333
TXN_9154381,0,0,1,0,0,0,0,0,0,1,0,2023-04-21,0,0.25,0.0,0.041666666666666664
TXN_5333966,0,0,0,1,0,0,0,0,0,1,0,2023-06-11,0,0.75,0.5,0.4583333333333333
TXN_8361813,0,0,1,0,0,0,0,0,1,0,0,2023-08-01,0,0.5,0.0,0.08333333333333333
TXN_9841222,0,0,0,0,0,1,0,0,0,1,0,2023-04-23,1,1.0,0.75,0.7916666666666666
TXN_4754346,0,0,0,1,0,0,0,0,0,1,0,2023-08-31,0,0.75,0.5,0.4583333333333333
TXN_5910268,0,0,0,0,1,0,0,0,1,0,0,2023-07-04,1,0.75,1.0,0.7916666666666666
TXN_9433806,0,1,0,0,0,0,0,0,0,1,0,2023-08-21,1,0.0,0.25,0.041666666666666664
TXN_5227574,0,0,0,1,0,0,0,0,0,0,1,2023-04-10,1,0.75,0.5,0.4583333333333333
TXN_5485774,0,1,0,0,0,0,0,0,0,1,0,2023-07-20,1,0.25,0.25,0.125
TXN_6504165,0,0,0,1,0,0,0,0,1,0,0,2023-02-13,1,0.5,0.5,0.3333333333333333
TXN_6297232,0,1,0,0,0,0,0,0,1,0,0,2023-04-07,0,0.25,0.25,0.125
TXN_2391659,0,0,0,0,0,0,0,1,1,0,0,2023-02-16,1,1.0,0.125,0.2708333333333333
TXN_8964493,0,0,0,0,0,0,1,0,1,0,0,2023-02-10,0,0.0,0.75,0.125
TXN_1931832,0,0,0,0,0,0,1,0,0,1,0,2023-05-07,0,0.75,0.75,0.625
TXN_4939667,0,0,0,0,1,0,0,0,1,0,0,2023-01-23,1,0.0,1.0,0.16666666666666666
TXN_7126803,0,0,0,0,0,1,0,0,0,0,1,2023-05-24,1,1.0,0.75,0.7916666666666666
TXN_9649878,1,0,0,0,0,0,0,0,1,0,0,2023-12-24,1,1.0,0.5,0.5833333333333333
TXN_5086063,0,0,0,1,0,0,0,0,0,0,1,2023-09-28,1,0.5,0.5,0.3333333333333333
TXN_5026564,0,0,0,0,0,0,1,0,1,0,0,2023-09-12,0,0.5,0.75,0.4583333333333333
TXN_9680054,1,0,0,0,0,0,0,0,0,0,1,2023-03-14,0,0.5,0.5,0.3333333333333333
TXN_7299015,0,1,0,0,0,0,0,0,0,0,1,2023-12-02,1,1.0,0.25,0.375
TXN_6040824,0,0,0,0,0,1,0,0,1,0,0,2023-01-07,0,0.0,0.75,0.125
TXN_4520062,0,0,0,0,0,0,0,1,0,0,1,2023-01-10,0,0.25,0.125,0.08333333333333333
TXN_5889049,0,0,1,0,0,0,0,0,0,1,0,2023-07-14,0,0.25,0.0,0.041666666666666664
TXN_1177438,0,0,0,0,1,0,0,0,1,0,0,2023-08-21,1,0.75,1.0,0.7916666666666666
TXN_6345691,0,0,0,0,0,0,1,0,0,1,0,2023-09-03,0,1.0,0.75,0.7916666666666666
TXN_6523635,0,0,0,0,1,0,0,0,1,0,0,2023-04-22,1,0.25,1.0,0.375
TXN_7494217,0,0,1,0,0,0,0,0,1,0,0,2023-12-09,0,0.0,0.0,0.0
TXN_6854151,0,0,0,0,0,1,0,0,0,1,0,2023-02-07,0,0.5,0.75,0.4583333333333333
TXN_6862075,1,0,0,0,0,0,0,0,0,1,0,2023-08-13,0,0.5,0.5,0.3333333333333333
TXN_9202272,0,0,0,0,0,1,0,0,0,0,1,2023-11-29,1,0.5,0.75,0.4583333333333333
TXN_8620934,0,0,1,0,0,0,0,0,1,0,0,2023-09-10,0,1.0,0.0,0.16666666666666666
TXN_8133627,1,0,0,0,0,0,0,0,1,0,0,2023-08-15,0,1.0,0.5,0.5833333333333333
TXN_5777224,0,0,0,0,0,0,0,1,0,1,0,2023-09-16,1,0.5,0.125,0.14583333333333331
TXN_1895899,0,0,0,0,0,0,1,0,0,1,0,2023-07-17,0,0.75,0.75,0.625
TXN_3658211,1,0,0,0,0,0,0,0,1,0,0,2023-04-02,1,0.75,0.5,0.4583333333333333
TXN_5117140,0,0,1,0,0,0,0,0,0,0,1,2023-08-17,1,1.0,0.0,0.16666666666666666
TXN_2513950,0,0,0,0,0,0,1,0,1,0,0,2023-04-03,0,0.75,0.75,0.625
TXN_7890585,1,0,0,0,0,0,0,0,1,0,0,2023-08-11,1,1.0,0.5,0.5833333333333333
TXN_5106045,0,1,0,0,0,0,0,0,0,1,0,2023-11-17,0,0.5,0.25,0.20833333333333331
TXN_5177565,0,0,0,0,0,1,0,0,0,1,0,2023-10-24,0,1.0,0.75,0.7916666666666666
TXN_2792107,1,0,0,0,0,0,0,0,0,0,1,2023-07-10,1,0.0,0.5,0.08333333333333333
TXN_4036747,0,0,0,0,0,0,1,0,1,0,0,2023-05-27,1,0.0,0.75,0.125
TXN_2955691,1,0,0,0,0,0,0,0,0,1,0,2023-04-04,1,0.0,0.5,0.08333333333333333
TXN_6324736,0,0,0,0,0,1,0,0,0,1,0,2023-05-25,1,1.0,0.75,0.7916666666666666
TXN_9641364,0,0,1,0,0,0,0,0,0,0,1,2023-03-04,0,0.5,0.0,0.08333333333333333
TXN_3488590,0,0,1,0,0,0,0,0,0,1,0,2023-12-28,1,0.25,0.0,0.041666666666666664
TXN_9720549,0,0,1,0,0,0,0,0,0,1,0,2023-07-30,0,0.0,0.0,0.0
TXN_2477550,0,0,0,0,0,0,1,0,1,0,0,2023-02-02,1,0.25,0.75,0.29166666666666663
TXN_2172960,0,0,0,0,0,0,1,0,0,0,1,2023-07-04,1,0.0,0.75,0.125
TXN_5901182,0,0,0,0,0,1,0,0,0,0,1,2023-07-15,0,1.0,0.75,0.7916666666666666
TXN_4695415,1,0,0,0,0,0,0,0,0,0,1,2023-01-20,0,1.0,0.5,0.5833333333333333
TXN_1923984,1,0,0,0,0,0,0,0,0,1,0,2023-08-31,1,0.25,0.5,0.20833333333333331
TXN_4163149,0,0,0,0,1,0,0,0,1,0,0,2023-07-30,0,0.0,1.0,0.16666666666666666
TXN_5996894,0,0,0,1,0,0,0,0,0,1,0,2023-06-12,0,0.0,0.5,0.08333333333333333
TXN_2979899,1,0,0,0,0,0,0,0,0,0,1,2023-05-26,0,1.0,0.5,0.5833333333333333
TXN_7762739,0,0,0,0,0,1,0,0,0,0,1,2023-11-05,0,0.75,0.75,0.625
TXN_6392156,0,0,1,0,0,0,0,0,0,1,0,2023-11-12,1,1.0,0.0,0.16666666666666666
TXN_7278248,0,0,0,0,1,0,0,0,1,0,0,2023-10-23,1,1.0,1.0,1.0
TXN_1315847,1,0,0,0,0,0,0,0,0,0,1,2023-06-19,0,0.0,0.5,0.08333333333333333
TXN_9367729,0,1,0,0,0,0,0,0,1,0,0,2023-10-10,1,0.25,0.25,0.125
TXN_1464150,0,1,0,0,0,0,0,0,1,0,0,2023-02-14,1,1.0,0.25,0.375
TXN_1746001,0,0,1,0,0,0,0,0,0,0,1,2023-03-15,1,0.5,0.0,0.08333333333333333
TXN_4203560,0,0,0,1,0,0,0,0,1,0,0,2023-08-20,1,0.0,0.5,0.08333333333333333
TXN_1493452,0,0,0,0,0,1,0,0,0,1,0,2023-11-08,1,0.5,0.75,0.4583333333333333
TXN_4171998,0,0,0,0,0,1,0,0,0,1,0,2023-10-18,1,0.25,0.75,0.29166666666666663
TXN_4528664,0,0,0,0,1,0,0,0,1,0,0,2023-12-31,0,0.5,1.0,0.5833333333333333
TXN_1775278,0,0,0,1,0,0,0,0,0,1,0,2023-02-22,1,0.75,0.5,0.4583333333333333
TXN_1459078,0,0,1,0,0,0,0,0,1,0,0,2023-11-10,0,1.0,0.0,0.16666666666666666
TXN_6252589,0,0,0,0,0,0,1,0,0,0,1,2023-09-07,0,0.25,0.75,0.29166666666666663
TXN_1411473,0,1,0,0,0,0,0,0,0,1,0,2023-01-04,0,0.5,0.25,0.20833333333333331
TXN_5132747,0,1,0,0,0,0,0,0,1,0,0,2023-10-28,1,0.25,0.25,0.125
TXN_9851026,0,0,0,0,1,0,0,0,0,0,1,2023-03-24,1,0.25,1.0,0.375
TXN_7684072,0,0,0,0,0,0,0,1,0,1,0,2023-05-12,0,0.25,0.125,0.08333333333333333
TXN_3660999,1,0,0,0,0,0,0,0,0,0,1,2023-02-02,1,0.5,0.5,0.3333333333333333
TXN_7828462,0,0,0,0,0,0,0,1,1,0,0,2023-01-11,1,0.5,0.125,0.14583333333333331
TXN_3976744,0,0,0,1,0,0,0,0,1,0,0,2023-12-25,0,0.0,0.5,0.08333333333333333
TXN_3397978,0,0,0,0,0,0,1,0,0,0,1,2023-08-01,0,1.0,0.75,0.7916666666666666
TXN_8568597,0,0,0,1,0,0,0,0,0,0,1,2023-04-03,1,0.0,0.5,0.08333333333333333
TXN_4152709,0,0,0,0,0,1,0,0,0,1,0,2023-12-03,0,0.75,0.75,0.625
TXN_5222110,0,1,0,0,0,0,0,0,1,0,0,2023-01-30,1,0.25,0.25,0.125
TXN_1987716,0,1,0,0,0,0,0,0,0,1,0,2023-11-13,0,0.0,0.25,0.041666666666666664
TXN_3643348,0,0,0,0,0,1,0,0,0,0,1,2023-09-06,0,0.75,0.75,0.625
TXN_6537449,0,0,0,0,1,0,0,0,0,1,0,2023-01-15,0,0.25,1.0,0.375
TXN_1244509,0,0,0,0,0,0,1,0,0,1,0,2023-02-21,0,0.5,0.75,0.4583333333333333
TXN_3490516,0,1,0,0,0,0,0,0,0,1,0,2023-04-28,1,1.0,0.25,0.375
TXN_2726254,0,0,0,0,0,0,1,0,0,0,1,2023-06-08,1,0.5,0.75,0.4583333333333333
TXN_9917989,0,0,0,0,0,0,1,0,0,0,1,2023-10-20,1,0.75,0.75,0.625
TXN_4933689,1,0,0,0,0,0,0,0,1,0,0,2023-10-19,0,0.0,0.5,0.08333333333333333
TXN_4168628,0,0,0,0,0,0,0,1,0,0,1,2023-04-27,0,0.75,0.125,0.20833333333333331
TXN_2490026,1,0,0,0,0,0,0,0,1,0,0,2023-10-21,0,1.0,0.5,0.5833333333333333
TXN_7327440,0,0,1,0,0,0,0,0,1,0,0,2023-05-02,0,0.5,0.0,0.08333333333333333
TXN_3597656,0,1,0,0,0,0,0,0,0,0,1,2023-04-03,0,0.75,0.25,0.29166666666666663
TXN_1765281,0,0,0,0,0,0,1,0,0,1,0,2023-01-28,0,0.5,0.75,0.4583333333333333
TXN_4667663,1,0,0,0,0,0,0,0,0,1,0,2023-03-07,1,1.0,0.5,0.5833333333333333
TXN_8571235,1,0,0,0,0,0,0,0,1,0,0,2023-03-01,1,0.0,0.5,0.08333333333333333
TXN_2580487,1,0,0,0,0,0,0,0,0,0,1,2023-01-13,1,0.0,0.5,0.08333333333333333
TXN_2611683,1,0,0,0,0,0,0,0,0,0,1,2023-04-11,0,0.5,0.5,0.3333333333333333
TXN_4271744,0,0,0,1,0,0,0,0,0,0,1,2023-06-19,1,0.5,0.5,0.3333333333333333
TXN_2917072,0,0,0,0,0,0,0,1,0,1,0,2023-01-25,1,0.5,0.125,0.14583333333333331
TXN_4653861,0,0,0,0,0,1,0,0,1,0,0,2023-12-18,1,0.75,0.75,0.625
TXN_5777903,0,1,0,0,0,0,0,0,1,0,0,2023-05-15,1,0.25,0.25,0.125
TXN_5153086,0,0,0,0,0,0,0,1,1,0,0,2023-06-27,0,0.5,0.125,0.14583333333333331
TXN_6004967,0,0,0,0,1,0,0,0,0,1,0,2023-01-13,0,0.75,1.0,0.7916666666666666
TXN_3435509,0,0,0,0,0,1,0,0,1,0,0,2023-08-19,1,0.0,0.75,0.125
TXN_2488232,0,0,0,0,0,0,0,1,1,0,0,2023-10-05,1,0.25,0.125,0.08333333333333333
TXN_8771574,0,1,0,0,0,0,0,0,0,0,1,2023-05-03,1,0.5,0.25,0.20833333333333331
TXN_1181626,0,0,1,0,0,0,0,0,1,0,0,2023-02-06,1,0.75,0.0,0.125
TXN_4081759,0,1,0,0,0,0,0,0,0,0,1,2023-09-30,0,0.25,0.25,0.125
TXN_6177161,0,0,0,0,0,0,0,1,0,1,0,2023-04-01,0,1.0,0.125,0.2708333333333333
TXN_2500345,0,0,0,0,1,0,0,0,0,0,1,2023-04-16,0,1.0,1.0,1.0
TXN_1228652,0,0,0,0,1,0,0,0,1,0,0,2023-07-24,0,0.0,1.0,0.16666666666666666
TXN_4476151,0,0,0,1,0,0,0,0,0,1,0,2023-02-15,0,0.75,0.5,0.4583333333333333
TXN_7990902,0,1,0,0,0,0,0,0,1,0,0,2023-12-04,0,1.0,0.25,0.375
TXN_6557174,0,0,0,0,1,0,0,0,0,1,0,2023-08-20,0,0.75,1.0,0.7916666666666666
TXN_5089516,0,0,0,0,0,0,1,0,0,1,0,2023-11-04,0,0.25,0.75,0.29166666666666663
TXN_5915706,0,0,0,0,0,0,0,1,1,0,0,2023-08-18,0,0.0,0.125,0.020833333333333332
TXN_9341159,1,0,0,0,0,0,0,0,0,1,0,2023-09-29,1,1.0,0.5,0.5833333333333333
TXN_1870303,0,1,0,0,0,0,0,0,0,0,1,2023-05-05,0,0.75,0.25,0.29166666666666663
TXN_5680238,0,0,0,1,0,0,0,0,0,1,0,2023-12-17,0,1.0,0.5,0.5833333333333333
TXN_7766134,0,0,0,0,0,0,0,1,0,1,0,2023-01-05,1,0.0,0.125,0.020833333333333332
TXN_2617257,0,0,1,0,0,0,0,0,1,0,0,2023-08-20,1,0.0,0.0,0.0
TXN_8993132,1,0,0,0,0,0,0,0,0,0,1,2023-01-21,0,0.5,0.5,0.3333333333333333
TXN_4268167,0,0,0,0,0,0,1,0,1,0,0,2023-07-06,0,0.75,0.75,0.625
TXN_9358399,0,0,0,0,0,0,0,1,0,1,0,2023-06-16,0,1.0,0.125,0.2708333333333333
TXN_2793054,0,0,0,0,0,0,1,0,0,0,1,2023-04-29,1,0.75,0.75,0.625
TXN_6179169,0,0,0,0,0,1,0,0,1,0,0,2023-10-21,0,0.25,0.75,0.29166666666666663
TXN_7932895,0,0,0,0,0,0,1,0,0,0,1,2023-04-04,0,0.25,0.75,0.29166666666666663
TXN_3364751,0,1,0,0,0,0,0,0,0,0,1,2023-04-12,1,0.25,0.25,0.125
TXN_1097334,0,1,0,0,0,0,0,0,0,1,0,2023-03-21,1,0.25,0.25,0.125
TXN_9914084,0,1,0,0,0,0,0,0,0,0,1,2023-06-16,1,0.0,0.25,0.041666666666666664
TXN_5982786,0,0,0,1,0,0,0,0,0,1,0,2023-12-26,0,0.75,0.5,0.4583333333333333
TXN_3160090,0,0,0,0,1,0,0,0,1,0,0,2023-07-23,1,0.0,1.0,0.16666666666666666
TXN_2300313,0,1,0,0,0,0,0,0,0,1,0,2023-06-02,0,0.75,0.25,0.29166666666666663
TXN_9461396,0,0,0,0,0,0,1,0,0,0,1,2023-05-23,1,1.0,0.75,0.7916666666666666
TXN_6887407,1,0,0,0,0,0,0,0,1,0,0,2023-09-15,0,0.5,0.5,0.3333333333333333
TXN_6425991,0,0,0,0,1,0,0,0,0,1,0,2023-08-06,1,0.0,1.0,0.16666666666666666
TXN_6040882,0,0,1,0,0,0,0,0,1,0,0,2023-06-06,0,0.0,0.0,0.0
TXN_4151440,1,0,0,0,0,0,0,0,0,1,0,2023-11-16,0,1.0,0.5,0.5833333333333333
TXN_7921799,0,0,1,0,0,0,0,0,0,1,0,2023-09-14,1,0.0,0.0,0.0
TXN_1715317,1,0,0,0,0,0,0,0,0,0,1,2023-02-10,0,1.0,0.5,0.5833333333333333
TXN_2482242,0,0,1,0,0,0,0,0,1,0,0,2023-02-07,1,0.75,0.0,0.125
TXN_5861636,0,1,0,0,0,0,0,0,0,1,0,2023-05-15,0,0.75,0.25,0.29166666666666663
TXN_7272630,0,0,0,0,0,0,0,1,1,0,0,2023-03-24,1,0.75,0.125,0.20833333333333331
TXN_7157169,0,0,0,0,0,1,0,0,0,1,0,2023-01-29,1,0.5,0.75,0.4583333333333333
TXN_9325384,0,0,0,1,0,0,0,0,1,0,0,2023-04-24,0,1.0,0.5,0.5833333333333333
TXN_2832778,0,0,0,1,0,0,0,0,0,1,0,2023-09-27,0,0.25,0.5,0.20833333333333331
TXN_9894745,0,0,0,0,0,0,0,1,1,0,0,2023-08-28,1,0.25,0.125,0.08333333333333333
TXN_1244299,0,0,0,0,0,1,0,0,1,0,0,2023-07-18,1,0.25,0.75,0.29166666666666663
TXN_1694090,0,1,0,0,0,0,0,0,0,0,1,2023-11-30,0,0.75,0.25,0.29166666666666663
TXN_5965095,0,0,0,0,1,0,0,0,0,0,1,2023-06-16,0,0.75,1.0,0.7916666666666666
TXN_7911650,0,0,0,1,0,0,0,0,1,0,0,2023-03-13,1,0.25,0.5,0.20833333333333331
TXN_9610933,0,0,0,0,0,0,0,1,1,0,0,2023-05-20,0,0.5,0.125,0.14583333333333331
TXN_7440879,0,0,0,1,0,0,0,0,1,0,0,2023-12-30,0,0.0,0.5,0.08333333333333333
TXN_4228312,0,1,0,0,0,0,0,0,0,0,1,2023-01-22,1,0.75,0.25,0.29166666666666663
TXN_6431703,0,0,0,0,0,1,0,0,0,1,0,2023-08-25,1,0.0,0.75,0.125
TXN_1063524,0,0,0,0,0,0,1,0,0,1,0,2023-11-09,1,1.0,0.75,0.7916666666666666
TXN_9031518,0,0,0,0,0,1,0,0,0,1,0,2023-01-13,0,1.0,0.75,0.7916666666666666
TXN_5781767,0,0,0,0,0,1,0,0,0,1,0,2023-04-27,0,1.0,0.75,0.7916666666666666
TXN_4465589,0,0,0,0,0,0,0,1,0,1,0,2023-03-26,1,0.25,0.125,0.08333333333333333
TXN_2035838,0,0,0,1,0,0,0,0,0,0,1,2023-02-01,1,1.0,0.5,0.5833333333333333
TXN_9817602,0,0,0,0,0,0,1,0,0,1,0,2023-12-26,1,0.25,0.75,0.29166666666666663
TXN_9643180,0,1,0,0,0,0,0,0,1,0,0,2023-06-10,1,0.25,0.25,0.125
TXN_9070074,0,1,0,0,0,0,0,0,0,0,1,2023-02-03,0,1.0,0.25,0.375
TXN_5274961,0,0,0,1,0,0,0,0,0,1,0,2023-11-04,0,0.0,0.5,0.08333333333333333
TXN_8715388,0,0,0,0,1,0,0,0,1,0,0,2023-11-04,0,0.0,1.0,0.16666666666666666
TXN_1980303,0,0,0,0,0,0,0,1,0,0,1,2023-04-22,0,0.5,0.125,0.14583333333333331
TXN_9291130,0,0,1,0,0,0,0,0,1,0,0,2023-05-11,0,1.0,0.0,0.16666666666666666
TXN_6485220,1,0,0,0,0,0,0,0,1,0,0,2023-01-25,1,0.5,0.5,0.3333333333333333
TXN_2652800,1,0,0,0,0,0,0,0,1,0,0,2023-11-30,1,0.75,0.5,0.4583333333333333
TXN_7068406,0,0,0,1,0,0,0,0,0,0,1,2023-01-26,1,0.25,0.5,0.20833333333333331
TXN_5380220,0,1,0,0,0,0,0,0,0,1,0,2023-10-18,0,0.75,0.25,0.29166666666666663
TXN_7842557,0,0,0,0,0,0,0,1,0,1,0,2023-02-09,0,0.75,0.125,0.20833333333333331
TXN_7208533,0,0,0,0,0,0,0,1,1,0,0,2023-05-15,0,0.0,0.125,0.020833333333333332
TXN_6916853,0,0,0,0,0,0,1,0,1,0,0,2023-12-22,0,1.0,0.75,0.7916666666666666
TXN_9086710,0,0,0,0,1,0,0,0,0,0,1,2023-10-27,0,0.25,1.0,0.375
TXN_1830278,0,0,1,0,0,0,0,0,0,1,0,2023-05-15,0,0.5,0.0,0.08333333333333333
TXN_8388122,0,0,0,0,0,0,0,1,1,0,0,2023-11-01,0,0.75,0.125,0.20833333333333331
TXN_8612901,0,0,0,1,0,0,0,0,0,0,1,2023-03-18,0,0.5,0.5,0.3333333333333333
TXN_7752958,0,0,0,1,0,0,0,0,0,1,0,2023-09-22,1,0.25,0.5,0.20833333333333331
TXN_5311814,0,0,0,0,0,0,0,1,0,0,1,2023-07-06,0,0.75,0.125,0.20833333333333331
TXN_2933739,0,0,1,0,0,0,0,0,0,0,1,2023-09-15,1,0.0,0.0,0.0
TXN_1239876,0,0,0,0,0,0,1,0,0,0,1,2023-04-04,0,0.25,0.75,0.29166666666666663
TXN_6295047,0,0,0,0,0,0,0,1,0,0,1,2023-09-06,1,0.75,0.125,0.20833333333333331
TXN_3858791,0,0,1,0,0,0,0,0,0,1,0,2023-06-25,0,1.0,0.0,0.16666666666666666
TXN_1737731,0,0,0,0,0,0,1,0,0,0,1,2023-06-29,1,1.0,0.75,0.7916666666666666
TXN_6131195,0,0,0,0,1,0,0,0,0,1,0,2023-10-24,0,0.0,1.0,0.16666666666666666
TXN_3251829,0,0,0,0,0,0,0,1,0,0,1,2023-07-25,0,1.0,0.125,0.20833333333333331
TXN_2727347,1,0,0,0,0,0,0,0,1,0,0,2023-01-20,1,1.0,0.5,0.5833333333333333
TXN_7242713,0,0,0,0,0,1,0,0,0,0,1,2023-04-21,0,0.0,0.75,0.125
TXN_7797231,0,1,0,0,0,0,0,0,0,0,1,2023-05-05,1,1.0,0.25,0.375
TXN_3651337,0,0,0,0,0,0,1,0,1,0,0,2023-10-25,0,0.75,0.75,0.625
TXN_4740892,1,0,0,0,0,0,0,0,0,0,1,2023-11-19,1,0.0,0.5,0.08333333333333333
TXN_7218719,1,0,0,0,0,0,0,0,1,0,0,2023-10-07,0,0.0,0.5,0.08333333333333333
TXN_3455415,0,0,1,0,0,0,0,0,0,1,0,2023-03-31,0,0.25,0.0,0.041666666666666664
TXN_2475259,0,0,0,0,0,0,1,0,1,0,0,2023-09-02,0,0.25,0.75,0.29166666666666663
TXN_3390882,0,0,0,0,0,1,0,0,0,1,0,2023-07-03,0,0.5,0.75,0.4583333333333333
TXN_3848261,0,0,0,0,0,0,0,1,0,1,0,2023-08-03,1,0.25,0.125,0.08333333333333333
TXN_2797925,1,0,0,0,0,0,0,0,1,0,0,2023-10-19,0,0.25,0.5,0.20833333333333331
TXN_2599005,1,0,0,0,0,0,0,0,1,0,0,2023-06-10,1,0.25,0.5,0.20833333333333331
TXN_1872692,0,0,0,0,1,0,0,0,1,0,0,2023-08-09,0,1.0,1.0,1.0
TXN_1372492,0,0,0,0,1,0,0,0,1,0,0,2023-03-28,1,0.75,1.0,0.7916666666666666
TXN_6549132,0,0,0,0,1,0,0,0,0,1,0,2023-12-05,1,1.0,1.0,1.0
TXN_1003246,0,0,0,1,0,0,0,0,1,0,0,2023-02-15,1,0.25,0.5,0.20833333333333331
TXN_5732615,0,1,0,0,0,0,0,0,1,0,0,2023-12-05,1,0.25,0.25,0.125
TXN_3197621,0,0,0,0,0,1,0,0,0,0,1,2023-02-10,0,1.0,0.75,0.7916666666666666
TXN_9006674,0,0,0,0,0,0,0,1,0,0,1,2023-05-09,1,0.0,0.125,0.020833333333333332
TXN_6221348,0,0,0,0,0,1,0,0,0,1,0,2023-03-28,1,0.0,0.75,0.125
TXN_4986514,0,0,0,0,0,0,0,1,0,1,0,2023-06-06,0,0.5,0.125,0.14583333333333331
TXN_1050083,1,0,0,0,0,0,0,0,0,1,0,2023-06-28,1,1.0,0.5,0.5833333333333333
TXN_5880567,0,0,0,0,0,0,1,0,1,0,0,2023-02-13,0,1.0,0.75,0.7916666666666666
TXN_1068317,0,0,0,1,0,0,0,0,0,0,1,2023-03-16,1,0.5,0.5,0.3333333333333333
TXN_7389329,0,1,0,0,0,0,0,0,0,0,1,2023-01-18,0,0.75,0.25,0.29166666666666663
TXN_3951460,0,0,0,0,0,0,1,0,0,1,0,2023-04-21,1,0.75,0.75,0.625
TXN_6584150,0,0,0,1,0,0,0,0,0,1,0,2023-10-27,0,1.0,0.5,0.5833333333333333
TXN_7754428,0,0,1,0,0,0,0,0,0,1,0,2023-07-27,0,0.25,0.0,0.041666666666666664
TXN_3918515,0,0,0,0,1,0,0,0,0,1,0,2023-03-29,1,0.75,1.0,0.7916666666666666
TXN_6484387,0,0,1,0,0,0,0,0,1,0,0,2023-11-23,1,1.0,0.0,0.16666666666666666
TXN_4156369,1,0,0,0,0,0,0,0,1,0,0,2023-08-07,0,1.0,0.5,0.5833333333333333
TXN_4483226,0,0,0,1,0,0,0,0,0,1,0,2023-08-08,1,0.0,0.5,0.08333333333333333
TXN_6457997,0,0,0,0,0,0,0,1,0,1,0,2023-12-12,0,0.0,0.75,0.125
TXN_2553269,0,0,1,0,0,0,0,0,0,0,1,2023-04-09,1,1.0,0.0,0.16666666666666666
TXN_5297692,0,0,0,1,0,0,0,0,0,1,0,2023-03-21,1,1.0,0.5,0.5833333333333333
TXN_8241724,0,0,0,0,0,0,1,0,0,1,0,2023-05-14,1,0.0,0.75,0.125
TXN_4916936,0,0,0,0,0,0,1,0,0,1,0,2023-06-04,1,0.0,0.75,0.125
TXN_1425215,0,0,0,1,0,0,0,0,1,0,0,2023-03-13,1,0.0,0.5,0.08333333333333333
TXN_4222908,0,0,1,0,0,0,0,0,1,0,0,2023-12-14,0,0.0,0.0,0.0
TXN_3938018,0,1,0,0,0,0,0,0,1,0,0,2023-10-10,1,0.75,0.25,0.29166666666666663
TXN_2363378,0,1,0,0,0,0,0,0,1,0,0,2023-04-23,1,1.0,0.25,0.375
TXN_8267616,0,0,0,0,0,0,0,1,1,0,0,2023-03-01,0,0.75,0.125,0.20833333333333331
TXN_4786680,0,0,0,0,0,1,0,0,0,1,0,2023-02-05,0,0.5,0.75,0.4583333333333333
TXN_6437181,0,0,0,1,0,0,0,0,0,1,0,2023-04-10,1,0.75,0.5,0.4583333333333333
TXN_2335312,1,0,0,0,0,0,0,0,0,0,1,2023-06-23,0,0.25,0.5,0.20833333333333331
TXN_8999576,1,0,0,0,0,0,0,0,0,0,1,2023-04-09,1,1.0,0.5,0.5833333333333333
TXN_4844022,0,0,1,0,0,0,0,0,0,1,0,2023-02-26,1,0.0,0.0,0.0
TXN_5513984,0,0,0,0,0,0,0,1,0,1,0,2023-09-13,0,0.0,0.125,0.020833333333333332
TXN_1662024,0,0,1,0,0,0,0,0,0,1,0,2023-01-16,0,0.75,0.0,0.125
TXN_5600914,0,0,0,0,0,0,1,0,0,1,0,2023-02-16,1,0.75,0.75,0.625
TXN_9923860,0,0,1,0,0,0,0,0,0,1,0,2023-11-16,1,0.25,0.0,0.041666666666666664
TXN_5346493,0,0,1,0,0,0,0,0,0,0,1,2023-04-08,0,1.0,0.0,0.16666666666666666
TXN_3528599,0,0,1,0,0,0,0,0,1,0,0,2023-12-09,1,0.0,0.0,0.0
TXN_5738521,0,1,0,0,0,0,0,0,0,0,1,2023-03-14,1,1.0,0.25,0.375
TXN_6219634,0,0,0,0,1,0,0,0,1,0,0,2023-09-11,1,0.0,1.0,0.16666666666666666
TXN_3539062,0,0,0,0,1,0,0,0,0,0,1,2023-10-04,0,0.25,1.0,0.375
TXN_8782513,0,0,0,0,0,1,0,0,0,0,1,2023-10-15,1,1.0,0.75,0.7916666666666666
TXN_2252218,0,0,0,0,1,0,0,0,1,0,0,2023-09-21,0,0.75,1.0,0.7916666666666666
TXN_2851804,0,1,0,0,0,0,0,0,0,0,1,2023-11-30,1,0.5,0.25,0.20833333333333331
TXN_9175519,1,0,0,0,0,0,0,0,0,0,1,2023-10-05,0,0.75,0.5,0.4583333333333333
TXN_6224451,0,0,0,0,0,1,0,0,0,1,0,2023-03-19,0,0.0,0.75,0.125
TXN_3174488,0,0,1,0,0,0,0,0,1,0,0,2023-06-28,1,0.75,0.0,0.125
TXN_7630912,0,0,0,1,0,0,0,0,0,1,0,2023-01-04,0,0.25,0.5,0.20833333333333331
TXN_5650608,0,0,0,1,0,0,0,0,0,0,1,2023-06-25,1,0.0,0.5,0.08333333333333333
TXN_2134911,0,0,0,0,0,0,0,1,0,0,1,2023-10-07,0,1.0,0.125,0.2708333333333333
TXN_4013761,0,1,0,0,0,0,0,0,0,0,1,2023-09-07,0,0.5,0.25,0.20833333333333331
TXN_9257475,0,0,0,1,0,0,0,0,0,0,1,2023-07-06,0,0.75,0.5,0.4583333333333333
TXN_6616311,0,1,0,0,0,0,0,0,0,1,0,2023-09-01,1,0.75,0.25,0.29166666666666663
TXN_9123562,0,0,0,1,0,0,0,0,0,1,0,2023-05-03,1,1.0,0.5,0.5833333333333333
TXN_6991430,0,0,1,0,0,0,0,0,1,0,0,2023-05-31,0,1.0,0.0,0.16666666666666666
TXN_6778974,0,0,0,0,0,0,1,0,0,1,0,2023-09-07,0,0.25,0.75,0.29166666666666663
TXN_1818438,0,1,0,0,0,0,0,0,1,0,0,2023-06-18,0,1.0,0.25,0.375
TXN_5486886,0,0,0,0,0,0,1,0,0,0,1,2023-12-23,0,0.0,0.75,0.125
TXN_5470598,1,0,0,0,0,0,0,0,0,0,1,2023-03-14,0,0.5,0.5,0.3333333333333333
TXN_3186333,0,0,1,0,0,0,0,0,1,0,0,2023-08-19,0,1.0,0.0,0.16666666666666666
TXN_8748633,0,0,0,0,0,1,0,0,1,0,0,2023-04-27,1,1.0,0.75,0.7916666666666666
TXN_3228558,0,0,0,0,0,1,0,0,0,1,0,2023-12-13,0,0.25,0.75,0.29166666666666663
TXN_6388107,1,0,0,0,0,0,0,0,0,0,1,2023-12-04,0,0.5,0.5,0.3333333333333333
TXN_6506895,1,0,0,0,0,0,0,0,0,1,0,2023-08-10,0,1.0,0.5,0.5833333333333333
TXN_2917211,0,0,0,0,0,0,1,0,0,0,1,2023-11-19,1,1.0,0.75,0.7916666666666666
TXN_5882566,1,0,0,0,0,0,0,0,0,1,0,2023-07-09,1,0.0,0.5,0.08333333333333333
TXN_2413548,0,0,0,0,0,0,0,1,0,1,0,2023-08-12,1,0.25,0.125,0.08333333333333333
TXN_6633097,0,0,0,1,0,0,0,0,0,1,0,2023-03-06,0,0.75,0.5,0.4583333333333333
TXN_7116936,0,1,0,0,0,0,0,0,0,1,0,2023-05-19,1,1.0,0.25,0.375
TXN_7991322,0,1,0,0,0,0,0,0,0,0,1,2023-11-14,1,1.0,0.25,0.375
TXN_1914728,0,0,1,0,0,0,0,0,1,0,0,2023-06-16,0,1.0,0.0,0.16666666666666666
TXN_4209748,0,0,1,0,0,0,0,0,0,0,1,2023-10-24,1,0.25,0.0,0.041666666666666664
TXN_8941438,0,0,0,1,0,0,0,0,0,0,1,2023-07-23,1,0.75,0.5,0.4583333333333333
TXN_7932127,0,1,0,0,0,0,0,0,0,0,1,2023-07-29,0,0.5,0.25,0.20833333333333331
TXN_7097699,0,0,0,0,0,0,0,1,0,0,1,2023-12-16,1,0.75,0.125,0.20833333333333331
TXN_7054849,1,0,0,0,0,0,0,0,1,0,0,2023-06-16,1,0.75,0.5,0.4583333333333333
TXN_7185724,1,0,0,0,0,0,0,0,1,0,0,2023-05-06,1,0.75,0.5,0.4583333333333333
TXN_5664982,0,0,0,0,0,0,0,1,0,0,1,2023-12-24,0,1.0,0.125,0.2708333333333333
TXN_9378562,0,0,0,1,0,0,0,0,0,1,0,2023-09-06,0,0.5,0.5,0.3333333333333333
TXN_2892693,0,0,1,0,0,0,0,0,0,1,0,2023-03-02,0,0.75,0.0,0.125
TXN_2265603,0,0,0,0,0,0,1,0,0,0,1,2023-02-27,1,0.5,0.75,0.4583333333333333
TXN_6552269,0,0,0,1,0,0,0,0,1,0,0,2023-04-29,1,0.75,0.5,0.4583333333333333
TXN_4639918,0,0,0,0,0,1,0,0,0,0,1,2023-11-05,0,0.0,0.75,0.125
TXN_6037144,0,0,0,0,0,0,0,1,1,0,0,2023-09-02,1,0.5,0.125,0.14583333333333331
TXN_3494014,1,0,0,0,0,0,0,0,0,1,0,2023-06-09,0,0.0,0.5,0.08333333333333333
TXN_3656884,0,1,0,0,0,0,0,0,0,1,0,2023-10-08,0,1.0,0.25,0.375
TXN_2277013,0,0,0,0,0,0,1,0,0,1,0,2023-07-26,0,0.5,0.75,0.4583333333333333
TXN_5423636,0,0,0,0,0,1,0,0,1,0,0,2023-10-18,1,0.75,0.75,0.625
TXN_8040251,0,1,0,0,0,0,0,0,0,0,1,2023-04-16,1,0.0,0.25,0.041666666666666664
TXN_1635137,1,0,0,0,0,0,0,0,1,0,0,2023-12-28,1,0.25,0.5,0.20833333333333331
TXN_8411549,0,0,0,0,0,0,0,1,0,1,0,2023-02-15,0,0.75,0.125,0.20833333333333331
TXN_3747376,0,0,1,0,0,0,0,0,0,0,1,2023-11-03,1,0.25,0.0,0.041666666666666664
TXN_1503903,0,0,0,0,0,0,0,1,1,0,0,2023-03-20,1,0.0,0.125,0.020833333333333332
TXN_8606152,0,0,0,0,0,0,1,0,0,1,0,2023-08-05,0,1.0,0.75,0.7916666666666666
TXN_1260517,0,0,0,0,0,0,1,0,0,0,1,2023-04-17,1,1.0,0.75,0.7916666666666666
TXN_6898368,0,0,0,0,0,0,1,0,0,0,1,2023-05-01,1,0.5,0.75,0.4583333333333333
TXN_2224251,0,0,0,1,0,0,0,0,0,0,1,2023-04-14,1,0.75,0.5,0.4583333333333333
TXN_4567429,0,0,0,0,0,0,0,1,1,0,0,2023-10-11,1,0.5,0.125,0.14583333333333331
TXN_8622404,0,0,1,0,0,0,0,0,0,1,0,2023-09-21,1,0.5,0.0,0.08333333333333333
TXN_1152249,0,0,0,0,0,0,1,0,1,0,0,2023-05-09,0,0.5,0.75,0.4583333333333333
TXN_2989533,0,0,0,0,1,0,0,0,1,0,0,2023-01-30,1,1.0,1.0,1.0
TXN_3734446,0,1,0,0,0,0,0,0,0,0,1,2023-04-16,1,1.0,0.25,0.375
TXN_9517380,0,0,0,0,0,0,0,1,1,0,0,2023-10-29,1,0.75,0.125,0.20833333333333331
TXN_3599216,0,0,0,0,0,0,0,1,1,0,0,2023-09-21,0,0.0,0.125,0.020833333333333332
TXN_1363508,0,0,0,0,1,0,0,0,1,0,0,2023-08-08,0,0.75,1.0,0.7916666666666666
TXN_7969017,0,0,0,0,0,0,0,1,0,0,1,2023-02-17,0,0.5,0.125,0.14583333333333331
TXN_6987705,0,0,1,0,0,0,0,0,1,0,0,2023-06-04,1,1.0,0.0,0.16666666666666666
TXN_8490157,0,0,0,0,1,0,0,0,0,1,0,2023-09-06,0,0.25,1.0,0.375
TXN_7878395,0,0,0,0,1,0,0,0,0,1,0,2023-05-26,0,0.5,1.0,0.5833333333333333
TXN_1672632,0,0,0,0,1,0,0,0,0,0,1,2023-07-04,0,0.5,1.0,0.5833333333333333
TXN_9216314,1,0,0,0,0,0,0,0,0,1,0,2023-03-07,1,0.0,0.5,0.08333333333333333
TXN_1647144,0,0,0,0,1,0,0,0,0,0,1,2023-08-29,1,0.25,1.0,0.375
TXN_4090464,0,0,0,0,0,1,0,0,1,0,0,2023-01-16,1,1.0,0.75,0.7916666666666666
TXN_2172301,0,0,1,0,0,0,0,0,0,0,1,2023-04-06,1,0.75,0.0,0.125
TXN_3730077,0,0,1,0,0,0,0,0,0,1,0,2023-07-08,1,0.25,0.0,0.041666666666666664
TXN_8253046,1,0,0,0,0,0,0,0,1,0,0,2023-12-20,0,0.0,0.5,0.08333333333333333
TXN_2901304,0,0,1,0,0,0,0,0,1,0,0,2023-07-01,0,0.5,0.0,0.08333333333333333
TXN_6198799,0,0,0,0,1,0,0,0,1,0,0,2023-05-27,1,0.0,1.0,0.16666666666666666
TXN_9910573,0,0,0,0,1,0,0,0,0,0,1,2023-01-28,1,0.25,1.0,0.375
TXN_3680192,0,0,0,0,1,0,0,0,0,0,1,2023-05-20,1,0.75,1.0,0.7916666666666666
TXN_9268974,0,0,0,0,0,1,0,0,0,0,1,2023-10-29,1,0.25,0.75,0.29166666666666663
TXN_7435796,0,1,0,0,0,0,0,0,1,0,0,2023-11-03,0,0.25,0.25,0.125
TXN_1882390,0,0,1,0,0,0,0,0,0,0,1,2023-05-22,1,0.0,0.0,0.0
TXN_2465074,0,0,0,0,0,0,1,0,0,0,1,2023-09-29,1,0.0,0.75,0.125
TXN_8038871,0,0,0,1,0,0,0,0,0,0,1,2023-06-09,0,1.0,0.5,0.5833333333333333
TXN_1269172,0,0,0,0,0,1,0,0,1,0,0,2023-08-22,1,0.0,0.75,0.125
TXN_4564556,0,1,0,0,0,0,0,0,0,1,0,2023-11-21,0,0.5,0.25,0.20833333333333331
TXN_8139533,0,0,0,0,0,0,1,0,1,0,0,2023-09-21,0,0.0,0.75,0.125
TXN_1998401,0,0,0,0,0,1,0,0,1,0,0,2023-09-17,1,0.0,0.75,0.125
TXN_9327493,0,1,0,0,0,0,0,0,0,0,1,2023-03-27,1,0.0,0.25,0.041666666666666664
TXN_7349319,0,0,1,0,0,0,0,0,0,0,1,2023-03-10,0,0.5,0.0,0.08333333333333333
TXN_7294526,0,0,0,0,0,0,1,0,0,0,1,2023-12-02,1,1.0,0.75,0.7916666666666666
TXN_5618976,0,1,0,0,0,0,0,0,1,0,0,2023-12-05,1,0.25,0.25,0.125
TXN_3964398,1,0,0,0,0,0,0,0,0,1,0,2023-10-20,1,0.75,0.5,0.4583333333333333
TXN_4372163,0,0,0,0,0,1,0,0,1,0,0,2023-03-10,0,0.0,0.75,0.125
TXN_7242133,0,1,0,0,0,0,0,0,0,0,1,2023-05-20,1,0.5,0.25,0.20833333333333331
TXN_7083168,0,0,1,0,0,0,0,0,0,0,1,2023-06-01,1,0.75,0.0,0.125
TXN_5107006,0,0,1,0,0,0,0,0,0,0,1,2023-04-18,1,0.75,0.0,0.125
TXN_1210183,0,0,0,0,0,0,0,1,1,0,0,2023-01-23,0,0.5,0.125,0.14583333333333331
TXN_3419352,0,0,0,0,1,0,0,0,0,0,1,2023-10-22,0,0.5,1.0,0.5833333333333333
TXN_1900036,0,0,1,0,0,0,0,0,0,1,0,2023-12-20,0,0.0,0.0,0.0
TXN_7497565,0,0,1,0,0,0,0,0,1,0,0,2023-10-07,1,0.75,0.0,0.125
TXN_6851735,0,0,1,0,0,0,0,0,0,0,1,2023-01-17,1,0.0,0.0,0.0
TXN_6716918,0,1,0,0,0,0,0,0,1,0,0,2023-04-10,0,0.25,0.25,0.125
TXN_6654975,0,0,0,0,1,0,0,0,1,0,0,2023-08-11,0,0.5,1.0,0.5833333333333333
TXN_9184804,0,0,1,0,0,0,0,0,0,0,1,2023-11-08,1,0.25,0.0,0.041666666666666664
TXN_9100063,0,0,0,0,0,1,0,0,0,0,1,2023-09-16,0,0.25,0.75,0.29166666666666663
TXN_6202631,0,0,0,0,0,0,0,1,0,0,1,2023-07-29,1,0.25,0.125,0.08333333333333333
TXN_1868447,0,0,0,0,0,0,0,1,1,0,0,2023-09-30,0,0.5,0.125,0.14583333333333331
TXN_4726531,0,0,0,0,1,0,0,0,1,0,0,2023-09-09,1,1.0,1.0,1.0
TXN_8640655,0,1,0,0,0,0,0,0,0,1,0,2023-12-27,1,0.5,0.25,0.20833333333333331
TXN_8377812,0,0,0,0,0,0,0,1,0,0,1,2023-03-27,0,0.25,0.125,0.08333333333333333
TXN_2603561,0,1,0,0,0,0,0,0,0,0,1,2023-04-25,1,0.5,0.25,0.20833333333333331
TXN_9822173,1,0,0,0,0,0,0,0,0,0,1,2023-05-22,0,1.0,0.5,0.5833333333333333
TXN_2163150,0,0,0,0,1,0,0,0,1,0,0,2023-08-25,0,0.0,1.0,0.16666666666666666
TXN_2371464,0,0,0,0,0,0,1,0,1,0,0,2023-09-20,0,0.75,0.75,0.625
TXN_3389521,0,0,0,0,1,0,0,0,0,0,1,2023-02-10,0,1.0,1.0,1.0
TXN_8916290,0,0,0,0,1,0,0,0,0,0,1,2023-07-08,1,1.0,1.0,1.0
TXN_6130281,0,0,0,0,0,1,0,0,1,0,0,2023-01-18,0,0.25,0.75,0.29166666666666663
TXN_2505416,0,0,1,0,0,0,0,0,0,0,1,2023-05-18,1,0.25,0.0,0.041666666666666664
TXN_8275626,0,1,0,0,0,0,0,0,0,1,0,2023-09-10,1,0.25,0.25,0.125
TXN_9803409,0,0,1,0,0,0,0,0,0,1,0,2023-01-24,0,0.75,0.0,0.125
TXN_3094597,0,0,0,0,0,1,0,0,0,0,1,2023-03-11,0,0.75,0.75,0.625
TXN_5276842,0,1,0,0,0,0,0,0,0,0,1,2023-06-26,1,0.25,0.25,0.125
TXN_1367003,0,0,0,0,1,0,0,0,1,0,0,2023-11-10,0,1.0,1.0,1.0
TXN_1752992,0,1,0,0,0,0,0,0,1,0,0,2023-12-12,1,0.5,0.25,0.20833333333333331
TXN_5716276,0,0,0,0,0,0,0,1,0,0,1,2023-09-12,1,0.75,0.125,0.20833333333333331
TXN_5696844,0,0,1,0,0,0,0,0,0,1,0,2023-01-29,0,0.25,0.0,0.041666666666666664
TXN_5672156,0,0,1,0,0,0,0,0,0,1,0,2023-07-05,0,0.25,0.0,0.041666666666666664
TXN_6480646,0,0,0,0,0,0,0,1,0,0,1,2023-10-28,1,0.25,0.125,0.08333333333333333
TXN_1603051,0,0,1,0,0,0,0,0,0,1,0,2023-03-21,1,0.75,0.0,0.125
TXN_6293225,1,0,0,0,0,0,0,0,1,0,0,2023-07-02,1,0.75,0.5,0.4583333333333333
TXN_6567880,0,0,0,0,0,1,0,0,0,1,0,2023-08-15,0,1.0,0.75,0.7916666666666666
TXN_6355620,0,0,1,0,0,0,0,0,1,0,0,2023-06-18,1,0.0,0.0,0.0
TXN_3466686,0,0,0,0,0,0,1,0,0,0,1,2023-09-03,1,0.5,0.75,0.4583333333333333
TXN_6064301,0,0,1,0,0,0,0,0,0,1,0,2023-07-12,1,0.0,0.0,0.0
TXN_5005674,0,0,0,0,1,0,0,0,0,1,0,2023-10-03,0,0.75,1.0,0.7916666666666666
TXN_1714471,0,0,0,1,0,0,0,0,1,0,0,2023-08-17,1,0.75,0.5,0.4583333333333333
TXN_5420062,0,0,0,0,1,0,0,0,1,0,0,2023-06-06,0,0.75,1.0,0.7916666666666666
TXN_6377813,0,0,0,0,1,0,0,0,0,1,0,2023-08-07,0,0.25,1.0,0.375
TXN_3271393,0,0,0,0,0,0,1,0,1,0,0,2023-06-02,0,0.75,0.75,0.625
TXN_2857444,0,0,0,0,0,0,1,0,1,0,0,2023-05-10,1,0.0,0.75,0.125
TXN_1064565,0,0,0,1,0,0,0,0,0,0,1,2023-03-14,0,0.75,0.5,0.4583333333333333
TXN_1784150,0,0,1,0,0,0,0,0,0,0,1,2023-03-10,0,0.5,0.0,0.08333333333333333
TXN_9104545,0,0,0,1,0,0,0,0,0,0,1,2023-03-19,1,0.25,0.5,0.20833333333333331
TXN_2108125,0,1,0,0,0,0,0,0,0,1,0,2023-10-06,0,0.0,0.25,0.041666666666666664
TXN_7795324,0,0,0,0,1,0,0,0,0,1,0,2023-06-28,0,0.25,1.0,0.375
TXN_1203191,0,1,0,0,0,0,0,0,0,0,1,2023-10-12,0,1.0,0.25,0.375
TXN_8743849,0,0,0,1,0,0,0,0,0,0,1,2023-05-04,1,0.25,0.5,0.20833333333333331
TXN_8588231,1,0,0,0,0,0,0,0,0,1,0,2023-09-02,1,0.75,0.5,0.4583333333333333
TXN_6324818,0,0,0,0,1,0,0,0,0,1,0,2023-06-26,1,1.0,1.0,1.0
TXN_4536827,0,0,1,0,0,0,0,0,0,0,1,2023-10-14,1,0.5,0.0,0.08333333333333333
TXN_6226704,0,1,0,0,0,0,0,0,0,0,1,2023-09-07,0,0.75,0.25,0.29166666666666663
TXN_2693108,0,0,1,0,0,0,0,0,1,0,0,2023-11-18,0,0.5,0.0,0.08333333333333333
TXN_6234070,0,0,0,0,0,0,1,0,0,1,0,2023-01-31,1,0.25,0.75,0.29166666666666663
TXN_9816901,0,1,0,0,0,0,0,0,1,0,0,2023-12-07,0,0.25,0.25,0.125
TXN_9489495,0,1,0,0,0,0,0,0,0,1,0,2023-05-20,1,0.0,0.25,0.041666666666666664
TXN_7637178,0,1,0,0,0,0,0,0,0,0,1,2023-05-26,1,0.5,0.25,0.20833333333333331
TXN_1281536,0,0,0,0,0,0,1,0,0,0,1,2023-03-19,0,1.0,0.75,0.7916666666666666
TXN_2591969,0,0,0,0,1,0,0,0,0,1,0,2023-08-18,0,0.75,1.0,0.7916666666666666
TXN_8736069,0,0,0,0,0,0,0,1,1,0,0,2023-07-06,1,1.0,0.125,0.2708333333333333
TXN_7975336,0,0,0,0,0,0,0,1,0,1,0,2023-12-03,1,1.0,0.125,0.2708333333333333
TXN_9278090,1,0,0,0,0,0,0,0,0,1,0,2023-12-28,0,1.0,0.5,0.5833333333333333
TXN_8939048,0,0,1,0,0,0,0,0,0,0,1,2023-12-07,0,0.5,0.0,0.08333333333333333
TXN_1193809,0,0,0,0,0,0,0,1,0,0,1,2023-01-21,0,0.5,0.125,0.14583333333333331
TXN_9281710,0,0,0,1,0,0,0,0,0,1,0,2023-08-05,0,0.5,0.5,0.3333333333333333
TXN_3784001,0,0,0,0,0,1,0,0,0,0,1,2023-02-01,1,0.0,0.75,0.125
TXN_3291149,0,1,0,0,0,0,0,0,0,0,1,2023-12-09,1,1.0,0.25,0.375
TXN_3596270,0,1,0,0,0,0,0,0,0,1,0,2023-05-05,1,0.75,0.25,0.29166666666666663
TXN_8172182,1,0,0,0,0,0,0,0,0,1,0,2023-06-22,0,0.25,0.5,0.20833333333333331
TXN_3902135,0,0,0,0,0,0,0,1,0,1,0,2023-06-20,0,0.75,0.125,0.20833333333333331
TXN_9007414,1,0,0,0,0,0,0,0,1,0,0,2023-12-08,1,0.5,0.5,0.3333333333333333
TXN_9131337,0,0,0,0,0,1,0,0,0,1,0,2023-05-24,1,0.75,0.75,0.625
TXN_2278015,0,0,0,0,0,0,0,1,0,0,1,2023-04-10,0,0.25,0.125,0.08333333333333333
TXN_1077060,0,1,0,0,0,0,0,0,1,0,0,2023-08-22,1,0.5,0.25,0.20833333333333331
TXN_9362728,0,0,0,0,0,1,0,0,0,0,1,2023-12-26,0,0.0,0.75,0.125
TXN_6471185,0,0,0,1,0,0,0,0,0,0,1,2023-03-17,0,1.0,0.5,0.5833333333333333
TXN_5677927,0,0,0,0,1,0,0,0,0,0,1,2023-12-20,1,1.0,1.0,1.0
TXN_6177081,0,0,1,0,0,0,0,0,1,0,0,2023-07-26,0,0.0,0.0,0.0
TXN_9281586,0,0,0,0,0,1,0,0,0,0,1,2023-05-20,1,1.0,0.75,0.7916666666666666
TXN_8721484,0,1,0,0,0,0,0,0,0,1,0,2023-04-03,1,0.75,0.25,0.29166666666666663
TXN_9350427,0,0,0,1,0,0,0,0,1,0,0,2023-01-24,0,1.0,0.5,0.5833333333333333
TXN_7860054,0,0,0,0,0,0,0,1,0,1,0,2023-02-07,0,1.0,0.125,0.2708333333333333
TXN_9233730,0,0,0,0,0,0,0,1,0,1,0,2023-05-28,1,1.0,0.125,0.2708333333333333
TXN_8304399,0,0,0,0,0,0,0,1,1,0,0,2023-06-08,0,0.25,0.125,0.08333333333333333
TXN_1538515,0,0,0,1,0,0,0,0,1,0,0,2023-06-11,0,0.75,0.5,0.4583333333333333
TXN_9774251,1,0,0,0,0,0,0,0,0,0,1,2023-06-16,1,0.25,0.5,0.20833333333333331
TXN_4565233,0,0,0,0,1,0,0,0,0,1,0,2023-11-16,0,0.5,1.0,0.5833333333333333
TXN_6898341,0,0,0,0,0,0,0,1,0,1,0,2023-08-21,0,0.25,0.125,0.08333333333333333
TXN_1016246,0,1,0,0,0,0,0,0,0,1,0,2023-01-19,0,0.0,0.25,0.041666666666666664
TXN_9160109,1,0,0,0,0,0,0,0,0,1,0,2023-08-03,1,0.0,0.5,0.08333333333333333
TXN_1082012,0,0,0,0,0,0,1,0,0,1,0,2023-01-04,0,1.0,0.75,0.7916666666666666
TXN_8325464,0,0,0,0,0,0,1,0,0,1,0,2023-08-02,1,1.0,0.75,0.7916666666666666
TXN_7322436,0,0,0,0,0,1,0,0,0,0,1,2023-06-29,0,0.5,0.75,0.4583333333333333
TXN_1733916,0,0,0,0,0,1,0,0,0,0,1,2023-01-12,0,0.75,0.75,0.625
TXN_6068564,1,0,0,0,0,0,0,0,0,1,0,2023-09-28,1,0.75,0.5,0.4583333333333333
TXN_7023753,0,1,0,0,0,0,0,0,0,1,0,2023-05-16,1,1.0,0.25,0.375
TXN_4507630,0,0,0,0,0,0,1,0,0,0,1,2023-05-11,1,0.25,0.75,0.29166666666666663
TXN_5037728,0,0,0,0,0,0,1,0,0,1,0,2023-08-18,1,0.5,0.75,0.4583333333333333
TXN_4577234,0,0,0,1,0,0,0,0,0,1,0,2023-06-09,0,0.75,0.5,0.4583333333333333
TXN_6309570,0,0,0,0,0,0,1,0,0,0,1,2023-09-26,0,0.0,0.75,0.125
TXN_7587652,1,0,0,0,0,0,0,0,1,0,0,2023-08-23,1,0.0,0.5,0.08333333333333333
TXN_1118799,0,0,0,0,0,0,1,0,0,1,0,2023-09-19,1,0.75,0.75,0.625
TXN_5738282,1,0,0,0,0,0,0,0,0,1,0,2023-02-21,0,0.75,0.5,0.4583333333333333
TXN_8192063,0,0,0,1,0,0,0,0,1,0,0,2023-02-06,0,0.75,0.5,0.4583333333333333
TXN_2687593,1,0,0,0,0,0,0,0,0,1,0,2023-06-27,1,1.0,0.5,0.5833333333333333
TXN_1603563,1,0,0,0,0,0,0,0,0,1,0,2023-04-13,1,0.75,0.5,0.4583333333333333
TXN_6346483,0,1,0,0,0,0,0,0,0,1,0,2023-06-08,0,0.0,0.25,0.041666666666666664
TXN_3499910,0,0,1,0,0,0,0,0,0,1,0,2023-09-29,1,0.75,0.0,0.125
TXN_8616276,0,0,1,0,0,0,0,0,0,0,1,2023-07-22,1,0.25,0.5,0.08333333333333333
TXN_5941840,0,0,1,0,0,0,0,0,1,0,0,2023-04-01,1,0.75,0.0,0.125
TXN_6249023,0,0,0,1,0,0,0,0,0,1,0,2023-11-03,0,0.0,0.5,0.08333333333333333
TXN_8620426,0,0,1,0,0,0,0,0,0,1,0,2023-11-28,1,0.5,0.0,0.08333333333333333
TXN_2037742,1,0,0,0,0,0,0,0,0,0,1,2023-11-14,0,0.75,0.5,0.4583333333333333
TXN_7013527,0,0,0,0,1,0,0,0,0,1,0,2023-05-18,0,0.25,1.0,0.375
TXN_2798420,0,0,0,0,0,0,0,1,0,0,1,2023-03-17,1,1.0,0.125,0.2708333333333333
TXN_6500126,0,0,0,0,0,0,1,0,0,0,1,2023-11-03,1,0.25,0.75,0.29166666666666663
TXN_8106064,0,0,1,0,0,0,0,0,0,0,1,2023-06-17,1,0.0,0.0,0.0
TXN_5483442,0,0,0,0,0,0,0,1,1,0,0,2023-04-03,0,1.0,0.125,0.2708333333333333
TXN_3926570,0,1,0,0,0,0,0,0,0,0,1,2023-09-04,0,0.5,0.25,0.20833333333333331
TXN_9489442,0,1,0,0,0,0,0,0,0,1,0,2023-02-06,1,0.5,0.25,0.20833333333333331
TXN_5506907,0,0,1,0,0,0,0,0,1,0,0,2023-12-08,1,0.25,0.0,0.041666666666666664
TXN_8155325,0,1,0,0,0,0,0,0,0,0,1,2023-11-27,0,1.0,0.25,0.375
TXN_5353468,0,0,0,0,0,0,0,1,0,1,0,2023-11-30,0,0.25,0.125,0.08333333333333333
TXN_2111293,0,0,0,0,0,0,1,0,0,0,1,2023-05-29,1,0.5,0.75,0.4583333333333333
TXN_2101632,0,0,0,0,0,1,0,0,1,0,0,2023-06-12,1,0.75,0.75,0.625
TXN_3355537,0,0,0,0,0,0,0,1,0,0,1,2023-01-09,0,0.5,0.125,0.14583333333333331
TXN_4594866,0,0,1,0,0,0,0,0,0,0,1,2023-03-24,1,0.0,0.0,0.0
TXN_7485712,0,0,0,0,0,1,0,0,1,0,0,2023-04-15,0,0.75,0.75,0.625
TXN_4848431,0,0,0,0,1,0,0,0,0,1,0,2023-01-09,0,1.0,1.0,1.0
TXN_7352058,0,1,0,0,0,0,0,0,1,0,0,2023-08-24,1,0.25,0.25,0.125
TXN_3442244,1,0,0,0,0,0,0,0,1,0,0,2023-05-13,1,0.75,0.5,0.4583333333333333
TXN_9810868,0,0,1,0,0,0,0,0,0,1,0,2023-10-05,1,0.0,0.0,0.0
TXN_1430778,0,0,0,0,0,0,0,1,0,1,0,2023-05-26,1,0.0,0.125,0.020833333333333332
TXN_4837909,1,0,0,0,0,0,0,0,1,0,0,2023-11-19,1,1.0,0.5,0.5833333333333333
TXN_4722816,0,0,0,0,1,0,0,0,1,0,0,2023-10-19,0,0.75,1.0,0.7916666666666666
TXN_1833012,0,0,0,0,1,0,0,0,0,0,1,2023-08-16,0,0.5,1.0,0.5833333333333333
TXN_6933222,0,0,0,0,0,0,0,1,1,0,0,2023-01-22,0,0.0,0.125,0.020833333333333332
TXN_7737862,0,0,1,0,0,0,0,0,0,1,0,2023-08-29,0,0.25,0.0,0.041666666666666664
TXN_7814690,0,0,0,0,0,0,1,0,0,1,0,2023-05-10,1,0.0,0.75,0.125
TXN_8880299,0,0,0,0,0,0,0,1,0,1,0,2023-11-16,0,0.0,0.125,0.020833333333333332
TXN_6083650,0,1,0,0,0,0,0,0,0,0,1,2023-07-01,1,0.25,0.25,0.125
TXN_8342990,0,0,0,0,0,0,0,1,0,0,1,2023-04-23,1,0.0,0.125,0.020833333333333332
TXN_4407959,0,0,0,0,0,0,0,1,0,0,1,2023-01-28,1,0.0,0.125,0.020833333333333332
TXN_4382970,0,0,0,0,0,0,0,1,1,0,0,2023-06-04,0,0.0,0.125,0.020833333333333332
TXN_3422759,0,0,0,0,1,0,0,0,0,1,0,2023-02-19,1,1.0,1.0,1.0
TXN_1074435,0,1,0,0,0,0,0,0,0,1,0,2023-11-25,0,0.0,0.25,0.041666666666666664
TXN_8164332,0,0,0,0,0,0,0,1,1,0,0,2023-04-22,1,0.75,0.125,0.20833333333333331
TXN_1912525,0,0,0,0,0,0,1,0,1,0,0,2023-11-25,1,0.75,0.75,0.625
TXN_9715885,0,0,0,0,0,0,1,0,1,0,0,2023-06-16,0,0.75,0.75,0.625
TXN_1583983,0,0,0,0,0,0,0,1,0,1,0,2023-03-02,1,0.5,0.125,0.14583333333333331
TXN_3634860,0,0,0,1,0,0,0,0,0,1,0,2023-05-28,0,1.0,0.5,0.5833333333333333
TXN_5732357,0,0,0,0,0,0,0,1,0,1,0,2023-05-06,1,1.0,0.125,0.2708333333333333
TXN_2379052,0,0,0,0,1,0,0,0,0,1,0,2023-02-16,1,0.0,1.0,0.16666666666666666
TXN_7502273,0,1,0,0,0,0,0,0,0,0,1,2023-11-14,0,1.0,0.25,0.375
TXN_2567222,0,1,0,0,0,0,0,0,0,1,0,2023-09-09,1,0.5,0.25,0.20833333333333331
TXN_3166181,0,0,1,0,0,0,0,0,0,1,0,2023-05-21,0,0.5,0.0,0.08333333333333333
TXN_5644074,0,0,0,0,0,1,0,0,0,0,1,2023-11-08,0,0.25,0.75,0.29166666666666663
TXN_5173881,0,0,1,0,0,0,0,0,1,0,0,2023-01-29,1,0.5,0.0,0.08333333333333333
TXN_2396923,0,0,1,0,0,0,0,0,0,0,1,2023-11-02,1,0.0,0.0,0.0
TXN_7249235,0,0,0,0,0,1,0,0,1,0,0,2023-05-27,0,0.5,0.75,0.4583333333333333
TXN_9612877,0,0,0,0,0,0,1,0,1,0,0,2023-03-07,0,0.0,0.75,0.125
TXN_4841285,0,0,0,0,0,0,0,1,0,1,0,2023-05-04,1,0.25,0.125,0.08333333333333333
TXN_1263426,0,0,0,0,0,1,0,0,0,0,1,2023-10-20,1,0.25,0.75,0.29166666666666663
TXN_5293518,0,0,0,0,0,1,0,0,1,0,0,2023-07-16,0,0.5,0.75,0.4583333333333333
TXN_4296204,0,0,0,0,1,0,0,0,0,0,1,2023-11-28,0,1.0,1.0,1.0
TXN_7180164,0,0,0,0,0,1,0,0,1,0,0,2023-01-05,1,1.0,0.75,0.7916666666666666
TXN_6478978,0,0,0,1,0,0,0,0,0,1,0,2023-10-27,1,0.5,0.5,0.3333333333333333
TXN_2030107,0,0,0,1,0,0,0,0,1,0,0,2023-01-03,1,0.75,0.5,0.4583333333333333
TXN_4897182,1,0,0,0,0,0,0,0,1,0,0,2023-11-26,1,0.5,0.5,0.3333333333333333
TXN_4612269,0,0,0,0,1,0,0,0,0,1,0,2023-01-09,0,1.0,1.0,1.0
TXN_7630750,0,0,0,1,0,0,0,0,0,0,1,2023-03-16,0,0.25,0.5,0.20833333333333331
TXN_6380978,0,0,0,0,0,0,0,1,1,0,0,2023-12-31,0,0.0,0.125,0.020833333333333332
TXN_3744974,0,0,0,1,0,0,0,0,1,0,0,2023-01-09,0,0.0,0.5,0.08333333333333333
TXN_7551023,0,0,0,0,1,0,0,0,1,0,0,2023-10-06,1,1.0,1.0,1.0
TXN_2629168,0,0,0,1,0,0,0,0,0,1,0,2023-07-29,1,0.0,0.5,0.08333333333333333
TXN_6416741,0,1,0,0,0,0,0,0,1,0,0,2023-12-03,1,0.75,0.25,0.29166666666666663
TXN_1269252,1,0,0,0,0,0,0,0,0,0,1,2023-07-18,1,0.0,0.5,0.08333333333333333
TXN_2377708,0,0,1,0,0,0,0,0,0,0,1,2023-01-03,1,0.0,0.0,0.0
TXN_3193212,1,0,0,0,0,0,0,0,1,0,0,2023-11-23,0,0.0,0.5,0.08333333333333333
TXN_1427963,0,1,0,0,0,0,0,0,1,0,0,2023-10-14,0,0.0,0.25,0.041666666666666664
TXN_3391446,0,0,0,0,0,0,0,1,0,0,1,2023-01-14,1,0.0,0.125,0.020833333333333332
TXN_4849180,0,0,0,1,0,0,0,0,0,1,0,2023-10-14,0,1.0,0.5,0.5833333333333333
TXN_2370338,1,0,0,0,0,0,0,0,0,1,0,2023-10-30,1,0.75,0.5,0.4583333333333333
TXN_8628848,0,0,0,1,0,0,0,0,0,1,0,2023-01-29,0,0.0,0.5,0.08333333333333333
TXN_4294955,0,0,0,0,1,0,0,0,0,0,1,2023-10-19,1,1.0,1.0,1.0
TXN_6894703,0,0,1,0,0,0,0,0,0,0,1,2023-06-06,0,0.0,0.0,0.0
TXN_9926931,0,0,1,0,0,0,0,0,1,0,0,2023-01-26,1,1.0,0.0,0.16666666666666666
TXN_9681369,0,0,0,0,1,0,0,0,1,0,0,2023-10-23,1,1.0,1.0,1.0
TXN_9246948,1,0,0,0,0,0,0,0,0,1,0,2023-11-11,0,1.0,0.5,0.5833333333333333
TXN_8519330,0,0,1,0,0,0,0,0,0,1,0,2023-03-18,1,0.75,0.0,0.125
TXN_1720329,0,0,1,0,0,0,0,0,1,0,0,2023-04-06,1,0.25,0.0,0.041666666666666664
TXN_9859715,0,0,0,0,0,0,1,0,0,0,1,2023-07-11,0,1.0,0.75,0.7916666666666666
TXN_2805332,1,0,0,0,0,0,0,0,1,0,0,2023-08-10,1,0.75,0.5,0.4583333333333333
TXN_4807265,0,0,0,0,0,1,0,0,0,0,1,2023-11-19,1,0.5,0.75,0.4583333333333333
TXN_5275315,0,0,0,0,0,0,1,0,0,0,1,2023-01-19,0,0.25,0.75,0.29166666666666663
TXN_7423281,0,0,0,1,0,0,0,0,0,0,1,2023-06-01,0,0.0,0.5,0.08333333333333333
TXN_9764251,0,0,1,0,0,0,0,0,0,0,1,2023-06-18,1,0.75,0.0,0.125
TXN_1034956,0,0,0,0,0,1,0,0,1,0,0,2023-09-13,0,0.75,0.75,0.625
TXN_9272043,1,0,0,0,0,0,0,0,0,1,0,2023-04-20,1,0.75,0.5,0.4583333333333333
TXN_5591048,0,1,0,0,0,0,0,0,0,1,0,2023-01-15,0,0.5,0.25,0.20833333333333331
TXN_4455667,0,0,0,0,0,1,0,0,0,1,0,2023-08-13,0,0.25,0.75,0.29166666666666663
TXN_9945729,0,0,0,0,1,0,0,0,0,0,1,2023-02-03,1,0.25,1.0,0.375
TXN_8124663,0,0,0,0,0,1,0,0,0,1,0,2023-10-15,1,0.25,0.75,0.29166666666666663
TXN_1769466,0,1,0,0,0,0,0,0,0,0,1,2023-08-01,1,1.0,0.25,0.375
TXN_3209184,0,0,0,0,1,0,0,0,1,0,0,2023-03-19,1,0.75,1.0,0.7916666666666666
TXN_6717074,0,0,0,0,0,0,0,1,0,0,1,2023-06-12,1,0.5,0.125,0.14583333333333331
TXN_2833327,0,1,0,0,0,0,0,0,1,0,0,2023-07-05,0,0.5,0.25,0.20833333333333331
TXN_3856021,0,0,0,0,1,0,0,0,0,1,0,2023-02-24,1,0.0,1.0,0.16666666666666666
TXN_2902289,0,0,0,0,0,0,0,1,0,1,0,2023-12-16,0,1.0,0.125,0.2708333333333333
TXN_9456575,0,0,0,0,0,0,0,1,1,0,0,2023-06-10,0,1.0,0.125,0.2708333333333333
TXN_9231214,0,0,0,0,0,0,0,1,0,0,1,2023-05-24,1,0.75,0.125,0.20833333333333331
TXN_6935106,0,0,0,0,0,0,0,1,0,1,0,2023-05-13,0,1.0,0.125,0.2708333333333333
TXN_2005789,0,0,0,1,0,0,0,0,0,1,0,2023-03-13,1,0.5,0.5,0.3333333333333333
TXN_4814965,0,0,0,0,1,0,0,0,0,0,1,2023-07-23,1,0.25,1.0,0.375
TXN_5656252,0,0,0,0,0,1,0,0,0,1,0,2023-08-04,1,0.75,0.75,0.625
TXN_6739950,0,0,0,0,1,0,0,0,0,1,0,2023-03-04,0,0.75,1.0,0.7916666666666666
TXN_1165762,0,1,0,0,0,0,0,0,0,1,0,2023-10-22,0,0.5,0.25,0.20833333333333331
TXN_1122700,0,0,0,0,1,0,0,0,0,0,1,2023-11-09,0,1.0,1.0,1.0
TXN_6441337,0,1,0,0,0,0,0,0,1,0,0,2023-02-22,1,1.0,0.25,0.375
TXN_9134335,1,0,0,0,0,0,0,0,0,0,1,2023-01-30,1,0.5,0.5,0.3333333333333333
TXN_7278970,0,0,0,0,1,0,0,0,0,1,0,2023-08-15,0,0.25,1.0,0.375
TXN_7376255,0,0,0,0,1,0,0,0,0,1,0,2023-05-27,0,1.0,1.0,1.0
TXN_1075969,0,0,1,0,0,0,0,0,0,0,1,2023-08-13,1,0.25,0.0,0.041666666666666664
TXN_1972843,0,1,0,0,0,0,0,0,0,1,0,2023-02-20,1,0.25,0.25,0.125
TXN_9546951,0,0,0,0,0,1,0,0,1,0,0,2023-12-14,0,0.75,0.75,0.625
TXN_2336946,0,0,0,0,0,1,0,0,1,0,0,2023-05-29,1,0.75,0.75,0.625
TXN_4219548,0,1,0,0,0,0,0,0,0,1,0,2023-07-24,1,1.0,0.25,0.375
TXN_5799196,0,0,0,0,0,1,0,0,0,0,1,2023-12-03,1,0.5,0.75,0.4583333333333333
TXN_3337203,0,0,0,0,0,0,1,0,0,0,1,2023-11-16,1,0.5,0.75,0.4583333333333333
TXN_4561006,0,0,0,1,0,0,0,0,0,1,0,2023-11-23,1,0.5,0.5,0.3333333333333333
TXN_6652858,0,0,0,0,1,0,0,0,0,1,0,2023-09-13,0,1.0,1.0,1.0
TXN_5932892,0,0,0,1,0,0,0,0,0,0,1,2023-11-19,0,0.75,0.5,0.4583333333333333
TXN_7466586,0,0,0,0,1,0,0,0,0,0,1,2023-04-02,1,0.75,1.0,0.7916666666666666
TXN_4207981,0,0,0,0,0,0,1,0,0,0,1,2023-03-17,0,0.0,0.75,0.125
TXN_2771482,0,0,0,0,1,0,0,0,0,1,0,2023-02-03,1,0.75,1.0,0.7916666666666666
TXN_9450903,0,0,0,0,0,0,1,0,0,0,1,2023-04-07,1,0.5,0.75,0.4583333333333333
TXN_1165779,0,0,1,0,0,0,0,0,0,0,1,2023-06-30,1,0.75,0.0,0.125
TXN_8205635,1,0,0,0,0,0,0,0,0,1,0,2023-04-21,0,1.0,0.5,0.5833333333333333
TXN_1984966,0,0,0,0,0,0,0,1,0,1,0,2023-03-31,1,0.25,0.125,0.08333333333333333
TXN_4607933,0,0,0,0,0,0,1,0,0,1,0,2023-09-22,0,0.25,0.75,0.29166666666666663
TXN_3486178,1,0,0,0,0,0,0,0,1,0,0,2023-06-09,1,1.0,0.5,0.5833333333333333
TXN_2324227,0,0,1,0,0,0,0,0,0,0,1,2023-06-07,0,0.0,0.0,0.0
TXN_2452819,0,0,1,0,0,0,0,0,0,1,0,2023-07-31,0,0.5,0.0,0.08333333333333333
TXN_2342256,0,0,0,0,0,0,0,1,0,0,1,2023-08-07,1,0.5,0.125,0.14583333333333331
TXN_4789193,0,0,0,1,0,0,0,0,0,1,0,2023-02-21,1,0.5,0.5,0.3333333333333333
TXN_5743519,0,0,0,0,0,0,1,0,1,0,0,2023-05-23,0,0.25,0.75,0.29166666666666663
TXN_1783857,0,1,0,0,0,0,0,0,0,0,1,2023-11-29,0,0.25,0.25,0.125
TXN_6269540,0,0,0,0,0,1,0,0,1,0,0,2023-12-06,0,0.5,0.75,0.4583333333333333
TXN_8106538,0,1,0,0,0,0,0,0,0,0,1,2023-07-09,1,0.5,0.25,0.20833333333333331
TXN_6732494,0,1,0,0,0,0,0,0,0,1,0,2023-03-18,1,0.25,0.25,0.125
TXN_3828620,0,0,0,0,1,0,0,0,1,0,0,2023-10-15,0,0.0,1.0,0.16666666666666666
TXN_9958548,0,0,0,0,0,0,0,1,0,0,1,2023-06-09,0,0.75,0.125,0.20833333333333331
TXN_5458161,0,0,0,0,0,1,0,0,0,0,1,2023-07-19,1,0.0,0.75,0.125
TXN_1518379,0,0,0,1,0,0,0,0,0,0,1,2023-08-12,0,0.75,0.5,0.4583333333333333
TXN_9097840,0,0,0,0,0,0,0,1,0,1,0,2023-02-06,0,0.5,0.125,0.14583333333333331
TXN_5747094,0,0,0,1,0,0,0,0,0,0,1,2023-05-11,1,0.25,0.5,0.20833333333333331
TXN_9782087,0,0,0,0,0,1,0,0,0,1,0,2023-07-27,0,0.75,0.75,0.625
TXN_5824950,0,1,0,0,0,0,0,0,0,1,0,2023-12-06,0,0.0,0.25,0.041666666666666664
TXN_6682782,0,0,1,0,0,0,0,0,1,0,0,2023-12-15,0,1.0,0.0,0.16666666666666666
TXN_2468359,0,0,0,0,1,0,0,0,1,0,0,2023-07-20,0,0.25,1.0,0.375
TXN_1902038,0,1,0,0,0,0,0,0,0,1,0,2023-04-07,1,0.75,0.25,0.29166666666666663
TXN_9405019,1,0,0,0,0,0,0,0,0,0,1,2023-12-05,1,1.0,0.5,0.5833333333333333
TXN_7210366,1,0,0,0,0,0,0,0,0,0,1,2023-03-25,1,0.25,0.5,0.20833333333333331
TXN_6327785,0,0,0,0,0,0,0,1,0,1,0,2023-11-20,1,0.5,0.125,0.14583333333333331
TXN_3206293,0,0,1,0,0,0,0,0,0,0,1,2023-05-04,1,1.0,0.0,0.16666666666666666
TXN_5827969,0,0,0,0,1,0,0,0,0,0,1,2023-07-03,1,1.0,1.0,1.0
TXN_6999471,1,0,0,0,0,0,0,0,0,0,1,2023-08-07,1,0.0,0.5,0.08333333333333333
TXN_2859077,0,0,0,0,0,0,1,0,0,0,1,2023-01-31,1,0.5,0.75,0.4583333333333333
TXN_3643361,0,0,0,0,0,0,0,1,1,0,0,2023-01-12,0,0.0,0.125,0.020833333333333332
TXN_8066306,1,0,0,0,0,0,0,0,0,0,1,2023-01-07,1,1.0,0.5,0.5833333333333333
TXN_2260351,0,1,0,0,0,0,0,0,1,0,0,2023-10-26,1,0.5,0.25,0.20833333333333331
TXN_5224275,0,0,1,0,0,0,0,0,0,1,0,2023-12-17,0,0.75,0.0,0.125
TXN_3842567,0,0,0,0,1,0,0,0,0,1,0,2023-03-13,0,0.0,1.0,0.16666666666666666
TXN_8515063,0,0,1,0,0,0,0,0,0,0,1,2023-12-06,1,0.5,0.0,0.08333333333333333
TXN_2188137,0,0,0,0,0,0,0,1,0,1,0,2023-01-15,1,0.0,0.125,0.020833333333333332
TXN_3104589,0,0,1,0,0,0,0,0,1,0,0,2023-03-01,1,0.25,0.0,0.041666666666666664
TXN_9638367,0,1,0,0,0,0,0,0,0,1,0,2023-07-22,1,0.0,0.25,0.041666666666666664
TXN_8742742,1,0,0,0,0,0,0,0,1,0,0,2023-03-07,0,0.75,0.5,0.4583333333333333
TXN_5687012,0,0,0,0,1,0,0,0,1,0,0,2023-03-12,1,0.25,1.0,0.375
TXN_5784372,0,0,0,0,1,0,0,0,1,0,0,2023-05-23,0,0.25,1.0,0.375
TXN_2737300,1,0,0,0,0,0,0,0,1,0,0,2023-12-25,0,0.0,0.5,0.08333333333333333
TXN_5905025,0,0,1,0,0,0,0,0,1,0,0,2023-03-08,1,0.75,0.0,0.125
TXN_6602557,1,0,0,0,0,0,0,0,1,0,0,2023-02-06,1,0.75,0.5,0.4583333333333333
TXN_8065180,0,0,0,0,0,0,1,0,0,0,1,2023-06-07,1,1.0,0.75,0.7916666666666666
TXN_4448424,0,0,0,0,1,0,0,0,0,0,1,2023-01-31,1,0.75,1.0,0.7916666666666666
TXN_3396099,0,1,0,0,0,0,0,0,0,0,1,2023-04-06,0,0.0,0.25,0.041666666666666664
TXN_2693431,0,0,0,0,1,0,0,0,0,0,1,2023-05-20,1,0.25,1.0,0.375
TXN_7767493,0,0,0,0,0,1,0,0,0,1,0,2023-02-20,0,1.0,0.75,0.7916666666666666
TXN_2954575,0,0,0,0,0,0,0,1,0,0,1,2023-11-14,1,0.25,0.125,0.08333333333333333
TXN_8983868,0,1,0,0,0,0,0,0,0,1,0,2023-03-10,1,1.0,0.25,0.375
TXN_3540841,0,0,0,0,0,0,0,1,0,1,0,2023-03-22,0,0.5,0.125,0.14583333333333331
TXN_8933027,0,0,0,1,0,0,0,0,0,1,0,2023-07-14,0,1.0,0.5,0.5833333333333333
TXN_5763287,1,0,0,0,0,0,0,0,0,1,0,2023-06-27,0,0.25,0.5,0.20833333333333331
TXN_7272945,0,0,0,0,0,0,1,0,0,0,1,2023-04-13,1,0.75,0.75,0.625
TXN_8511110,0,0,0,0,0,0,0,1,0,0,1,2023-10-17,1,0.5,0.125,0.14583333333333331
TXN_9307650,0,1,0,0,0,0,0,0,1,0,0,2023-02-22,1,0.5,0.25,0.20833333333333331
TXN_1812185,0,0,0,1,0,0,0,0,0,0,1,2023-09-21,0,0.25,0.5,0.20833333333333331
TXN_2134650,0,0,0,1,0,0,0,0,0,0,1,2023-02-11,1,0.75,0.5,0.4583333333333333
TXN_7899761,0,0,0,1,0,0,0,0,0,1,0,2023-10-08,0,0.25,0.5,0.20833333333333331
TXN_6785552,0,0,0,1,0,0,0,0,1,0,0,2023-01-19,1,1.0,0.5,0.5833333333333333
TXN_8794205,1,0,0,0,0,0,0,0,0,1,0,2023-10-22,1,0.75,0.5,0.4583333333333333
TXN_2464879,1,0,0,0,0,0,0,0,0,1,0,2023-10-11,1,0.25,0.5,0.20833333333333331
TXN_8294790,0,0,1,0,0,0,0,0,0,0,1,2023-09-01,1,0.0,0.0,0.0
TXN_4207219,1,0,0,0,0,0,0,0,1,0,0,2023-09-16,0,0.0,0.5,0.08333333333333333
TXN_1921415,1,0,0,0,0,0,0,0,1,0,0,2023-11-03,1,0.0,0.5,0.08333333333333333
TXN_7122109,0,1,0,0,0,0,0,0,1,0,0,2023-05-19,1,1.0,0.25,0.375
TXN_3601338,1,0,0,0,0,0,0,0,0,1,0,2023-03-06,0,0.5,0.5,0.3333333333333333
TXN_7403839,0,1,0,0,0,0,0,0,0,1,0,2023-12-23,0,0.0,0.25,0.041666666666666664
TXN_3709876,0,1,0,0,0,0,0,0,0,1,0,2023-11-04,1,0.0,0.25,0.041666666666666664
TXN_6063689,0,0,1,0,0,0,0,0,1,0,0,2023-02-01,0,0.5,0.0,0.08333333333333333
TXN_8126762,0,1,0,0,0,0,0,0,0,0,1,2023-06-08,1,1.0,0.25,0.375
TXN_5940531,0,0,0,0,0,0,0,1,1,0,0,2023-01-11,0,0.0,0.125,0.020833333333333332
TXN_9844453,0,0,0,0,0,0,0,1,0,1,0,2023-01-09,1,0.25,0.125,0.08333333333333333
TXN_5774784,1,0,0,0,0,0,0,0,0,0,1,2023-10-04,0,1.0,0.5,0.5833333333333333
TXN_6241682,0,0,0,0,0,1,0,0,0,0,1,2023-09-07,0,0.5,0.75,0.4583333333333333
TXN_1235828,0,0,0,0,0,0,0,1,1,0,0,2023-02-19,1,0.75,0.125,0.20833333333333331
TXN_9206403,0,0,1,0,0,0,0,0,0,1,0,2023-12-15,0,0.0,0.0,0.0
TXN_8377178,0,1,0,0,0,0,0,0,0,0,1,2023-02-03,0,1.0,0.25,0.375
TXN_8125141,0,0,0,0,0,0,0,1,0,0,1,2023-04-18,1,0.5,0.125,0.14583333333333331
TXN_9673343,0,0,0,0,0,1,0,0,1,0,0,2023-06-22,0,0.25,0.75,0.29166666666666663
TXN_8734331,0,0,0,0,0,0,0,1,1,0,0,2023-05-17,0,0.5,0.125,0.14583333333333331
TXN_9565246,0,1,0,0,0,0,0,0,1,0,0,2023-12-28,0,1.0,0.25,0.375
TXN_9914747,0,1,0,0,0,0,0,0,0,0,1,2023-12-05,0,1.0,0.25,0.375
TXN_6148776,0,1,0,0,0,0,0,0,0,0,1,2023-03-02,1,1.0,0.25,0.375
TXN_4992510,0,0,1,0,0,0,0,0,1,0,0,2023-01-26,0,0.75,0.0,0.125
TXN_8384806,0,0,0,0,0,1,0,0,0,1,0,2023-07-07,1,0.5,0.75,0.4583333333333333
TXN_6472826,0,0,0,1,0,0,0,0,1,0,0,2023-04-11,0,0.75,0.5,0.4583333333333333
TXN_8131052,0,0,1,0,0,0,0,0,0,1,0,2023-09-16,1,0.0,0.0,0.0
TXN_8425819,0,0,0,0,0,1,0,0,0,1,0,2023-01-09,0,0.0,0.75,0.125
TXN_8116619,0,0,0,0,0,0,1,0,1,0,0,2023-09-05,0,0.5,0.75,0.4583333333333333
TXN_6636395,0,0,0,1,0,0,0,0,1,0,0,2023-01-30,0,0.75,0.5,0.4583333333333333
TXN_2137354,0,1,0,0,0,0,0,0,0,0,1,2023-05-17,0,0.25,0.25,0.125
TXN_3353615,0,1,0,0,0,0,0,0,0,1,0,2023-07-24,1,0.75,0.25,0.29166666666666663
TXN_2703095,0,0,0,0,1,0,0,0,1,0,0,2023-10-05,0,0.0,1.0,0.16666666666666666
TXN_7282082,0,0,0,0,0,1,0,0,0,1,0,2023-02-02,0,0.75,0.75,0.625
TXN_6705109,1,0,0,0,0,0,0,0,1,0,0,2023-08-05,0,0.5,0.5,0.3333333333333333
TXN_1857902,0,0,0,0,0,1,0,0,0,0,1,2023-04-26,1,1.0,0.75,0.7916666666666666
TXN_5788053,0,0,0,0,0,1,0,0,0,0,1,2023-01-04,0,1.0,0.75,0.7916666666666666
TXN_8650185,0,0,0,0,0,0,1,0,1,0,0,2023-06-13,0,1.0,0.75,0.7916666666666666
TXN_1171281,0,1,0,0,0,0,0,0,0,0,1,2023-02-06,0,0.25,0.25,0.125
TXN_9875865,0,0,1,0,0,0,0,0,0,0,1,2023-10-23,0,0.5,0.0,0.08333333333333333
TXN_6244602,1,0,0,0,0,0,0,0,0,0,1,2023-05-06,0,1.0,0.5,0.5833333333333333
TXN_5093855,0,0,0,0,0,0,0,1,1,0,0,2023-11-23,1,0.75,0.25,0.20833333333333331
TXN_5588102,0,0,1,0,0,0,0,0,0,1,0,2023-01-14,0,0.75,0.0,0.125
TXN_7762815,0,0,0,0,0,0,1,0,0,1,0,2023-07-26,0,1.0,0.75,0.7916666666666666
TXN_8421481,0,1,0,0,0,0,0,0,0,0,1,2023-07-27,1,0.75,0.25,0.29166666666666663
TXN_3717307,0,0,1,0,0,0,0,0,0,1,0,2023-07-02,0,0.0,0.0,0.0
TXN_6201227,0,0,0,0,1,0,0,0,1,0,0,2023-01-15,1,0.25,1.0,0.375
TXN_9052231,0,0,0,0,0,1,0,0,0,1,0,2023-08-20,0,0.0,0.75,0.125
TXN_8228865,0,0,0,1,0,0,0,0,0,0,1,2023-09-19,0,0.5,0.5,0.3333333333333333
TXN_5875188,0,0,0,0,1,0,0,0,0,0,1,2023-07-09,0,0.5,1.0,0.5833333333333333
TXN_7997704,0,0,0,0,0,1,0,0,0,0,1,2023-04-28,0,0.25,0.75,0.29166666666666663
TXN_4409875,1,0,0,0,0,0,0,0,0,0,1,2023-09-08,1,0.5,0.5,0.3333333333333333
TXN_4015427,0,0,1,0,0,0,0,0,0,1,0,2023-08-05,1,1.0,0.0,0.16666666666666666
TXN_3358787,1,0,0,0,0,0,0,0,0,0,1,2023-06-10,1,0.0,0.5,0.08333333333333333
TXN_8557847,0,0,0,0,0,0,1,0,0,1,0,2023-09-02,1,0.75,0.75,0.625
TXN_1307239,0,1,0,0,0,0,0,0,0,0,1,2023-10-26,1,0.0,0.25,0.041666666666666664
TXN_5138519,1,0,0,0,0,0,0,0,1,0,0,2023-05-22,0,1.0,0.5,0.5833333333333333
TXN_8763436,0,0,0,1,0,0,0,0,1,0,0,2023-04-11,1,0.75,0.5,0.4583333333333333
TXN_3067609,0,0,0,0,1,0,0,0,1,0,0,2023-12-25,1,0.75,1.0,0.7916666666666666
TXN_2450896,0,0,0,0,0,0,1,0,0,0,1,2023-06-25,1,0.0,0.75,0.125
TXN_4052950,0,0,0,0,1,0,0,0,0,1,0,2023-03-13,1,0.25,1.0,0.375
TXN_2207332,0,1,0,0,0,0,0,0,0,1,0,2023-01-12,0,0.0,0.25,0.041666666666666664
TXN_6633385,0,0,0,1,0,0,0,0,0,1,0,2023-02-12,1,0.25,0.5,0.20833333333333331
TXN_8302551,1,0,0,0,0,0,0,0,0,0,1,2023-10-22,0,0.75,0.5,0.4583333333333333
TXN_6710660,0,0,0,0,1,0,0,0,1,0,0,2023-02-08,0,0.25,1.0,0.375
TXN_9523369,0,1,0,0,0,0,0,0,0,0,1,2023-08-25,1,0.5,0.25,0.20833333333333331
TXN_3548756,0,0,0,1,0,0,0,0,0,0,1,2023-02-24,0,0.5,0.5,0.3333333333333333
TXN_9332035,0,0,1,0,0,0,0,0,0,0,1,2023-11-02,1,0.25,0.0,0.041666666666666664
TXN_7539774,0,0,0,0,1,0,0,0,1,0,0,2023-02-12,0,0.0,1.0,0.16666666666666666
TXN_7846513,0,0,0,0,0,1,0,0,0,1,0,2023-10-19,0,0.5,0.75,0.4583333333333333
TXN_6188931,1,0,0,0,0,0,0,0,0,0,1,2023-01-28,0,1.0,0.5,0.5833333333333333
TXN_6707466,0,0,0,0,1,0,0,0,0,1,0,2023-04-02,1,0.25,1.0,0.375
TXN_4076392,0,1,0,0,0,0,0,0,0,1,0,2023-12-24,0,0.5,0.25,0.20833333333333331
TXN_2365394,1,0,0,0,0,0,0,0,0,0,1,2023-04-06,0,0.25,0.5,0.20833333333333331
TXN_7089466,0,0,1,0,0,0,0,0,0,1,0,2023-12-26,0,0.75,0.0,0.125
TXN_2898188,0,0,0,0,1,0,0,0,0,0,1,2023-04-26,1,0.75,1.0,0.7916666666666666
TXN_1632205,0,0,1,0,0,0,0,0,0,1,0,2023-02-04,0,0.75,0.0,0.125
TXN_3741197,1,0,0,0,0,0,0,0,0,1,0,2023-10-13,1,0.75,0.5,0.4583333333333333
TXN_5300938,0,0,0,0,0,0,0,1,1,0,0,2023-10-30,1,1.0,0.125,0.2708333333333333
TXN_3547013,0,0,0,0,0,0,0,1,0,1,0,2023-04-26,1,0.5,0.125,0.14583333333333331
TXN_7705748,0,0,0,1,0,0,0,0,0,0,1,2023-07-14,1,0.5,0.5,0.3333333333333333
TXN_7469391,0,1,0,0,0,0,0,0,1,0,0,2023-09-03,0,1.0,0.25,0.375
TXN_8073173,0,0,0,0,0,0,0,1,1,0,0,2023-07-05,1,1.0,0.125,0.2708333333333333
TXN_1489746,0,0,1,0,0,0,0,0,0,0,1,2023-12-18,0,0.5,0.0,0.08333333333333333
TXN_2864951,0,0,0,0,0,0,0,1,0,1,0,2023-10-09,1,1.0,0.125,0.2708333333333333
TXN_6817889,0,0,0,0,0,0,0,1,1,0,0,2023-10-04,0,0.0,0.125,0.020833333333333332
TXN_7809825,0,0,0,0,0,0,1,0,0,1,0,2023-08-26,1,0.25,0.75,0.29166666666666663
TXN_7402573,0,0,0,0,0,1,0,0,0,1,0,2023-02-13,1,0.75,0.75,0.625
TXN_4762520,0,0,0,0,0,0,1,0,1,0,0,2023-07-17,1,0.0,0.75,0.125
TXN_6869880,0,0,0,1,0,0,0,0,0,0,1,2023-08-05,1,0.75,0.5,0.4583333333333333
TXN_3054405,0,0,0,1,0,0,0,0,1,0,0,2023-11-19,0,0.5,0.5,0.3333333333333333
TXN_2085992,1,0,0,0,0,0,0,0,0,0,1,2023-05-15,1,0.0,0.5,0.08333333333333333
TXN_1443201,0,0,1,0,0,0,0,0,0,1,0,2023-10-03,0,1.0,0.0,0.16666666666666666
TXN_9157460,1,0,0,0,0,0,0,0,0,0,1,2023-01-23,1,0.75,0.5,0.4583333333333333
TXN_2299364,0,0,0,0,1,0,0,0,1,0,0,2023-10-26,0,0.0,1.0,0.16666666666666666
TXN_9948645,0,0,0,0,1,0,0,0,0,1,0,2023-08-29,1,0.0,1.0,0.16666666666666666
TXN_8244640,0,0,1,0,0,0,0,0,0,1,0,2023-09-24,1,0.0,0.0,0.0
TXN_9507568,0,0,0,0,0,0,1,0,0,1,0,2023-10-12,1,0.75,0.75,0.625
TXN_7952916,0,1,0,0,0,0,0,0,0,0,1,2023-12-10,1,0.75,0.25,0.29166666666666663
TXN_1058927,0,0,0,0,0,1,0,0,1,0,0,2023-07-08,1,0.75,0.75,0.625
TXN_2165365,0,1,0,0,0,0,0,0,0,0,1,2023-06-08,1,1.0,0.25,0.375
TXN_4497327,0,0,1,0,0,0,0,0,0,1,0,2023-11-08,0,0.25,0.0,0.041666666666666664
TXN_3677890,0,0,0,0,0,1,0,0,0,1,0,2023-02-28,0,0.5,0.75,0.4583333333333333
TXN_6029333,1,0,0,0,0,0,0,0,1,0,0,2023-06-10,1,0.0,0.5,0.08333333333333333
TXN_9300970,1,0,0,0,0,0,0,0,0,1,0,2023-03-06,1,0.25,0.5,0.20833333333333331
TXN_3931747,0,0,1,0,0,0,0,0,1,0,0,2023-01-14,1,0.75,0.0,0.125
TXN_5747642,0,0,0,0,1,0,0,0,1,0,0,2023-07-26,1,0.25,1.0,0.375
TXN_1505875,0,0,0,0,0,0,1,0,1,0,0,2023-05-17,1,0.75,0.75,0.625
TXN_5417192,0,0,1,0,0,0,0,0,1,0,0,2023-06-23,0,0.75,0.0,0.125
TXN_1522140,0,0,1,0,0,0,0,0,1,0,0,2023-05-28,0,0.75,0.0,0.125
TXN_5357157,0,0,0,1,0,0,0,0,0,1,0,2023-05-21,0,0.75,0.5,0.4583333333333333
TXN_2000400,0,0,0,0,0,0,0,1,0,0,1,2023-09-29,1,1.0,0.125,0.2708333333333333
TXN_5612022,0,0,1,0,0,0,0,0,0,0,1,2023-09-27,1,1.0,0.0,0.16666666666666666
TXN_3105489,1,0,0,0,0,0,0,0,0,0,1,2023-03-14,0,0.5,0.5,0.3333333333333333
TXN_4509329,0,0,0,0,0,0,0,1,0,0,1,2023-10-22,1,0.0,0.125,0.020833333333333332
TXN_1724815,0,0,0,0,0,1,0,0,0,0,1,2023-08-16,0,0.5,0.75,0.4583333333333333
TXN_2096922,0,1,0,0,0,0,0,0,0,0,1,2023-12-11,1,0.5,0.25,0.20833333333333331
TXN_2563679,0,0,0,0,1,0,0,0,0,0,1,2023-04-09,0,0.5,1.0,0.5833333333333333
TXN_2930503,0,0,0,1,0,0,0,0,1,0,0,2023-06-18,0,0.5,0.5,0.3333333333333333
TXN_9265178,0,0,0,0,0,1,0,0,1,0,0,2023-03-18,1,0.75,0.75,0.625
TXN_7126770,1,0,0,0,0,0,0,0,0,1,0,2023-11-09,1,0.75,0.5,0.4583333333333333
TXN_6348409,0,0,0,0,1,0,0,0,0,1,0,2023-07-26,1,0.5,1.0,0.5833333333333333
TXN_3776109,0,0,0,0,1,0,0,0,1,0,0,2023-05-20,1,0.0,1.0,0.16666666666666666
TXN_2538739,0,0,0,0,1,0,0,0,0,1,0,2023-07-29,0,0.25,1.0,0.375
TXN_4159135,0,1,0,0,0,0,0,0,1,0,0,2023-02-09,1,0.5,0.25,0.20833333333333331
TXN_1454866,0,0,0,0,0,1,0,0,0,0,1,2023-12-13,1,0.0,0.75,0.125
TXN_4654061,0,0,0,0,0,1,0,0,0,1,0,2023-05-04,1,0.25,0.75,0.29166666666666663
TXN_8160791,1,0,0,0,0,0,0,0,0,0,1,2023-10-24,0,1.0,0.5,0.5833333333333333
TXN_1647069,0,0,0,0,0,1,0,0,0,1,0,2023-04-06,1,0.0,0.75,0.125
TXN_8499005,0,1,0,0,0,0,0,0,0,0,1,2023-10-26,1,1.0,0.25,0.375
TXN_1512185,0,1,0,0,0,0,0,0,1,0,0,2023-06-16,1,0.75,0.25,0.29166666666666663
TXN_8632653,0,0,0,1,0,0,0,0,0,0,1,2023-12-24,0,0.25,0.5,0.20833333333333331
TXN_8744240,0,0,0,0,0,0,1,0,1,0,0,2023-06-19,1,0.75,0.75,0.625
TXN_4190750,0,0,0,1,0,0,0,0,1,0,0,2023-04-02,1,1.0,0.5,0.5833333333333333
TXN_9470260,0,1,0,0,0,0,0,0,0,1,0,2023-10-07,0,1.0,0.25,0.375
TXN_6257213,0,0,0,1,0,0,0,0,1,0,0,2023-12-12,1,1.0,0.5,0.5833333333333333
TXN_1004563,0,0,0,0,0,0,0,1,0,1,0,2023-10-28,0,1.0,0.125,0.2708333333333333
TXN_5352739,0,0,0,0,0,1,0,0,0,1,0,2023-07-31,1,0.75,0.75,0.625
TXN_7387056,0,0,0,1,0,0,0,0,0,1,0,2023-10-24,0,0.75,0.5,0.4583333333333333
TXN_1927431,0,0,1,0,0,0,0,0,0,1,0,2023-02-07,0,0.0,0.0,0.0
TXN_3432433,0,0,1,0,0,0,0,0,1,0,0,2023-02-19,0,1.0,0.0,0.16666666666666666
TXN_1130142,0,0,1,0,0,0,0,0,0,1,0,2023-03-13,0,0.0,0.0,0.0
TXN_6682443,1,0,0,0,0,0,0,0,0,0,1,2023-09-03,0,0.75,0.5,0.4583333333333333
TXN_3279039,1,0,0,0,0,0,0,0,0,1,0,2023-06-26,0,0.75,0.5,0.4583333333333333
TXN_6119612,0,0,0,1,0,0,0,0,1,0,0,2023-12-25,1,0.5,0.5,0.3333333333333333
TXN_1295824,0,0,0,0,0,0,0,1,0,1,0,2023-08-01,0,0.0,0.125,0.020833333333333332
TXN_8305936,0,0,0,1,0,0,0,0,0,0,1,2023-08-02,0,0.5,0.5,0.3333333333333333
TXN_9550664,0,0,0,0,1,0,0,0,0,0,1,2023-06-29,1,0.25,1.0,0.375
TXN_3808895,0,0,0,0,1,0,0,0,1,0,0,2023-07-13,0,0.25,1.0,0.375
TXN_9843811,0,0,0,1,0,0,0,0,0,1,0,2023-03-01,0,0.25,0.5,0.20833333333333331
TXN_6405258,0,0,0,0,0,0,0,1,0,1,0,2023-08-10,1,0.25,0.125,0.08333333333333333
TXN_1224087,0,1,0,0,0,0,0,0,0,0,1,2023-03-20,1,1.0,0.25,0.375
TXN_7727118,0,0,0,0,0,0,1,0,0,0,1,2023-11-04,1,1.0,0.75,0.7916666666666666
TXN_8456072,0,0,0,0,0,0,1,0,0,0,1,2023-07-11,0,0.0,0.75,0.125
TXN_8173006,0,0,0,0,1,0,0,0,0,0,1,2023-12-21,1,0.5,1.0,0.5833333333333333
TXN_2769769,0,0,0,0,1,0,0,0,0,1,0,2023-04-01,0,1.0,1.0,1.0
TXN_8413949,0,0,0,1,0,0,0,0,0,1,0,2023-10-14,0,0.0,0.5,0.08333333333333333
TXN_7538763,0,0,0,0,0,0,1,0,0,0,1,2023-11-18,1,0.0,0.75,0.125
TXN_6541110,0,0,1,0,0,0,0,0,1,0,0,2023-12-30,0,0.5,0.0,0.08333333333333333
TXN_6264390,0,0,0,0,0,0,1,0,1,0,0,2023-06-29,0,0.25,0.75,0.29166666666666663
TXN_6814891,0,1,0,0,0,0,0,0,0,0,1,2023-06-26,1,0.0,0.25,0.041666666666666664
TXN_9884180,0,0,0,0,1,0,0,0,1,0,0,2023-05-19,1,0.0,1.0,0.16666666666666666
TXN_6424202,0,0,1,0,0,0,0,0,0,1,0,2023-11-20,0,0.25,0.0,0.041666666666666664
TXN_6775024,0,1,0,0,0,0,0,0,1,0,0,2023-01-30,0,0.25,0.25,0.125
TXN_8540553,1,0,0,0,0,0,0,0,0,1,0,2023-07-13,0,0.0,0.5,0.08333333333333333
TXN_6501361,0,0,0,0,1,0,0,0,1,0,0,2023-01-17,0,1.0,1.0,1.0
TXN_5671997,0,0,0,1,0,0,0,0,0,1,0,2023-09-03,1,0.5,0.5,0.3333333333333333
TXN_4283360,0,1,0,0,0,0,0,0,0,1,0,2023-12-19,0,0.25,0.25,0.125
TXN_3956393,0,0,1,0,0,0,0,0,0,1,0,2023-01-14,0,0.75,0.0,0.125
TXN_1971103,0,0,0,1,0,0,0,0,0,1,0,2023-08-22,1,0.75,0.5,0.4583333333333333
TXN_9576057,0,0,0,0,0,0,0,1,0,0,1,2023-03-03,1,1.0,0.125,0.2708333333333333
TXN_1435035,0,0,0,0,0,0,1,0,1,0,0,2023-12-31,0,0.0,0.75,0.125
TXN_8111101,0,0,0,0,0,1,0,0,1,0,0,2023-01-12,0,1.0,0.75,0.7916666666666666
TXN_8323012,0,0,0,0,0,0,0,1,0,1,0,2023-12-17,1,0.5,0.125,0.14583333333333331
TXN_9415451,1,0,0,0,0,0,0,0,1,0,0,2023-01-04,1,0.5,0.5,0.3333333333333333
TXN_7072883,0,0,0,0,0,0,1,0,0,1,0,2023-10-05,1,0.0,0.75,0.125
TXN_7455637,0,0,0,1,0,0,0,0,1,0,0,2023-04-23,1,0.5,0.5,0.3333333333333333
TXN_3779292,0,0,0,0,1,0,0,0,0,1,0,2023-12-30,0,0.25,1.0,0.375
TXN_2629420,0,0,0,0,0,0,1,0,0,0,1,2023-01-16,1,0.25,0.75,0.29166666666666663
TXN_5848025,0,0,0,0,0,0,0,1,0,1,0,2023-01-19,0,1.0,0.125,0.2708333333333333
TXN_1452253,0,0,0,0,0,1,0,0,1,0,0,2023-05-12,0,0.25,0.75,0.29166666666666663
TXN_4661976,0,0,0,0,0,0,1,0,0,0,1,2023-10-13,0,0.5,0.75,0.4583333333333333
TXN_4818703,0,0,1,0,0,0,0,0,0,0,1,2023-04-20,1,0.25,0.0,0.041666666666666664
TXN_9849760,1,0,0,0,0,0,0,0,0,0,1,2023-09-01,1,0.25,0.5,0.20833333333333331
TXN_6387334,0,0,0,0,0,0,1,0,0,0,1,2023-02-19,0,1.0,0.75,0.7916666666666666
TXN_6431384,0,0,0,1,0,0,0,0,0,0,1,2023-08-06,0,0.75,0.5,0.4583333333333333
TXN_2445017,0,0,0,0,0,0,0,1,0,1,0,2023-07-23,1,1.0,0.125,0.2708333333333333
TXN_9202190,0,0,0,0,0,1,0,0,0,1,0,2023-08-25,0,1.0,0.75,0.7916666666666666
TXN_4695464,0,0,1,0,0,0,0,0,1,0,0,2023-11-09,1,0.75,0.0,0.125
TXN_1486576,0,0,0,0,0,1,0,0,0,1,0,2023-09-10,1,0.75,0.75,0.625
TXN_5530717,0,0,0,1,0,0,0,0,0,1,0,2023-03-10,0,0.0,0.5,0.08333333333333333
TXN_7490314,0,0,1,0,0,0,0,0,0,1,0,2023-05-14,0,0.25,0.0,0.041666666666666664
TXN_1811734,0,1,0,0,0,0,0,0,1,0,0,2023-07-16,0,0.75,0.25,0.29166666666666663
TXN_3100053,1,0,0,0,0,0,0,0,1,0,0,2023-12-19,0,0.5,0.5,0.3333333333333333
TXN_5812394,0,0,0,0,1,0,0,0,1,0,0,2023-10-17,1,1.0,1.0,1.0
TXN_6315475,0,1,0,0,0,0,0,0,0,0,1,2023-09-23,1,0.25,0.25,0.125
TXN_5477578,0,0,0,0,0,0,1,0,0,0,1,2023-03-12,1,0.0,0.75,0.125
TXN_5373441,0,0,0,0,1,0,0,0,1,0,0,2023-06-02,0,0.0,1.0,0.16666666666666666
TXN_1094145,0,0,1,0,0,0,0,0,0,1,0,2023-03-15,0,0.5,0.0,0.08333333333333333
TXN_8680875,0,0,0,0,0,0,0,1,1,0,0,2023-07-21,1,0.25,0.125,0.08333333333333333
TXN_6504180,0,0,0,0,0,0,1,0,0,0,1,2023-08-31,0,0.0,0.75,0.125
TXN_6378045,0,0,0,0,0,1,0,0,0,0,1,2023-05-07,0,1.0,0.75,0.7916666666666666
TXN_4502704,0,0,0,0,0,0,0,1,1,0,0,2023-04-04,0,0.75,0.125,0.20833333333333331
TXN_6992967,0,0,0,0,0,0,1,0,1,0,0,2023-08-29,1,1.0,0.75,0.7916666666666666
TXN_6266147,0,0,0,1,0,0,0,0,0,1,0,2023-01-31,0,0.5,0.5,0.3333333333333333
TXN_7499330,0,0,1,0,0,0,0,0,0,1,0,2023-10-28,0,0.0,0.0,0.0
TXN_8815623,0,1,0,0,0,0,0,0,0,0,1,2023-02-03,0,0.25,0.25,0.125
TXN_7632478,0,0,0,1,0,0,0,0,0,0,1,2023-04-11,1,0.25,0.5,0.20833333333333331
TXN_5431854,0,0,1,0,0,0,0,0,0,1,0,2023-01-18,0,0.5,0.0,0.08333333333333333
TXN_3518789,0,1,0,0,0,0,0,0,0,0,1,2023-12-01,1,0.25,0.25,0.125
TXN_6162668,0,0,0,0,1,0,0,0,0,0,1,2023-03-30,0,0.75,1.0,0.7916666666666666
TXN_4767006,1,0,0,0,0,0,0,0,1,0,0,2023-08-23,1,0.0,0.5,0.08333333333333333
TXN_2880409,0,0,0,0,0,0,0,1,1,0,0,2023-09-11,0,0.75,0.125,0.20833333333333331
TXN_4277671,0,0,0,0,0,0,0,1,1,0,0,2023-08-21,1,1.0,0.125,0.2708333333333333
TXN_8810601,0,0,0,1,0,0,0,0,0,0,1,2023-08-18,1,0.25,0.5,0.20833333333333331
TXN_6572164,0,0,1,0,0,0,0,0,0,1,0,2023-01-15,1,0.75,0.0,0.125
TXN_6281959,0,0,0,0,0,0,0,1,0,0,1,2023-03-16,0,0.75,0.125,0.20833333333333331
TXN_6714068,0,1,0,0,0,0,0,0,0,0,1,2023-02-17,0,0.0,0.25,0.041666666666666664
TXN_2470532,0,1,0,0,0,0,0,0,0,0,1,2023-01-21,0,0.0,0.25,0.041666666666666664
TXN_6920323,0,0,0,0,0,1,0,0,0,1,0,2023-06-10,0,0.0,0.75,0.125
TXN_6519486,1,0,0,0,0,0,0,0,1,0,0,2023-02-05,1,1.0,0.5,0.5833333333333333
TXN_7524971,0,0,0,0,0,0,0,1,0,0,1,2023-09-05,1,0.75,0.125,0.20833333333333331
TXN_4650447,0,0,0,0,0,0,0,1,1,0,0,2023-08-18,0,0.0,0.125,0.020833333333333332
TXN_3928174,0,1,0,0,0,0,0,0,0,0,1,2023-09-11,0,0.5,0.25,0.20833333333333331
TXN_1475403,0,0,1,0,0,0,0,0,1,0,0,2023-03-06,0,0.0,0.0,0.0
TXN_1700027,0,0,0,0,0,0,1,0,0,0,1,2023-06-04,0,0.75,0.75,0.625
TXN_2026084,0,1,0,0,0,0,0,0,1,0,0,2023-10-20,0,0.25,0.25,0.125
TXN_5942938,0,0,0,1,0,0,0,0,0,1,0,2023-05-24,0,0.5,0.5,0.3333333333333333
TXN_8813764,0,0,1,0,0,0,0,0,0,1,0,2023-05-08,0,0.0,0.0,0.0
TXN_5202349,0,0,1,0,0,0,0,0,0,1,0,2023-11-27,0,0.75,0.0,0.125
TXN_2409052,0,0,0,0,0,1,0,0,0,1,0,2023-07-08,0,0.0,0.75,0.125
TXN_8528546,1,0,0,0,0,0,0,0,1,0,0,2023-12-09,1,0.5,0.5,0.3333333333333333
TXN_4849860,0,0,0,0,0,0,0,1,0,1,0,2023-12-01,0,0.75,0.125,0.20833333333333331
TXN_1840897,0,0,0,0,1,0,0,0,1,0,0,2023-06-03,0,0.0,1.0,0.16666666666666666
TXN_7689696,0,0,0,0,0,1,0,0,0,0,1,2023-07-03,1,1.0,0.75,0.7916666666666666
TXN_6905794,0,0,0,0,1,0,0,0,1,0,0,2023-05-31,1,0.0,1.0,0.16666666666666666
TXN_4469769,0,0,0,0,1,0,0,0,1,0,0,2023-08-15,0,1.0,1.0,1.0
TXN_9452261,1,0,0,0,0,0,0,0,1,0,0,2023-11-29,0,1.0,0.5,0.5833333333333333
TXN_7347515,0,0,0,0,0,0,1,0,0,0,1,2023-04-25,1,0.5,0.75,0.4583333333333333
TXN_1940330,0,0,0,0,0,0,0,1,0,0,1,2023-01-12,0,0.75,0.125,0.20833333333333331
TXN_1576355,0,1,0,0,0,0,0,0,0,0,1,2023-10-20,0,0.75,0.25,0.29166666666666663
TXN_8615635,0,0,1,0,0,0,0,0,0,1,0,2023-01-12,0,0.75,0.0,0.125
TXN_9511794,0,0,1,0,0,0,0,0,1,0,0,2023-06-10,1,0.0,0.0,0.0
TXN_9024781,0,0,0,0,0,0,1,0,1,0,0,2023-09-12,0,0.75,0.75,0.625
TXN_7771526,0,0,0,1,0,0,0,0,1,0,0,2023-04-28,0,0.0,0.5,0.08333333333333333
TXN_7070302,0,0,0,0,1,0,0,0,0,1,0,2023-04-30,0,0.5,1.0,0.5833333333333333
TXN_6511228,0,0,0,0,1,0,0,0,0,1,0,2023-11-01,0,0.75,1.0,0.7916666666666666
TXN_5320512,0,0,0,0,0,0,0,1,0,1,0,2023-04-25,0,1.0,0.125,0.2708333333333333
TXN_2972777,0,0,0,1,0,0,0,0,0,1,0,2023-04-08,1,0.75,0.5,0.4583333333333333
TXN_8591813,0,1,0,0,0,0,0,0,1,0,0,2023-10-31,1,0.5,0.25,0.20833333333333331
TXN_4095768,0,0,0,0,1,0,0,0,0,0,1,2023-06-18,0,1.0,1.0,1.0
TXN_9107508,0,1,0,0,0,0,0,0,0,0,1,2023-06-06,1,0.0,0.25,0.041666666666666664
TXN_2791987,0,0,0,0,0,0,1,0,0,1,0,2023-06-23,1,0.0,0.75,0.125
TXN_6045577,0,1,0,0,0,0,0,0,0,1,0,2023-07-06,0,0.5,0.25,0.20833333333333331
TXN_5534944,0,0,0,0,0,0,0,1,0,1,0,2023-01-26,1,1.0,0.125,0.2708333333333333
TXN_7887682,0,1,0,0,0,0,0,0,0,1,0,2023-06-17,1,0.25,0.25,0.125
TXN_5037517,0,0,0,0,0,1,0,0,0,1,0,2023-06-01,0,1.0,0.75,0.7916666666666666
TXN_6805091,0,0,0,0,0,0,1,0,1,0,0,2023-12-28,1,0.25,0.75,0.29166666666666663
TXN_5839300,1,0,0,0,0,0,0,0,0,1,0,2023-07-01,1,0.0,0.5,0.08333333333333333
TXN_7801115,0,0,0,0,0,0,0,1,1,0,0,2023-12-18,0,0.0,0.125,0.020833333333333332
TXN_4753853,0,0,0,1,0,0,0,0,0,1,0,2023-05-07,1,1.0,0.5,0.5833333333333333
TXN_7145259,0,0,0,1,0,0,0,0,0,0,1,2023-11-11,0,0.25,0.5,0.20833333333333331
TXN_2817018,0,0,0,0,0,1,0,0,0,1,0,2023-04-25,1,0.5,0.75,0.4583333333333333
TXN_6762490,0,0,0,1,0,0,0,0,1,0,0,2023-05-03,0,1.0,0.5,0.5833333333333333
TXN_9705872,0,0,1,0,0,0,0,0,1,0,0,2023-12-24,0,0.5,0.0,0.08333333333333333
TXN_6012446,0,0,0,0,0,0,1,0,1,0,0,2023-07-20,1,0.75,0.75,0.625
TXN_8936086,0,0,0,0,0,1,0,0,1,0,0,2023-11-27,0,0.75,0.75,0.625
TXN_4135134,0,0,1,0,0,0,0,0,0,1,0,2023-08-11,1,1.0,0.0,0.16666666666666666
TXN_7808032,0,0,1,0,0,0,0,0,1,0,0,2023-12-19,1,0.75,0.0,0.125
TXN_2212234,0,0,0,1,0,0,0,0,1,0,0,2023-12-22,0,0.25,0.5,0.20833333333333331
TXN_8611918,0,0,0,0,1,0,0,0,1,0,0,2023-06-27,1,0.5,1.0,0.5833333333333333
TXN_5115009,1,0,0,0,0,0,0,0,1,0,0,2023-02-21,1,0.75,0.5,0.4583333333333333
TXN_9827492,0,0,0,0,0,0,0,1,0,1,0,2023-07-13,0,0.5,0.125,0.14583333333333331
TXN_6344003,1,0,0,0,0,0,0,0,1,0,0,2023-12-22,0,0.0,0.5,0.08333333333333333
TXN_1993155,0,0,0,1,0,0,0,0,1,0,0,2023-05-23,1,0.0,0.5,0.08333333333333333
TXN_4566012,0,0,1,0,0,0,0,0,0,1,0,2023-05-10,1,1.0,0.0,0.16666666666666666
TXN_1030539,1,0,0,0,0,0,0,0,1,0,0,2023-11-06,1,0.5,0.5,0.3333333333333333
TXN_3830605,0,1,0,0,0,0,0,0,0,0,1,2023-12-07,1,0.0,0.25,0.041666666666666664
TXN_5052515,0,0,0,0,0,0,0,1,1,0,0,2023-09-19,0,0.0,0.125,0.020833333333333332
TXN_5125382,0,1,0,0,0,0,0,0,0,0,1,2023-12-26,0,0.0,0.25,0.041666666666666664
TXN_5015183,1,0,0,0,0,0,0,0,1,0,0,2023-08-29,0,0.25,0.5,0.20833333333333331
TXN_1661068,0,0,0,0,1,0,0,0,1,0,0,2023-04-09,1,0.5,1.0,0.5833333333333333
TXN_9549381,0,0,0,1,0,0,0,0,0,0,1,2023-11-23,0,0.0,0.5,0.08333333333333333
TXN_7812084,0,0,0,0,0,1,0,0,1,0,0,2023-01-17,0,0.75,0.75,0.625
TXN_1694364,0,0,0,0,0,1,0,0,1,0,0,2023-06-10,1,0.5,0.75,0.4583333333333333
TXN_4191925,0,1,0,0,0,0,0,0,1,0,0,2023-10-21,1,0.25,0.25,0.125
TXN_2258091,0,0,0,1,0,0,0,0,0,1,0,2023-10-11,0,0.25,0.5,0.20833333333333331
TXN_6482262,0,0,0,1,0,0,0,0,0,1,0,2023-05-13,1,0.5,0.5,0.3333333333333333
TXN_1951166,0,0,0,0,0,0,0,1,0,1,0,2023-08-28,1,0.25,0.125,0.08333333333333333
TXN_4552615,1,0,0,0,0,0,0,0,1,0,0,2023-04-09,1,0.25,0.5,0.20833333333333331
TXN_6745856,1,0,0,0,0,0,0,0,1,0,0,2023-06-16,0,0.75,0.5,0.4583333333333333
TXN_4898949,0,0,0,0,1,0,0,0,0,1,0,2023-09-18,0,0.0,1.0,0.16666666666666666
TXN_7027560,0,0,0,0,0,0,0,1,0,0,1,2023-10-05,0,1.0,0.125,0.2708333333333333
TXN_9646000,0,1,0,0,0,0,0,0,1,0,0,2023-12-14,0,0.25,1.0,0.16666666666666666
TXN_2338426,0,1,0,0,0,0,0,0,0,1,0,2023-05-07,1,0.25,0.25,0.125
TXN_3369191,0,0,1,0,0,0,0,0,1,0,0,2023-02-07,1,1.0,0.0,0.16666666666666666
TXN_5551020,0,0,0,0,0,1,0,0,0,1,0,2023-01-31,0,0.25,0.75,0.29166666666666663
TXN_9269683,0,0,0,0,0,1,0,0,0,0,1,2023-09-26,1,1.0,0.75,0.7916666666666666
TXN_9287350,0,0,0,0,0,0,1,0,0,0,1,2023-01-28,0,0.25,0.75,0.29166666666666663
TXN_6541809,0,0,0,0,0,0,0,1,0,0,1,2023-05-01,0,0.5,0.125,0.14583333333333331
TXN_4398750,0,0,0,0,0,1,0,0,1,0,0,2023-05-28,0,0.25,0.75,0.29166666666666663
TXN_7493097,1,0,0,0,0,0,0,0,0,1,0,2023-11-04,1,1.0,0.5,0.5833333333333333
TXN_9850541,0,0,1,0,0,0,0,0,1,0,0,2023-09-02,1,0.75,0.0,0.125
TXN_4262142,1,0,0,0,0,0,0,0,1,0,0,2023-01-02,1,0.25,0.5,0.20833333333333331
TXN_7153313,0,0,0,0,0,0,0,1,1,0,0,2023-12-29,0,0.0,0.125,0.020833333333333332
TXN_8581124,0,0,0,0,1,0,0,0,0,1,0,2023-05-08,1,0.25,1.0,0.375
TXN_3589218,0,0,0,0,1,0,0,0,0,1,0,2023-06-21,0,0.25,1.0,0.375
TXN_7303515,0,0,0,0,1,0,0,0,1,0,0,2023-05-29,0,0.75,1.0,0.7916666666666666
TXN_2586183,0,0,1,0,0,0,0,0,1,0,0,2023-09-04,0,0.25,0.0,0.041666666666666664
TXN_2436779,1,0,0,0,0,0,0,0,0,1,0,2023-05-24,1,0.0,0.5,0.08333333333333333
TXN_4001763,0,0,0,1,0,0,0,0,0,0,1,2023-05-11,1,0.5,0.5,0.3333333333333333
TXN_9317529,0,0,0,1,0,0,0,0,0,1,0,2023-07-10,1,0.75,0.5,0.4583333333333333
TXN_6974587,0,0,0,0,1,0,0,0,1,0,0,2023-06-16,0,0.5,1.0,0.5833333333333333
TXN_4379467,0,0,0,0,0,0,0,1,1,0,0,2023-06-16,0,0.0,0.125,0.020833333333333332
TXN_2719734,1,0,0,0,0,0,0,0,0,0,1,2023-05-22,0,1.0,0.5,0.5833333333333333
TXN_2887332,0,0,0,0,0,1,0,0,0,0,1,2023-11-16,1,1.0,0.75,0.7916666666666666
TXN_8566668,0,0,0,0,0,1,0,0,0,0,1,2023-02-12,0,1.0,0.75,0.7916666666666666
TXN_8284384,0,0,0,1,0,0,0,0,0,0,1,2023-06-05,1,0.25,0.5,0.20833333333333331
TXN_2139240,0,0,0,0,0,1,0,0,0,0,1,2023-04-06,0,0.75,0.75,0.625
TXN_5454841,0,0,1,0,0,0,0,0,0,0,1,2023-06-04,1,1.0,0.0,0.16666666666666666
TXN_8104431,0,0,0,0,0,0,0,1,0,1,0,2023-03-07,0,1.0,0.125,0.2708333333333333
TXN_5141000,0,0,0,0,0,0,1,0,0,0,1,2023-06-16,1,0.75,0.75,0.625
TXN_2508499,0,0,0,0,0,0,0,1,0,1,0,2023-02-22,0,0.5,0.125,0.14583333333333331
TXN_4571510,0,0,0,0,0,0,1,0,1,0,0,2023-11-19,1,0.5,0.75,0.4583333333333333
TXN_4742476,0,1,0,0,0,0,0,0,1,0,0,2023-10-27,0,0.25,0.25,0.125
TXN_8510436,1,0,0,0,0,0,0,0,0,0,1,2023-07-19,0,0.0,0.5,0.08333333333333333
TXN_7509630,0,0,1,0,0,0,0,0,1,0,0,2023-04-20,0,0.5,0.0,0.08333333333333333
TXN_5276301,1,0,0,0,0,0,0,0,1,0,0,2023-03-13,1,0.5,0.5,0.3333333333333333
TXN_4977130,0,0,0,0,0,1,0,0,0,0,1,2023-07-08,0,0.0,0.75,0.125
TXN_4293196,0,0,1,0,0,0,0,0,1,0,0,2023-06-17,0,0.5,0.0,0.08333333333333333
TXN_9284099,1,0,0,0,0,0,0,0,0,0,1,2023-07-20,0,0.25,0.5,0.20833333333333331
TXN_1900411,0,0,0,0,1,0,0,0,0,0,1,2023-09-24,1,0.5,1.0,0.5833333333333333
TXN_7454416,0,0,0,0,0,0,0,1,0,1,0,2023-12-07,1,0.0,0.125,0.020833333333333332
TXN_4178899,0,1,0,0,0,0,0,0,1,0,0,2023-04-05,1,0.25,0.25,0.125
TXN_9027002,0,0,0,0,0,0,1,0,0,1,0,2023-12-31,1,0.75,0.75,0.625
TXN_6587399,0,0,0,0,0,0,1,0,0,1,0,2023-08-08,1,0.0,0.75,0.125
TXN_7179013,0,0,0,1,0,0,0,0,0,1,0,2023-05-06,0,1.0,0.5,0.5833333333333333
TXN_7694559,0,0,1,0,0,0,0,0,1,0,0,2023-05-05,1,0.5,0.0,0.08333333333333333
TXN_4391496,0,0,0,0,0,1,0,0,1,0,0,2023-02-20,0,0.0,0.75,0.125
TXN_5668193,0,1,0,0,0,0,0,0,1,0,0,2023-08-14,1,1.0,0.25,0.375
TXN_1448501,1,0,0,0,0,0,0,0,0,1,0,2023-09-10,1,0.75,0.5,0.4583333333333333
TXN_7139869,0,0,0,0,0,0,0,1,1,0,0,2023-06-22,0,0.0,0.125,0.020833333333333332
TXN_6419668,0,0,0,0,0,1,0,0,0,1,0,2023-04-29,0,0.5,0.75,0.4583333333333333
TXN_8810001,0,0,0,0,0,0,1,0,0,0,1,2023-12-23,1,1.0,0.75,0.7916666666666666
TXN_5647773,0,0,0,0,1,0,0,0,0,0,1,2023-07-20,0,0.25,1.0,0.375
TXN_4439120,0,0,1,0,0,0,0,0,0,1,0,2023-03-31,0,0.25,0.0,0.041666666666666664
TXN_4613510,1,0,0,0,0,0,0,0,0,1,0,2023-02-16,1,1.0,0.5,0.5833333333333333
TXN_7937275,1,0,0,0,0,0,0,0,0,1,0,2023-09-18,0,0.75,0.5,0.4583333333333333
TXN_7565052,0,0,0,0,0,0,1,0,0,0,1,2023-06-18,0,1.0,0.75,0.7916666666666666
TXN_2044375,0,0,0,0,1,0,0,0,1,0,0,2023-01-05,1,0.0,1.0,0.16666666666666666
TXN_1772692,0,0,0,0,0,0,1,0,1,0,0,2023-09-05,0,0.5,0.75,0.4583333333333333
TXN_6399545,0,0,0,0,0,1,0,0,0,1,0,2023-03-22,1,0.75,0.75,0.625
TXN_2980279,1,0,0,0,0,0,0,0,0,0,1,2023-04-23,1,0.0,0.5,0.08333333333333333
TXN_6286062,0,1,0,0,0,0,0,0,0,1,0,2023-10-22,1,0.0,0.25,0.041666666666666664
TXN_4049031,0,1,0,0,0,0,0,0,0,0,1,2023-08-22,0,1.0,0.25,0.375
TXN_1328968,0,0,0,0,0,0,0,1,0,1,0,2023-06-28,0,0.0,0.125,0.020833333333333332
TXN_8549381,0,0,0,0,0,0,1,0,0,0,1,2023-02-06,1,1.0,0.75,0.7916666666666666
TXN_2080228,0,0,0,1,0,0,0,0,0,1,0,2023-06-21,0,0.0,0.5,0.08333333333333333
TXN_7416880,1,0,0,0,0,0,0,0,0,1,0,2023-07-20,0,0.0,0.5,0.08333333333333333
TXN_1360379,0,0,0,0,0,0,0,1,0,1,0,2023-08-23,0,0.0,0.125,0.020833333333333332
TXN_9617454,0,0,0,0,0,0,1,0,0,0,1,2023-08-22,1,0.0,0.75,0.125
TXN_6421446,1,0,0,0,0,0,0,0,1,0,0,2023-09-17,1,0.25,0.5,0.20833333333333331
TXN_6272674,0,1,0,0,0,0,0,0,1,0,0,2023-09-12,0,0.5,0.25,0.20833333333333331
TXN_6805882,0,0,1,0,0,0,0,0,1,0,0,2023-09-04,0,0.75,0.0,0.125
TXN_1475459,0,0,0,0,0,0,0,1,0,0,1,2023-11-09,1,0.75,0.125,0.20833333333333331
TXN_2825812,1,0,0,0,0,0,0,0,1,0,0,2023-06-26,1,0.5,0.5,0.3333333333333333
TXN_5380198,1,0,0,0,0,0,0,0,1,0,0,2023-08-27,0,0.5,0.5,0.3333333333333333
TXN_5398922,0,0,0,0,1,0,0,0,1,0,0,2023-01-10,0,0.0,1.0,0.16666666666666666
TXN_3458602,1,0,0,0,0,0,0,0,1,0,0,2023-11-18,0,0.25,0.5,0.20833333333333331
TXN_6571440,0,0,0,0,0,0,1,0,0,1,0,2023-01-18,1,0.25,0.75,0.29166666666666663
TXN_1368769,0,0,1,0,0,0,0,0,0,1,0,2023-06-02,1,0.5,0.0,0.08333333333333333
TXN_4343848,0,0,1,0,0,0,0,0,0,1,0,2023-07-16,1,1.0,0.0,0.16666666666666666
TXN_7656355,0,0,0,0,0,1,0,0,0,1,0,2023-09-11,1,0.5,0.75,0.4583333333333333
TXN_4434005,0,0,1,0,0,0,0,0,0,0,1,2023-03-20,0,0.0,0.0,0.0
TXN_7975760,0,0,0,1,0,0,0,0,0,0,1,2023-12-02,0,0.5,0.5,0.3333333333333333
TXN_9177867,0,0,0,0,0,0,0,1,0,0,1,2023-09-14,1,0.5,0.125,0.14583333333333331
TXN_8158986,0,0,1,0,0,0,0,0,0,1,0,2023-12-10,0,1.0,0.0,0.16666666666666666
TXN_9882625,0,0,0,0,0,1,0,0,1,0,0,2023-03-26,0,0.0,0.75,0.125
TXN_8937461,0,0,1,0,0,0,0,0,0,0,1,2023-12-22,0,1.0,0.0,0.16666666666666666
TXN_2485272,0,0,0,0,0,0,0,1,0,0,1,2023-06-30,1,0.75,0.125,0.20833333333333331
TXN_4085337,0,0,0,0,0,0,1,0,0,0,1,2023-10-25,0,0.5,0.75,0.4583333333333333
TXN_6838802,0,1,0,0,0,0,0,0,0,0,1,2023-08-29,1,0.0,0.25,0.041666666666666664
TXN_2114182,0,0,1,0,0,0,0,0,0,0,1,2023-07-28,0,0.5,0.0,0.08333333333333333
TXN_8417552,0,1,0,0,0,0,0,0,0,0,1,2023-12-09,1,0.0,0.25,0.041666666666666664
TXN_4126189,0,0,0,0,0,0,0,1,0,1,0,2023-09-30,0,0.0,0.125,0.020833333333333332
TXN_1892454,0,0,0,1,0,0,0,0,1,0,0,2023-07-19,0,0.0,0.5,0.08333333333333333
TXN_9592941,0,0,0,0,0,0,0,1,0,0,1,2023-04-08,0,1.0,0.125,0.2708333333333333
TXN_1063342,0,0,0,0,0,1,0,0,1,0,0,2023-01-13,0,1.0,0.75,0.7916666666666666
TXN_4407203,0,0,1,0,0,0,0,0,1,0,0,2023-08-21,1,0.75,0.0,0.125
TXN_7153885,0,0,0,0,1,0,0,0,0,1,0,2023-05-22,0,0.0,1.0,0.16666666666666666
TXN_1917388,1,0,0,0,0,0,0,0,0,0,1,2023-04-15,1,0.25,0.5,0.20833333333333331
TXN_5279972,0,0,0,0,0,0,1,0,0,1,0,2023-01-07,1,0.75,0.75,0.625
TXN_6953244,0,0,0,0,0,0,1,0,1,0,0,2023-09-13,1,1.0,0.75,0.7916666666666666
TXN_5347792,0,0,0,0,1,0,0,0,0,0,1,2023-02-10,0,0.5,1.0,0.5833333333333333
TXN_4876195,0,0,0,0,0,0,0,1,1,0,0,2023-04-30,0,0.25,0.125,0.08333333333333333
TXN_1574190,0,0,0,0,0,0,1,0,0,0,1,2023-12-17,0,0.5,0.75,0.4583333333333333
TXN_4829492,1,0,0,0,0,0,0,0,0,1,0,2023-01-09,1,0.25,0.5,0.20833333333333331
TXN_9550629,0,0,0,0,0,0,1,0,0,1,0,2023-02-06,0,0.0,0.75,0.125
TXN_6470865,0,1,0,0,0,0,0,0,0,0,1,2023-09-18,1,0.75,0.25,0.125
TXN_3986639,0,0,0,0,1,0,0,0,0,1,0,2023-10-09,0,0.0,1.0,0.16666666666666666
TXN_3227673,0,0,1,0,0,0,0,0,1,0,0,2023-10-13,0,0.0,0.0,0.0
TXN_2915287,0,0,0,0,1,0,0,0,0,0,1,2023-01-16,1,0.0,1.0,0.16666666666666666
TXN_2513558,0,0,0,1,0,0,0,0,0,0,1,2023-10-11,0,0.75,0.5,0.4583333333333333
TXN_7460497,1,0,0,0,0,0,0,0,1,0,0,2023-11-13,0,1.0,0.5,0.5833333333333333
TXN_1607471,0,0,0,0,0,1,0,0,0,1,0,2023-01-03,1,0.25,0.75,0.29166666666666663
TXN_1244739,0,0,0,0,1,0,0,0,0,1,0,2023-09-13,1,0.25,1.0,0.375
TXN_7878672,0,1,0,0,0,0,0,0,1,0,0,2023-10-25,0,0.0,0.25,0.041666666666666664
TXN_6807913,0,0,0,1,0,0,0,0,0,1,0,2023-01-22,1,0.5,0.5,0.3333333333333333
TXN_6438869,0,0,0,1,0,0,0,0,0,1,0,2023-10-30,1,1.0,0.5,0.5833333333333333
TXN_1047204,0,0,1,0,0,0,0,0,0,0,1,2023-04-13,1,0.5,0.0,0.08333333333333333
TXN_6017458,0,0,0,0,1,0,0,0,0,1,0,2023-04-23,1,1.0,1.0,1.0
TXN_4311086,1,0,0,0,0,0,0,0,0,0,1,2023-10-10,0,0.75,0.5,0.4583333333333333
TXN_1075446,0,0,1,0,0,0,0,0,0,1,0,2023-07-17,0,0.75,0.0,0.125
TXN_8958723,0,0,0,0,0,1,0,0,0,0,1,2023-11-12,1,0.75,0.75,0.625
TXN_2206740,0,1,0,0,0,0,0,0,0,0,1,2023-06-07,1,0.5,0.25,0.20833333333333331
TXN_2337113,0,1,0,0,0,0,0,0,0,0,1,2023-11-19,1,0.0,0.25,0.041666666666666664
TXN_2417721,0,1,0,0,0,0,0,0,0,1,0,2023-10-20,1,0.75,0.25,0.29166666666666663
TXN_5808539,0,0,0,0,0,1,0,0,0,0,1,2023-06-30,1,0.0,0.75,0.125
TXN_6574910,0,0,1,0,0,0,0,0,0,0,1,2023-09-13,1,0.0,0.0,0.0
TXN_5342900,1,0,0,0,0,0,0,0,1,0,0,2023-07-12,0,1.0,0.5,0.5833333333333333
TXN_8949453,0,0,0,0,0,1,0,0,0,0,1,2023-11-13,1,1.0,0.75,0.7916666666666666
TXN_2853459,0,0,0,0,0,0,0,1,1,0,0,2023-08-14,1,0.75,0.125,0.20833333333333331
TXN_3379182,0,0,0,1,0,0,0,0,1,0,0,2023-06-03,1,0.75,0.5,0.4583333333333333
TXN_9629448,0,0,0,0,0,0,0,1,0,0,1,2023-02-22,0,0.25,0.125,0.08333333333333333
TXN_8233101,0,0,0,0,1,0,0,0,1,0,0,2023-02-12,0,0.25,1.0,0.375
TXN_1247244,0,0,0,0,0,1,0,0,0,0,1,2023-12-27,0,0.0,0.75,0.125
TXN_4292280,1,0,0,0,0,0,0,0,1,0,0,2023-01-01,1,0.75,0.5,0.4583333333333333
TXN_3670476,0,0,0,0,0,0,0,1,1,0,0,2023-03-25,1,0.5,0.125,0.14583333333333331
TXN_4506936,0,0,1,0,0,0,0,0,0,1,0,2023-03-20,1,0.0,0.0,0.0
TXN_4009914,0,0,0,0,0,1,0,0,0,1,0,2023-11-01,0,0.25,0.75,0.29166666666666663
TXN_2827994,1,0,0,0,0,0,0,0,0,0,1,2023-12-04,0,1.0,0.5,0.5833333333333333
TXN_5342051,0,0,0,0,0,1,0,0,1,0,0,2023-04-21,0,0.5,0.75,0.4583333333333333
TXN_7924635,0,0,0,0,0,0,1,0,0,0,1,2023-02-21,1,1.0,0.75,0.7916666666666666
TXN_5958999,0,0,0,0,0,0,0,1,0,0,1,2023-04-13,0,0.25,0.125,0.08333333333333333
TXN_9098841,1,0,0,0,0,0,0,0,0,1,0,2023-08-07,1,0.0,0.5,0.08333333333333333
TXN_9723314,0,1,0,0,0,0,0,0,1,0,0,2023-10-10,0,0.75,0.25,0.29166666666666663
TXN_2311186,0,0,0,0,0,0,1,0,0,0,1,2023-07-16,1,0.5,0.75,0.4583333333333333
TXN_8061460,0,0,0,0,0,1,0,0,0,1,0,2023-11-21,1,0.5,0.75,0.4583333333333333
TXN_4659573,1,0,0,0,0,0,0,0,0,0,1,2023-05-15,1,1.0,0.5,0.5833333333333333
TXN_3920436,0,0,0,1,0,0,0,0,0,0,1,2023-11-19,0,0.25,0.5,0.20833333333333331
TXN_5514988,0,0,1,0,0,0,0,0,0,1,0,2023-01-26,0,1.0,0.0,0.16666666666666666
TXN_7825638,0,0,0,1,0,0,0,0,1,0,0,2023-12-09,0,0.75,0.5,0.4583333333333333
TXN_8710758,0,0,0,0,0,1,0,0,0,1,0,2023-01-12,0,0.5,0.75,0.4583333333333333
TXN_4873180,0,0,0,0,0,0,0,1,0,0,1,2023-01-17,0,1.0,0.125,0.2708333333333333
TXN_9643918,0,0,1,0,0,0,0,0,0,1,0,2023-07-21,0,0.5,0.0,0.08333333333333333
TXN_9997620,0,0,1,0,0,0,0,0,1,0,0,2023-12-11,1,0.25,0.0,0.041666666666666664
TXN_2830671,0,0,0,0,0,1,0,0,1,0,0,2023-11-08,1,0.0,0.75,0.125
TXN_7876619,1,0,0,0,0,0,0,0,1,0,0,2023-09-27,0,0.25,0.5,0.20833333333333331
TXN_5898238,0,1,0,0,0,0,0,0,0,1,0,2023-06-29,0,1.0,0.25,0.375
TXN_5337074,0,0,1,0,0,0,0,0,0,1,0,2023-01-12,0,0.5,0.0,0.08333333333333333
TXN_9774186,0,0,0,0,0,0,0,1,1,0,0,2023-07-03,0,0.5,0.125,0.14583333333333331
TXN_8619494,0,1,0,0,0,0,0,0,0,0,1,2023-11-22,0,0.25,0.25,0.125
TXN_7268802,0,0,0,0,1,0,0,0,0,0,1,2023-04-10,1,0.25,1.0,0.375
TXN_3894735,0,0,0,1,0,0,0,0,0,1,0,2023-03-10,0,1.0,0.5,0.5833333333333333
TXN_1842981,0,0,0,0,0,0,0,1,0,1,0,2023-04-12,1,1.0,0.125,0.2708333333333333
TXN_1720238,0,0,0,0,1,0,0,0,0,0,1,2023-05-08,1,1.0,1.0,1.0
TXN_8520687,0,0,0,0,1,0,0,0,0,1,0,2023-04-21,1,1.0,1.0,1.0
TXN_5793417,0,0,0,0,0,1,0,0,0,0,1,2023-12-29,0,0.25,0.75,0.29166666666666663
TXN_2927909,1,0,0,0,0,0,0,0,0,1,0,2023-10-04,1,0.75,0.5,0.4583333333333333
TXN_3412484,1,0,0,0,0,0,0,0,0,1,0,2023-09-06,1,0.75,0.5,0.4583333333333333
TXN_3754190,0,0,0,1,0,0,0,0,0,0,1,2023-10-16,0,0.5,0.5,0.3333333333333333
TXN_4048203,0,0,0,0,0,0,1,0,0,0,1,2023-12-13,1,0.25,0.75,0.29166666666666663
TXN_9181224,0,0,0,0,0,1,0,0,1,0,0,2023-11-07,0,1.0,0.75,0.7916666666666666
TXN_6841304,1,0,0,0,0,0,0,0,0,1,0,2023-03-13,1,0.0,0.5,0.08333333333333333
TXN_2156454,0,0,1,0,0,0,0,0,0,1,0,2023-08-17,0,1.0,0.0,0.16666666666666666
TXN_2001807,0,0,0,0,0,0,1,0,1,0,0,2023-08-10,0,1.0,0.75,0.7916666666666666
TXN_4781960,0,0,0,1,0,0,0,0,0,0,1,2023-03-28,1,0.0,0.5,0.08333333333333333
TXN_4381404,0,0,0,0,1,0,0,0,1,0,0,2023-08-15,1,1.0,1.0,1.0
TXN_8406851,1,0,0,0,0,0,0,0,1,0,0,2023-09-09,0,0.25,0.5,0.20833333333333331
TXN_3982257,0,1,0,0,0,0,0,0,0,0,1,2023-07-23,1,0.25,0.25,0.125
TXN_1463795,0,1,0,0,0,0,0,0,0,1,0,2023-08-04,0,1.0,0.25,0.375
TXN_7454894,0,0,0,0,0,0,0,1,1,0,0,2023-07-25,1,0.0,0.125,0.020833333333333332
TXN_5930304,0,0,0,0,0,1,0,0,0,0,1,2023-11-02,1,0.25,0.75,0.29166666666666663
TXN_4249989,0,1,0,0,0,0,0,0,0,0,1,2023-01-22,1,0.75,0.25,0.29166666666666663
TXN_2957017,0,0,0,0,0,1,0,0,1,0,0,2023-06-13,0,1.0,0.75,0.7916666666666666
TXN_2733833,1,0,0,0,0,0,0,0,1,0,0,2023-09-09,0,0.75,0.5,0.4583333333333333
TXN_6585794,0,0,0,0,0,0,1,0,0,1,0,2023-02-15,0,1.0,0.75,0.7916666666666666
TXN_5721846,0,0,1,0,0,0,0,0,1,0,0,2023-04-14,1,0.5,0.0,0.08333333333333333
TXN_6487493,0,0,0,0,1,0,0,0,1,0,0,2023-03-13,0,0.5,1.0,0.5833333333333333
TXN_4476636,0,1,0,0,0,0,0,0,0,1,0,2023-08-23,0,0.5,0.25,0.20833333333333331
TXN_1197495,0,0,0,1,0,0,0,0,0,1,0,2023-05-14,1,1.0,0.5,0.5833333333333333
TXN_9395087,0,0,0,0,0,0,0,1,1,0,0,2023-06-12,0,0.0,0.125,0.020833333333333332
TXN_4477559,0,0,0,1,0,0,0,0,0,1,0,2023-10-02,0,1.0,0.5,0.5833333333333333
TXN_5542033,0,0,0,0,0,1,0,0,0,0,1,2023-06-26,1,0.5,0.75,0.4583333333333333
TXN_8850984,0,0,0,0,0,1,0,0,1,0,0,2023-05-27,1,0.5,0.75,0.4583333333333333
TXN_1710823,0,0,0,0,1,0,0,0,0,1,0,2023-01-27,1,0.25,1.0,0.375
TXN_6575440,0,0,0,0,0,0,0,1,1,0,0,2023-02-05,0,0.0,0.125,0.020833333333333332
TXN_5225537,0,0,0,0,0,0,0,1,0,0,1,2023-11-04,0,1.0,0.125,0.2708333333333333
TXN_1583315,0,0,1,0,0,0,0,0,0,1,0,2023-10-17,1,0.5,0.0,0.08333333333333333
TXN_8130122,0,0,0,0,0,1,0,0,1,0,0,2023-10-23,0,0.25,0.75,0.29166666666666663
TXN_3587444,0,0,0,1,0,0,0,0,0,1,0,2023-02-03,1,0.25,0.5,0.20833333333333331
TXN_7053280,0,1,0,0,0,0,0,0,0,1,0,2023-05-28,0,1.0,0.25,0.375
TXN_9407000,0,0,0,0,0,1,0,0,0,1,0,2023-10-03,1,0.75,0.75,0.625
TXN_3017917,0,0,1,0,0,0,0,0,0,1,0,2023-08-31,1,0.5,0.0,0.08333333333333333
TXN_8090925,0,0,1,0,0,0,0,0,0,0,1,2023-07-11,0,0.5,0.0,0.08333333333333333
TXN_7738013,0,0,0,0,1,0,0,0,0,1,0,2023-11-28,1,1.0,1.0,1.0
TXN_8542781,1,0,0,0,0,0,0,0,0,0,1,2023-05-18,0,0.25,0.5,0.20833333333333331
TXN_6617283,0,0,0,0,0,0,0,1,0,0,1,2023-06-09,1,0.75,0.125,0.20833333333333331
TXN_1461221,0,0,0,0,1,0,0,0,1,0,0,2023-04-30,0,0.25,1.0,0.375
TXN_2056358,0,1,0,0,0,0,0,0,1,0,0,2023-09-17,0,0.5,0.25,0.20833333333333331
TXN_1858674,0,0,0,0,0,0,1,0,1,0,0,2023-04-09,0,0.25,0.75,0.29166666666666663
TXN_2251009,0,0,1,0,0,0,0,0,0,1,0,2023-04-02,0,1.0,0.0,0.16666666666666666
TXN_5616473,0,0,0,0,0,1,0,0,1,0,0,2023-07-28,0,0.75,0.75,0.625
TXN_7022398,0,0,0,0,0,1,0,0,0,0,1,2023-12-23,0,0.75,0.75,0.625
TXN_2615514,0,0,1,0,0,0,0,0,0,0,1,2023-07-19,1,1.0,0.0,0.16666666666666666
TXN_7379939,0,0,1,0,0,0,0,0,1,0,0,2023-04-21,1,0.0,0.0,0.0
TXN_7331525,1,0,0,0,0,0,0,0,1,0,0,2023-03-13,1,0.25,0.5,0.20833333333333331
TXN_1004184,0,0,0,0,0,0,1,0,0,1,0,2023-05-18,0,0.0,0.75,0.125
TXN_4141868,0,0,0,0,0,0,0,1,0,1,0,2023-02-08,1,0.5,0.125,0.14583333333333331
TXN_9871971,0,0,0,0,0,0,1,0,0,0,1,2023-10-06,1,0.5,0.75,0.4583333333333333
TXN_4168771,0,1,0,0,0,0,0,0,0,0,1,2023-08-02,0,1.0,0.25,0.375
TXN_6328925,0,0,0,0,1,0,0,0,0,1,0,2023-09-05,1,0.75,1.0,0.7916666666666666
TXN_1226662,0,0,0,0,1,0,0,0,0,1,0,2023-06-17,0,0.0,1.0,0.16666666666666666
TXN_7562171,0,0,0,0,0,0,0,1,0,1,0,2023-09-02,0,0.0,0.125,0.020833333333333332
TXN_6843677,0,1,0,0,0,0,0,0,1,0,0,2023-09-09,1,0.75,0.25,0.29166666666666663
TXN_2980632,0,0,1,0,0,0,0,0,0,1,0,2023-01-14,1,0.5,0.0,0.08333333333333333
TXN_2609762,0,1,0,0,0,0,0,0,1,0,0,2023-07-26,1,1.0,0.25,0.375
TXN_7253734,0,0,0,0,0,1,0,0,0,0,1,2023-09-28,0,1.0,0.75,0.7916666666666666
TXN_6679600,0,1,0,0,0,0,0,0,0,0,1,2023-03-15,1,0.0,0.25,0.041666666666666664
TXN_8722854,0,0,0,1,0,0,0,0,0,1,0,2023-08-08,1,0.0,0.5,0.08333333333333333
TXN_8279992,0,0,0,1,0,0,0,0,1,0,0,2023-07-03,0,1.0,0.5,0.5833333333333333
TXN_5722123,1,0,0,0,0,0,0,0,0,0,1,2023-11-23,1,0.75,0.5,0.4583333333333333
TXN_3446174,1,0,0,0,0,0,0,0,1,0,0,2023-10-31,1,1.0,0.5,0.5833333333333333
TXN_3518261,0,0,0,0,0,1,0,0,0,0,1,2023-08-05,0,0.25,0.75,0.29166666666666663
TXN_5927925,0,0,0,1,0,0,0,0,0,0,1,2023-11-02,0,0.75,0.5,0.4583333333333333
TXN_5101593,1,0,0,0,0,0,0,0,0,1,0,2023-01-25,1,1.0,0.5,0.5833333333333333
TXN_1578981,1,0,0,0,0,0,0,0,1,0,0,2023-05-15,0,0.0,0.5,0.08333333333333333
TXN_7876388,0,0,1,0,0,0,0,0,1,0,0,2023-10-05,0,0.75,0.0,0.125
TXN_5939363,0,0,0,0,0,0,0,1,0,1,0,2023-02-14,0,1.0,0.125,0.2708333333333333
TXN_1636908,1,0,0,0,0,0,0,0,0,0,1,2023-10-17,0,0.75,0.5,0.4583333333333333
TXN_5221688,0,1,0,0,0,0,0,0,1,0,0,2023-07-03,1,0.25,0.25,0.125
TXN_1196923,0,0,0,0,0,0,1,0,0,0,1,2023-04-27,0,0.25,0.75,0.29166666666666663
TXN_8944698,0,1,0,0,0,0,0,0,0,1,0,2023-09-15,0,0.5,0.25,0.20833333333333331
TXN_8167275,0,0,0,0,1,0,0,0,0,1,0,2023-04-20,1,1.0,1.0,1.0
TXN_2167159,1,0,0,0,0,0,0,0,1,0,0,2023-04-06,1,0.25,0.5,0.20833333333333331
TXN_7811387,0,0,1,0,0,0,0,0,0,1,0,2023-11-30,1,1.0,0.0,0.16666666666666666
TXN_1884923,0,1,0,0,0,0,0,0,0,0,1,2023-05-11,1,0.75,0.25,0.29166666666666663
TXN_8215595,0,0,0,0,0,0,0,1,1,0,0,2023-11-23,1,0.25,0.125,0.08333333333333333
TXN_7618171,1,0,0,0,0,0,0,0,1,0,0,2023-02-09,1,1.0,0.5,0.5833333333333333
TXN_9857674,0,0,0,0,0,0,0,1,0,1,0,2023-06-12,1,1.0,0.125,0.2708333333333333
TXN_7389626,0,0,0,0,0,0,0,1,0,1,0,2023-06-14,0,0.25,0.125,0.08333333333333333
TXN_6035512,1,0,0,0,0,0,0,0,1,0,0,2023-02-19,1,1.0,0.5,0.5833333333333333
TXN_1398769,0,0,0,0,0,0,1,0,1,0,0,2023-06-02,0,0.0,0.75,0.125
TXN_6874354,0,0,0,0,0,1,0,0,0,1,0,2023-03-23,1,0.75,0.75,0.625
TXN_9690711,0,0,1,0,0,0,0,0,0,1,0,2023-09-13,0,0.25,0.0,0.041666666666666664
TXN_5620636,0,0,0,0,0,0,0,1,0,0,1,2023-06-12,0,0.75,0.125,0.20833333333333331
TXN_7234224,1,0,0,0,0,0,0,0,1,0,0,2023-10-31,1,0.5,0.5,0.3333333333333333
TXN_3844347,0,0,0,0,0,1,0,0,1,0,0,2023-10-04,0,0.75,0.75,0.625
TXN_4507533,1,0,0,0,0,0,0,0,0,0,1,2023-08-31,1,0.0,0.5,0.08333333333333333
TXN_7636238,0,0,0,0,0,1,0,0,0,1,0,2023-03-27,0,0.75,0.75,0.625
TXN_8913153,0,0,0,0,0,0,1,0,0,1,0,2023-09-02,1,0.25,0.75,0.29166666666666663
TXN_7595206,0,0,0,0,0,1,0,0,0,1,0,2023-12-02,0,1.0,0.75,0.7916666666666666
TXN_8424592,0,0,0,0,0,0,1,0,0,1,0,2023-11-09,1,0.75,0.75,0.625
TXN_1769882,1,0,0,0,0,0,0,0,0,1,0,2023-03-17,1,0.5,0.5,0.3333333333333333
TXN_2000406,1,0,0,0,0,0,0,0,0,1,0,2023-06-06,0,0.25,0.5,0.20833333333333331
TXN_3105786,0,0,0,0,0,0,1,0,1,0,0,2023-10-04,0,0.5,0.75,0.4583333333333333
TXN_7820220,1,0,0,0,0,0,0,0,0,1,0,2023-03-16,0,0.5,0.5,0.3333333333333333
TXN_5880883,0,0,0,0,0,1,0,0,0,0,1,2023-02-02,0,1.0,0.75,0.7916666666666666
TXN_4447856,0,0,0,0,0,0,1,0,1,0,0,2023-09-11,1,0.25,0.75,0.29166666666666663
TXN_6613909,1,0,0,0,0,0,0,0,0,1,0,2023-06-30,0,0.75,0.5,0.4583333333333333
TXN_5331924,0,0,0,0,0,1,0,0,1,0,0,2023-06-30,1,0.25,0.75,0.29166666666666663
TXN_9090433,0,0,1,0,0,0,0,0,1,0,0,2023-07-12,0,0.25,0.0,0.041666666666666664
TXN_9393467,1,0,0,0,0,0,0,0,1,0,0,2023-09-25,0,1.0,0.5,0.5833333333333333
TXN_9811033,0,0,1,0,0,0,0,0,1,0,0,2023-11-30,1,0.5,0.0,0.08333333333333333
TXN_5452419,0,1,0,0,0,0,0,0,1,0,0,2023-01-25,0,0.75,0.25,0.29166666666666663
TXN_5384343,0,0,0,1,0,0,0,0,0,1,0,2023-03-29,0,0.0,0.5,0.08333333333333333
TXN_6580743,0,1,0,0,0,0,0,0,0,0,1,2023-12-18,1,0.0,0.25,0.041666666666666664
TXN_8361821,0,0,0,0,0,0,0,1,1,0,0,2023-06-30,0,1.0,0.125,0.2708333333333333
TXN_2103626,0,0,0,1,0,0,0,0,1,0,0,2023-04-23,0,0.5,0.5,0.3333333333333333
TXN_1891141,0,0,0,1,0,0,0,0,0,0,1,2023-10-25,0,0.75,0.5,0.4583333333333333
TXN_1252575,0,0,0,0,0,0,0,1,0,0,1,2023-10-16,1,0.0,0.125,0.020833333333333332
TXN_5354721,1,0,0,0,0,0,0,0,0,1,0,2023-09-07,1,1.0,0.5,0.5833333333333333
TXN_6723498,0,0,0,0,1,0,0,0,0,1,0,2023-01-28,1,0.5,1.0,0.5833333333333333
TXN_1852224,0,0,0,0,0,0,0,1,1,0,0,2023-01-06,1,0.75,0.125,0.20833333333333331
TXN_5247378,0,0,0,0,0,1,0,0,0,0,1,2023-06-16,1,0.25,0.75,0.29166666666666663
TXN_8786479,0,1,0,0,0,0,0,0,0,0,1,2023-05-29,1,0.75,0.25,0.29166666666666663
TXN_5108439,0,0,0,0,1,0,0,0,1,0,0,2023-05-06,0,0.25,1.0,0.375
TXN_4993989,0,0,0,0,0,0,1,0,1,0,0,2023-11-15,0,0.25,0.75,0.29166666666666663
TXN_8004510,1,0,0,0,0,0,0,0,1,0,0,2023-12-29,1,0.5,0.5,0.3333333333333333
TXN_8541473,0,1,0,0,0,0,0,0,0,0,1,2023-08-02,0,0.5,0.25,0.20833333333333331
TXN_8917822,1,0,0,0,0,0,0,0,0,0,1,2023-12-12,0,0.25,0.5,0.20833333333333331
TXN_8108731,0,0,0,1,0,0,0,0,1,0,0,2023-08-13,1,1.0,0.5,0.5833333333333333
TXN_4570750,0,1,0,0,0,0,0,0,1,0,0,2023-05-18,1,0.0,0.25,0.041666666666666664
TXN_1190151,0,0,0,1,0,0,0,0,0,0,1,2023-08-14,1,1.0,0.5,0.5833333333333333
TXN_8304002,0,0,0,1,0,0,0,0,0,1,0,2023-05-02,1,0.0,0.5,0.08333333333333333
TXN_4341764,0,1,0,0,0,0,0,0,1,0,0,2023-12-02,0,0.25,0.25,0.125
TXN_1751183,0,0,0,0,0,0,1,0,0,1,0,2023-12-25,0,1.0,0.75,0.7916666666666666
TXN_2112333,0,0,1,0,0,0,0,0,0,1,0,2023-12-28,0,0.25,0.0,0.041666666666666664
TXN_1046384,0,0,0,0,0,0,1,0,1,0,0,2023-06-09,0,0.0,0.75,0.125
TXN_1736630,0,0,0,0,0,0,0,1,0,1,0,2023-07-16,1,1.0,0.125,0.2708333333333333
TXN_8287437,0,0,0,0,0,0,0,1,0,0,1,2023-03-16,1,0.25,0.125,0.08333333333333333
TXN_4153132,0,0,0,0,1,0,0,0,0,0,1,2023-03-21,0,0.5,1.0,0.5833333333333333
TXN_3243410,0,0,0,0,0,0,0,1,0,0,1,2023-10-30,1,0.25,0.125,0.08333333333333333
TXN_3061634,0,1,0,0,0,0,0,0,0,0,1,2023-03-17,1,0.0,0.25,0.041666666666666664
TXN_7433308,0,0,0,0,1,0,0,0,1,0,0,2023-02-14,1,0.75,1.0,0.7916666666666666
TXN_6991736,0,0,0,1,0,0,0,0,0,0,1,2023-11-07,0,0.25,0.5,0.20833333333333331
TXN_7334272,0,0,0,0,0,1,0,0,0,1,0,2023-07-07,1,0.25,0.75,0.29166666666666663
TXN_8120577,1,0,0,0,0,0,0,0,1,0,0,2023-09-08,0,0.5,0.5,0.3333333333333333
TXN_9072093,0,0,1,0,0,0,0,0,0,1,0,2023-03-06,0,0.0,0.0,0.0
TXN_4705417,0,0,0,0,1,0,0,0,0,1,0,2023-12-14,1,1.0,1.0,1.0
TXN_8145970,0,0,0,1,0,0,0,0,0,0,1,2023-10-26,1,1.0,0.5,0.5833333333333333
TXN_1910553,0,0,0,0,0,0,1,0,1,0,0,2023-10-01,1,1.0,0.75,0.7916666666666666
TXN_9115899,1,0,0,0,0,0,0,0,0,1,0,2023-02-23,0,0.25,0.5,0.20833333333333331
TXN_2785563,0,0,0,1,0,0,0,0,1,0,0,2023-11-23,1,1.0,0.5,0.5833333333333333
TXN_6020552,0,0,0,0,0,1,0,0,1,0,0,2023-01-14,1,0.25,0.75,0.29166666666666663
TXN_7970906,0,1,0,0,0,0,0,0,0,0,1,2023-03-07,0,0.75,0.25,0.29166666666666663
TXN_5317458,0,0,0,0,1,0,0,0,0,1,0,2023-01-22,0,0.25,1.0,0.375
TXN_6913384,0,0,0,0,0,0,0,1,0,1,0,2023-09-18,1,0.5,0.125,0.14583333333333331
TXN_1910487,0,0,0,0,0,1,0,0,0,0,1,2023-08-14,0,0.5,0.75,0.4583333333333333
TXN_6142549,0,0,0,1,0,0,0,0,0,0,1,2023-03-12,1,0.5,0.5,0.3333333333333333
TXN_7266318,0,0,0,0,0,1,0,0,0,1,0,2023-01-16,0,0.0,0.75,0.125
TXN_4390911,0,0,0,0,1,0,0,0,0,0,1,2023-12-19,0,0.25,1.0,0.375
TXN_1445532,0,1,0,0,0,0,0,0,1,0,0,2023-03-03,1,0.5,0.25,0.20833333333333331
TXN_8841996,0,0,0,0,0,1,0,0,1,0,0,2023-12-09,0,0.25,0.75,0.29166666666666663
TXN_9814511,0,0,0,1,0,0,0,0,0,1,0,2023-01-05,1,0.0,0.5,0.08333333333333333
TXN_2563505,0,0,0,0,0,1,0,0,1,0,0,2023-10-27,1,0.0,0.75,0.125
TXN_5183674,0,1,0,0,0,0,0,0,0,0,1,2023-04-13,0,0.25,0.25,0.125
TXN_6748199,0,0,0,0,1,0,0,0,1,0,0,2023-07-23,0,0.25,1.0,0.375
TXN_3463281,1,0,0,0,0,0,0,0,0,0,1,2023-10-06,1,1.0,0.5,0.5833333333333333
TXN_5795475,0,0,0,0,0,0,0,1,0,0,1,2023-09-21,0,0.5,0.125,0.14583333333333331
TXN_2322399,0,0,0,0,1,0,0,0,0,1,0,2023-04-15,1,0.75,1.0,0.7916666666666666
TXN_5865534,0,0,0,0,0,0,1,0,0,0,1,2023-10-16,0,0.75,0.75,0.625
TXN_7060144,1,0,0,0,0,0,0,0,0,1,0,2023-11-26,1,1.0,0.5,0.5833333333333333
TXN_5159669,0,0,0,0,0,0,0,1,0,1,0,2023-09-30,0,0.75,0.125,0.20833333333333331
TXN_4268051,0,0,1,0,0,0,0,0,0,0,1,2023-05-05,0,0.0,0.0,0.0
TXN_8120958,0,0,1,0,0,0,0,0,0,1,0,2023-06-21,0,1.0,0.0,0.16666666666666666
TXN_6126149,0,0,0,0,0,0,0,1,0,1,0,2023-11-15,1,0.25,0.125,0.08333333333333333
TXN_5530097,0,0,0,1,0,0,0,0,0,1,0,2023-12-19,1,0.25,0.5,0.20833333333333331
TXN_7805241,0,0,0,0,1,0,0,0,0,1,0,2023-04-16,0,0.75,1.0,0.7916666666666666
TXN_2427834,0,0,0,0,0,0,0,1,0,1,0,2023-06-15,0,0.75,0.125,0.20833333333333331
TXN_6949949,0,0,0,0,1,0,0,0,0,1,0,2023-05-14,1,0.5,1.0,0.5833333333333333
TXN_9094261,0,0,0,1,0,0,0,0,0,0,1,2023-05-15,1,0.25,0.5,0.20833333333333331
TXN_5661323,0,0,1,0,0,0,0,0,0,1,0,2023-05-06,1,0.25,0.0,0.041666666666666664
TXN_2356583,0,0,0,0,0,0,1,0,0,0,1,2023-11-30,0,0.75,0.75,0.625
TXN_4248711,0,0,0,0,0,0,1,0,1,0,0,2023-08-01,1,0.0,0.75,0.125
TXN_6270766,0,0,1,0,0,0,0,0,1,0,0,2023-11-10,0,0.0,0.0,0.0
TXN_9697154,0,0,0,0,0,0,0,1,0,1,0,2023-10-08,0,0.5,0.125,0.14583333333333331
TXN_6381860,0,1,0,0,0,0,0,0,0,0,1,2023-08-21,0,0.0,0.25,0.041666666666666664
TXN_6028331,1,0,0,0,0,0,0,0,1,0,0,2023-10-22,1,0.75,0.5,0.4583333333333333
TXN_8830924,0,0,0,0,0,0,0,1,0,1,0,2023-10-25,0,0.25,0.125,0.08333333333333333
TXN_3866156,0,1,0,0,0,0,0,0,0,0,1,2023-02-28,1,0.75,0.25,0.29166666666666663
TXN_6872833,0,1,0,0,0,0,0,0,0,0,1,2023-11-02,1,0.0,0.25,0.041666666666666664
TXN_6405210,0,1,0,0,0,0,0,0,1,0,0,2023-08-11,1,0.75,0.25,0.29166666666666663
TXN_4740952,0,0,0,0,0,0,0,1,0,1,0,2023-02-21,1,0.75,0.125,0.20833333333333331
TXN_6321174,0,0,0,0,0,0,0,1,0,0,1,2023-12-09,1,0.75,0.125,0.20833333333333331
TXN_5613875,0,0,0,0,0,0,0,1,1,0,0,2023-11-26,0,1.0,0.125,0.2708333333333333
TXN_6052901,0,0,0,0,0,0,1,0,0,1,0,2023-08-16,1,1.0,0.75,0.7916666666666666
TXN_1253619,0,0,0,1,0,0,0,0,0,0,1,2023-05-25,0,1.0,0.5,0.5833333333333333
TXN_5537517,0,0,0,0,0,0,1,0,0,0,1,2023-10-27,1,0.5,0.75,0.4583333333333333
TXN_5496019,0,0,1,0,0,0,0,0,1,0,0,2023-11-26,0,1.0,0.0,0.16666666666666666
TXN_4579666,0,0,0,0,0,0,1,0,0,1,0,2023-10-23,1,0.25,0.75,0.29166666666666663
TXN_6359281,0,1,0,0,0,0,0,0,0,1,0,2023-09-16,1,0.25,0.25,0.125
TXN_3620122,0,0,0,0,0,1,0,0,1,0,0,2023-05-06,0,0.0,0.75,0.125
TXN_8367716,0,0,0,0,0,0,0,1,0,1,0,2023-02-03,1,0.25,0.125,0.08333333333333333
TXN_6779763,0,0,1,0,0,0,0,0,0,1,0,2023-04-25,0,0.0,0.0,0.0
TXN_1985142,0,0,0,0,0,0,1,0,0,0,1,2023-11-20,1,0.5,0.75,0.4583333333333333
TXN_8385321,0,0,0,0,0,0,1,0,0,1,0,2023-02-08,1,0.25,0.75,0.29166666666666663
TXN_5345258,0,0,0,0,1,0,0,0,0,1,0,2023-03-13,1,0.25,1.0,0.375
TXN_8932759,0,0,0,0,0,0,1,0,0,1,0,2023-09-01,1,0.5,0.75,0.4583333333333333
TXN_6958638,0,0,0,0,0,0,0,1,0,0,1,2023-11-27,1,0.0,0.125,0.020833333333333332
TXN_3898665,0,0,0,0,0,1,0,0,1,0,0,2023-03-07,1,0.25,0.75,0.29166666666666663
TXN_4996304,0,1,0,0,0,0,0,0,0,1,0,2023-08-17,1,0.25,0.25,0.125
TXN_9566593,1,0,0,0,0,0,0,0,0,0,1,2023-09-30,0,0.25,0.5,0.20833333333333331
TXN_4808700,0,0,1,0,0,0,0,0,1,0,0,2023-01-13,1,0.75,0.0,0.125
TXN_5776252,0,0,0,0,0,0,0,1,1,0,0,2023-08-11,1,0.75,0.125,0.20833333333333331
TXN_5673476,0,0,0,0,0,0,1,0,1,0,0,2023-02-09,1,0.75,0.75,0.625
TXN_6363733,0,0,0,0,0,0,0,1,0,0,1,2023-10-25,1,0.0,0.125,0.020833333333333332
TXN_5297995,0,0,0,0,0,0,0,1,0,0,1,2023-07-04,0,1.0,0.125,0.2708333333333333
TXN_8049635,0,0,0,0,1,0,0,0,1,0,0,2023-11-16,1,0.5,1.0,0.5833333333333333
TXN_2881529,0,0,0,1,0,0,0,0,0,1,0,2023-07-04,0,0.0,0.5,0.08333333333333333
TXN_3459927,0,0,1,0,0,0,0,0,0,0,1,2023-07-20,0,1.0,0.0,0.16666666666666666
TXN_6478968,0,0,0,0,1,0,0,0,0,1,0,2023-09-12,1,0.25,1.0,0.375
TXN_4135861,0,0,0,0,1,0,0,0,0,1,0,2023-03-16,1,0.25,1.0,0.375
TXN_2031545,0,0,0,1,0,0,0,0,0,0,1,2023-05-02,0,0.25,0.5,0.20833333333333331
TXN_4676976,0,0,0,0,0,0,1,0,0,0,1,2023-05-26,0,0.5,0.75,0.4583333333333333
TXN_7421018,0,0,0,0,0,1,0,0,0,0,1,2023-08-26,0,0.75,0.75,0.625
TXN_8239121,0,0,0,0,0,0,1,0,1,0,0,2023-05-11,0,0.0,0.75,0.125
TXN_1435192,1,0,0,0,0,0,0,0,0,1,0,2023-06-18,1,0.25,0.5,0.20833333333333331
TXN_5364052,0,0,0,0,0,1,0,0,0,1,0,2023-02-05,0,0.25,0.75,0.29166666666666663
TXN_8345649,0,0,1,0,0,0,0,0,1,0,0,2023-08-23,1,1.0,0.0,0.16666666666666666
TXN_8560548,0,0,0,0,0,1,0,0,0,1,0,2023-09-02,1,0.0,0.75,0.125
TXN_2345332,0,0,0,0,0,0,0,1,0,0,1,2023-07-05,0,0.5,0.125,0.14583333333333331
TXN_9389434,1,0,0,0,0,0,0,0,1,0,0,2023-06-16,0,1.0,0.5,0.5833333333333333
TXN_1240476,0,0,0,1,0,0,0,0,0,0,1,2023-04-20,1,0.25,0.5,0.20833333333333331
TXN_8345092,0,0,0,0,0,0,1,0,0,1,0,2023-07-24,0,0.0,0.75,0.125
TXN_5849947,0,0,0,0,0,1,0,0,1,0,0,2023-02-02,0,1.0,0.75,0.7916666666666666
TXN_8227648,0,0,0,0,0,0,0,1,0,0,1,2023-05-31,1,0.5,0.125,0.14583333333333331
TXN_7800602,0,0,0,0,0,0,0,1,1,0,0,2023-04-30,0,0.0,0.125,0.020833333333333332
TXN_5926836,1,0,0,0,0,0,0,0,0,1,0,2023-08-07,0,1.0,0.5,0.5833333333333333
TXN_4397994,0,0,1,0,0,0,0,0,0,1,0,2023-09-26,1,1.0,0.0,0.16666666666666666
TXN_1585827,1,0,0,0,0,0,0,0,0,1,0,2023-09-30,0,0.5,0.5,0.3333333333333333
TXN_3384640,0,0,0,0,1,0,0,0,0,0,1,2023-10-17,1,0.75,1.0,0.7916666666666666
TXN_1990029,0,0,0,0,0,0,0,1,0,1,0,2023-11-18,0,0.75,0.125,0.20833333333333331
TXN_5796131,0,0,0,0,0,0,1,0,0,0,1,2023-09-30,1,0.5,0.75,0.4583333333333333
TXN_5166412,0,0,1,0,0,0,0,0,0,0,1,2023-06-17,1,0.75,0.0,0.125
TXN_7804740,0,0,0,0,0,0,1,0,0,0,1,2023-10-19,0,0.25,0.75,0.29166666666666663
TXN_9082461,1,0,0,0,0,0,0,0,0,0,1,2023-05-30,0,1.0,0.5,0.5833333333333333
TXN_6665881,0,0,0,1,0,0,0,0,0,1,0,2023-07-04,1,0.25,0.5,0.20833333333333331
TXN_4046039,0,0,0,1,0,0,0,0,1,0,0,2023-04-20,0,1.0,0.5,0.5833333333333333
TXN_8447640,0,0,0,0,0,1,0,0,1,0,0,2023-06-12,0,1.0,0.75,0.7916666666666666
TXN_3042768,0,0,1,0,0,0,0,0,0,0,1,2023-09-07,1,0.5,0.0,0.08333333333333333
TXN_4664329,0,0,0,0,0,0,0,1,0,1,0,2023-01-06,1,0.25,0.125,0.08333333333333333
TXN_7442492,0,0,0,0,1,0,0,0,0,1,0,2023-07-23,1,1.0,1.0,1.0
TXN_8664335,0,0,0,0,0,1,0,0,0,0,1,2023-06-12,1,1.0,0.75,0.7916666666666666
TXN_7379007,1,0,0,0,0,0,0,0,0,0,1,2023-09-24,1,0.25,0.5,0.20833333333333331
TXN_1434857,1,0,0,0,0,0,0,0,0,1,0,2023-01-13,0,1.0,0.5,0.5833333333333333
TXN_1700374,0,0,0,0,0,1,0,0,1,0,0,2023-08-11,0,1.0,0.75,0.7916666666666666
TXN_8383484,0,0,0,1,0,0,0,0,0,1,0,2023-12-20,0,0.25,0.5,0.20833333333333331
TXN_1261028,0,0,0,1,0,0,0,0,0,1,0,2023-10-27,0,0.5,0.5,0.3333333333333333
TXN_1478016,0,0,1,0,0,0,0,0,0,1,0,2023-08-04,0,0.75,0.0,0.125
TXN_5321145,0,0,0,0,0,1,0,0,0,0,1,2023-08-29,1,1.0,0.75,0.7916666666666666
TXN_3884995,0,0,0,1,0,0,0,0,1,0,0,2023-12-25,0,1.0,0.5,0.5833333333333333
TXN_4178488,0,0,0,0,0,1,0,0,1,0,0,2023-05-08,0,0.5,0.75,0.4583333333333333
TXN_4826214,0,1,0,0,0,0,0,0,0,0,1,2023-11-23,1,0.5,0.25,0.20833333333333331
TXN_2579157,0,0,0,0,0,1,0,0,1,0,0,2023-09-27,1,0.0,0.75,0.125
TXN_3597806,0,0,1,0,0,0,0,0,0,1,0,2023-12-11,1,0.5,0.0,0.08333333333333333
TXN_7897119,0,0,0,1,0,0,0,0,0,1,0,2023-05-27,0,0.75,0.5,0.4583333333333333
TXN_2245037,0,1,0,0,0,0,0,0,1,0,0,2023-10-18,0,0.25,0.25,0.125
TXN_4833378,1,0,0,0,0,0,0,0,0,0,1,2023-10-15,1,1.0,0.5,0.5833333333333333
TXN_7055306,0,0,0,0,1,0,0,0,0,1,0,2023-03-09,1,0.0,1.0,0.16666666666666666
TXN_9135433,0,0,1,0,0,0,0,0,0,1,0,2023-12-18,0,0.75,0.0,0.125
TXN_1715684,0,0,0,0,0,0,1,0,0,1,0,2023-07-13,0,0.0,0.75,0.125
TXN_9073440,0,0,0,0,0,1,0,0,0,1,0,2023-08-28,1,0.25,0.75,0.29166666666666663
TXN_4089355,0,0,0,0,1,0,0,0,0,1,0,2023-02-18,1,0.25,1.0,0.375
TXN_3834078,0,0,0,1,0,0,0,0,1,0,0,2023-01-29,0,0.0,0.5,0.08333333333333333
TXN_5048650,0,0,0,0,0,0,1,0,1,0,0,2023-11-18,1,0.25,0.75,0.29166666666666663
TXN_1882700,0,0,0,0,0,0,0,1,0,0,1,2023-04-18,0,0.5,0.125,0.14583333333333331
TXN_2112911,0,0,0,0,1,0,0,0,0,0,1,2023-09-18,1,0.5,1.0,0.5833333333333333
TXN_7568316,1,0,0,0,0,0,0,0,0,1,0,2023-11-28,0,0.25,0.5,0.20833333333333331
TXN_3642982,0,1,0,0,0,0,0,0,1,0,0,2023-10-04,1,1.0,0.25,0.375
TXN_4475094,0,0,0,0,0,1,0,0,1,0,0,2023-08-12,0,0.5,0.75,0.4583333333333333
TXN_6768812,0,1,0,0,0,0,0,0,0,0,1,2023-03-30,1,0.75,0.25,0.29166666666666663
TXN_1419669,1,0,0,0,0,0,0,0,1,0,0,2023-03-07,1,1.0,0.5,0.5833333333333333
TXN_9810604,1,0,0,0,0,0,0,0,0,0,1,2023-04-02,1,0.25,0.5,0.20833333333333331
TXN_4791243,0,0,1,0,0,0,0,0,0,0,1,2023-05-12,1,1.0,0.0,0.16666666666666666
TXN_5665311,0,0,1,0,0,0,0,0,0,1,0,2023-05-17,0,0.25,0.0,0.041666666666666664
TXN_7920897,0,0,0,0,1,0,0,0,0,1,0,2023-07-29,0,0.25,1.0,0.375
TXN_7515272,1,0,0,0,0,0,0,0,0,1,0,2023-08-12,1,0.0,0.5,0.08333333333333333
TXN_5453836,0,0,0,0,0,0,1,0,0,1,0,2023-05-29,0,0.25,0.75,0.29166666666666663
TXN_5578796,0,0,0,0,0,0,0,1,1,0,0,2023-04-27,0,0.75,0.125,0.20833333333333331
TXN_8620592,0,0,0,0,0,0,1,0,0,0,1,2023-07-14,0,0.25,0.75,0.29166666666666663
TXN_7402846,0,0,0,1,0,0,0,0,0,1,0,2023-10-11,1,0.25,0.5,0.20833333333333331
TXN_9487214,0,1,0,0,0,0,0,0,0,1,0,2023-03-25,0,1.0,0.25,0.375
TXN_2274702,0,0,1,0,0,0,0,0,0,1,0,2023-12-11,0,1.0,0.0,0.16666666666666666
TXN_2701016,1,0,0,0,0,0,0,0,0,0,1,2023-03-06,0,1.0,0.5,0.5833333333333333
TXN_8809853,0,1,0,0,0,0,0,0,0,0,1,2023-10-29,1,0.0,0.25,0.041666666666666664
TXN_7683607,1,0,0,0,0,0,0,0,1,0,0,2023-03-17,1,0.0,0.5,0.08333333333333333
TXN_2402928,0,1,0,0,0,0,0,0,1,0,0,2023-10-20,1,0.75,0.25,0.29166666666666663
TXN_6516391,1,0,0,0,0,0,0,0,0,0,1,2023-06-16,1,0.25,0.5,0.20833333333333331
TXN_9685326,0,0,0,0,0,0,1,0,0,0,1,2023-04-07,1,0.5,0.75,0.4583333333333333
TXN_6181456,0,0,1,0,0,0,0,0,1,0,0,2023-05-08,1,0.0,0.0,0.0
TXN_9858627,0,0,0,1,0,0,0,0,1,0,0,2023-01-22,0,0.75,0.5,0.4583333333333333
TXN_9923613,0,0,0,0,0,1,0,0,1,0,0,2023-11-08,0,0.75,0.75,0.625
TXN_7656770,0,1,0,0,0,0,0,0,0,1,0,2023-12-24,0,0.0,0.25,0.041666666666666664
TXN_4092551,0,0,0,1,0,0,0,0,0,1,0,2023-10-11,1,1.0,0.5,0.5833333333333333
TXN_9894204,0,1,0,0,0,0,0,0,1,0,0,2023-08-08,1,0.25,0.25,0.125
TXN_7241288,0,0,0,0,0,1,0,0,1,0,0,2023-04-11,1,1.0,0.75,0.7916666666666666
TXN_9833195,0,1,0,0,0,0,0,0,1,0,0,2023-03-03,1,0.25,0.25,0.125
TXN_9153854,0,0,0,0,0,1,0,0,1,0,0,2023-04-04,0,0.25,0.75,0.29166666666666663
TXN_1436851,0,0,0,0,0,1,0,0,1,0,0,2023-07-28,1,1.0,0.75,0.7916666666666666
TXN_8598575,0,0,0,0,0,1,0,0,0,0,1,2023-11-14,1,0.75,0.75,0.625
TXN_1417871,0,0,0,0,1,0,0,0,1,0,0,2023-03-12,1,0.5,1.0,0.5833333333333333
TXN_7844352,0,1,0,0,0,0,0,0,0,1,0,2023-07-26,0,0.25,0.5,0.20833333333333331
TXN_2339781,0,0,0,0,0,0,1,0,0,0,1,2023-01-02,0,0.25,0.75,0.29166666666666663
TXN_6674257,0,0,0,0,0,1,0,0,1,0,0,2023-07-20,1,0.5,0.75,0.4583333333333333
TXN_2649010,0,0,0,0,0,0,0,1,1,0,0,2023-08-01,1,0.75,0.125,0.20833333333333331
TXN_1339158,0,0,0,0,1,0,0,0,1,0,0,2023-04-28,1,0.75,1.0,0.7916666666666666
TXN_7948933,0,0,0,0,0,1,0,0,1,0,0,2023-02-26,1,0.5,0.75,0.4583333333333333
TXN_4965631,0,0,0,0,0,0,1,0,0,1,0,2023-01-27,0,0.5,0.75,0.4583333333333333
TXN_9254064,0,1,0,0,0,0,0,0,1,0,0,2023-12-10,1,0.25,0.25,0.125
TXN_4554168,0,0,0,0,0,0,0,1,0,0,1,2023-04-08,0,0.75,0.125,0.20833333333333331
TXN_6536418,0,0,0,0,1,0,0,0,0,1,0,2023-02-11,0,1.0,1.0,1.0
TXN_9024186,0,0,0,1,0,0,0,0,1,0,0,2023-12-17,1,0.25,0.5,0.20833333333333331
TXN_4580084,0,0,0,0,0,1,0,0,0,1,0,2023-12-17,1,1.0,0.75,0.7916666666666666
TXN_3996874,0,0,0,0,0,0,0,1,0,0,1,2023-05-18,0,0.75,0.125,0.20833333333333331
TXN_7106595,0,0,0,0,0,0,0,1,0,1,0,2023-06-19,1,0.25,0.125,0.08333333333333333
TXN_5439860,0,0,0,0,0,0,0,1,0,0,1,2023-04-18,0,0.0,0.125,0.020833333333333332
TXN_3216618,0,0,0,0,1,0,0,0,0,1,0,2023-12-30,0,0.75,1.0,0.7916666666666666
TXN_8360779,0,0,1,0,0,0,0,0,0,1,0,2023-10-25,0,0.75,0.0,0.125
TXN_3700419,0,0,1,0,0,0,0,0,0,1,0,2023-01-09,0,0.75,0.0,0.125
TXN_6369590,0,0,0,0,1,0,0,0,0,0,1,2023-10-26,1,1.0,1.0,1.0
TXN_5039782,0,0,0,0,0,0,0,1,0,1,0,2023-06-21,1,0.5,0.125,0.14583333333333331
TXN_7047860,0,1,0,0,0,0,0,0,0,1,0,2023-06-18,1,0.25,0.25,0.125
TXN_2985748,0,1,0,0,0,0,0,0,0,0,1,2023-12-19,1,0.5,0.25,0.20833333333333331
TXN_8616557,0,0,0,0,0,1,0,0,0,0,1,2023-08-28,0,1.0,0.75,0.7916666666666666
TXN_3171673,0,0,0,0,0,0,1,0,0,0,1,2023-12-07,1,0.25,0.75,0.29166666666666663
TXN_4827637,0,0,0,0,0,0,1,0,1,0,0,2023-04-28,0,0.75,0.75,0.625
TXN_1170198,0,0,0,0,0,0,0,1,0,1,0,2023-02-09,0,0.75,0.125,0.20833333333333331
TXN_8166527,0,0,0,0,1,0,0,0,1,0,0,2023-05-24,0,0.25,1.0,0.375
TXN_3097593,0,0,0,0,0,0,1,0,0,1,0,2023-06-18,0,0.25,0.75,0.29166666666666663
TXN_2981117,1,0,0,0,0,0,0,0,0,1,0,2023-10-02,0,0.0,0.5,0.08333333333333333
TXN_3431526,0,0,1,0,0,0,0,0,0,1,0,2023-12-27,1,0.5,0.0,0.08333333333333333
TXN_1817076,0,0,0,1,0,0,0,0,1,0,0,2023-05-31,0,0.5,0.5,0.3333333333333333
TXN_1489218,0,0,0,0,1,0,0,0,0,0,1,2023-09-13,1,0.25,1.0,0.375
TXN_1936644,0,0,0,1,0,0,0,0,0,0,1,2023-01-28,0,0.5,0.5,0.3333333333333333
TXN_4293694,0,0,0,0,0,0,1,0,1,0,0,2023-08-03,0,1.0,0.75,0.7916666666666666
TXN_9469529,0,1,0,0,0,0,0,0,1,0,0,2023-08-09,1,0.25,0.25,0.125
TXN_2946861,0,0,0,1,0,0,0,0,0,1,0,2023-03-28,0,0.5,0.5,0.3333333333333333
TXN_7919609,0,0,0,0,0,1,0,0,0,1,0,2023-01-31,0,0.5,0.75,0.4583333333333333
TXN_7692019,0,0,0,1,0,0,0,0,0,0,1,2023-10-14,0,0.5,0.5,0.3333333333333333
TXN_7677750,0,0,0,0,0,0,0,1,1,0,0,2023-12-24,1,0.25,0.125,0.08333333333333333
TXN_9799633,0,0,0,1,0,0,0,0,1,0,0,2023-11-07,0,0.75,0.5,0.4583333333333333
TXN_4252036,0,0,0,0,0,1,0,0,1,0,0,2023-01-22,1,0.25,0.75,0.29166666666666663
TXN_6637989,0,0,0,0,0,0,1,0,1,0,0,2023-11-09,0,0.0,0.75,0.125
TXN_2860514,0,0,1,0,0,0,0,0,0,1,0,2023-09-01,0,1.0,0.0,0.16666666666666666
TXN_4143449,0,0,0,0,0,0,1,0,0,0,1,2023-08-23,0,0.5,0.75,0.4583333333333333
TXN_1499208,0,0,0,0,0,1,0,0,1,0,0,2023-11-01,1,0.0,0.75,0.125
TXN_1960599,1,0,0,0,0,0,0,0,1,0,0,2023-01-06,0,0.75,0.5,0.4583333333333333
TXN_1184377,0,0,0,1,0,0,0,0,1,0,0,2023-10-25,1,0.0,0.5,0.08333333333333333
TXN_6995795,0,0,0,0,1,0,0,0,1,0,0,2023-11-28,0,0.75,1.0,0.7916666666666666
TXN_7805508,0,0,0,0,0,0,1,0,1,0,0,2023-07-10,0,1.0,0.75,0.7916666666666666
TXN_6193929,0,0,0,1,0,0,0,0,1,0,0,2023-06-20,1,1.0,0.5,0.5833333333333333
TXN_1942950,0,0,0,0,0,1,0,0,0,1,0,2023-03-25,1,0.75,0.75,0.625
TXN_9759221,0,1,0,0,0,0,0,0,1,0,0,2023-06-23,1,0.5,0.25,0.20833333333333331
TXN_1205522,1,0,0,0,0,0,0,0,1,0,0,2023-12-26,0,1.0,0.5,0.5833333333333333
TXN_7792223,0,0,0,0,0,0,1,0,0,1,0,2023-07-21,0,0.5,0.75,0.4583333333333333
TXN_7205370,0,0,0,0,0,0,1,0,1,0,0,2023-12-07,1,0.75,0.75,0.625
TXN_9992148,0,0,0,0,0,0,0,1,1,0,0,2023-01-14,1,0.5,0.125,0.14583333333333331
TXN_6305420,0,0,1,0,0,0,0,0,0,1,0,2023-06-17,0,0.5,0.0,0.08333333333333333
TXN_9982090,0,0,0,0,0,0,0,1,0,0,1,2023-06-03,0,1.0,0.125,0.2708333333333333
TXN_6507690,0,0,0,1,0,0,0,0,0,0,1,2023-01-30,0,0.0,0.5,0.08333333333333333
TXN_8487057,0,0,0,0,0,0,1,0,0,0,1,2023-06-01,1,1.0,0.75,0.7916666666666666
TXN_6646382,0,0,0,0,0,0,0,1,0,1,0,2023-09-16,1,0.75,0.125,0.20833333333333331
TXN_5255092,0,0,0,0,0,1,0,0,1,0,0,2023-10-08,1,0.0,0.75,0.125
TXN_8402941,1,0,0,0,0,0,0,0,0,1,0,2023-11-26,0,1.0,0.5,0.5833333333333333
TXN_4265056,0,0,0,1,0,0,0,0,1,0,0,2023-07-16,1,0.0,0.5,0.08333333333333333
TXN_4605871,0,0,1,0,0,0,0,0,0,0,1,2023-06-20,1,0.0,0.0,0.0
TXN_7976001,0,0,0,1,0,0,0,0,0,1,0,2023-06-27,0,0.75,0.5,0.4583333333333333
TXN_4969003,0,0,1,0,0,0,0,0,0,0,1,2023-04-19,0,0.0,0.0,0.0
TXN_3629728,0,0,0,0,0,0,1,0,0,0,1,2023-03-11,1,0.0,0.75,0.125
TXN_7027319,0,0,0,0,0,0,1,0,0,1,0,2023-02-25,1,0.5,0.75,0.4583333333333333
TXN_1907428,0,0,0,1,0,0,0,0,0,1,0,2023-06-06,0,0.75,0.5,0.4583333333333333
TXN_6594753,0,0,0,1,0,0,0,0,1,0,0,2023-03-16,0,0.5,0.5,0.3333333333333333
TXN_8554646,0,1,0,0,0,0,0,0,1,0,0,2023-01-10,0,0.25,0.25,0.125
TXN_5860664,0,0,0,1,0,0,0,0,0,0,1,2023-06-06,1,1.0,0.5,0.5833333333333333
TXN_3586768,0,1,0,0,0,0,0,0,1,0,0,2023-05-23,0,0.25,0.25,0.125
TXN_5765294,0,0,1,0,0,0,0,0,0,0,1,2023-11-14,0,0.75,0.0,0.125
TXN_4966149,0,0,0,1,0,0,0,0,1,0,0,2023-04-10,0,0.25,0.5,0.20833333333333331
TXN_3652726,0,0,0,0,0,1,0,0,1,0,0,2023-08-03,0,0.5,0.75,0.4583333333333333
TXN_2273573,0,0,1,0,0,0,0,0,1,0,0,2023-11-12,0,1.0,0.0,0.16666666666666666
TXN_7924516,0,0,1,0,0,0,0,0,0,1,0,2023-04-23,0,0.0,0.0,0.0
TXN_2083132,0,0,0,0,1,0,0,0,0,1,0,2023-08-31,0,0.0,1.0,0.16666666666666666
TXN_8837131,0,0,0,0,0,0,1,0,0,0,1,2023-12-23,0,0.5,0.75,0.4583333333333333
TXN_2659832,0,0,0,0,0,1,0,0,0,1,0,2023-12-05,1,0.5,0.75,0.4583333333333333
TXN_5049646,0,0,0,1,0,0,0,0,0,1,0,2023-08-30,0,0.25,0.5,0.20833333333333331
TXN_9182359,0,0,0,0,1,0,0,0,0,1,0,2023-05-02,0,0.5,1.0,0.5833333333333333
TXN_7401217,0,0,0,0,1,0,0,0,0,1,0,2023-02-06,1,0.75,1.0,0.7916666666666666
TXN_6853142,0,0,0,0,0,0,1,0,1,0,0,2023-07-21,0,0.5,0.75,0.4583333333333333
TXN_4031726,1,0,0,0,0,0,0,0,0,1,0,2023-11-22,1,0.75,0.5,0.4583333333333333
TXN_9512112,0,1,0,0,0,0,0,0,1,0,0,2023-05-25,1,0.75,0.25,0.29166666666666663
TXN_9428611,0,0,0,0,1,0,0,0,0,0,1,2023-07-13,0,0.75,1.0,0.7916666666666666
TXN_1472433,0,1,0,0,0,0,0,0,0,0,1,2023-04-05,1,0.0,0.25,0.041666666666666664
TXN_5235471,1,0,0,0,0,0,0,0,0,0,1,2023-08-04,0,1.0,0.5,0.5833333333333333
TXN_5483635,0,0,0,1,0,0,0,0,0,1,0,2023-03-23,0,0.5,0.5,0.3333333333333333
TXN_1848481,0,0,1,0,0,0,0,0,0,1,0,2023-12-29,0,0.75,0.0,0.125
TXN_3478169,0,0,0,1,0,0,0,0,1,0,0,2023-02-03,0,0.25,0.5,0.20833333333333331
TXN_3842766,0,0,0,0,0,0,0,1,0,1,0,2023-03-24,0,0.5,0.125,0.14583333333333331
TXN_7805115,0,0,0,0,0,0,1,0,0,1,0,2023-12-18,0,0.25,0.75,0.29166666666666663
TXN_7565447,0,0,0,0,1,0,0,0,0,1,0,2023-02-15,0,0.0,1.0,0.16666666666666666
TXN_8225343,0,0,0,0,0,0,1,0,1,0,0,2023-05-10,1,0.0,0.75,0.125
TXN_3822036,0,0,0,0,0,0,1,0,0,1,0,2023-05-07,1,0.5,0.75,0.4583333333333333
TXN_3019996,0,0,0,0,0,1,0,0,1,0,0,2023-06-27,0,0.25,0.75,0.29166666666666663
TXN_8397209,0,0,0,0,0,0,0,1,1,0,0,2023-10-12,0,0.5,0.125,0.14583333333333331
TXN_5634977,0,1,0,0,0,0,0,0,0,1,0,2023-03-06,0,1.0,0.25,0.375
TXN_8165784,1,0,0,0,0,0,0,0,0,0,1,2023-10-15,0,1.0,0.5,0.5833333333333333
TXN_3619141,0,0,1,0,0,0,0,0,0,0,1,2023-09-30,0,0.75,0.0,0.125
TXN_7160017,0,0,0,1,0,0,0,0,1,0,0,2023-09-27,0,0.0,0.5,0.08333333333333333
TXN_9513509,0,0,0,0,0,1,0,0,0,1,0,2023-04-27,1,0.0,0.75,0.125
TXN_5919038,0,0,1,0,0,0,0,0,0,1,0,2023-12-15,0,0.0,0.0,0.0
TXN_8384229,0,0,0,0,0,0,0,1,0,0,1,2023-01-08,0,0.75,0.125,0.20833333333333331
TXN_9011816,1,0,0,0,0,0,0,0,0,1,0,2023-04-02,1,0.0,0.5,0.08333333333333333
TXN_2916992,0,0,0,0,1,0,0,0,1,0,0,2023-08-20,1,0.25,1.0,0.375
TXN_4350788,0,0,0,0,0,0,0,1,0,0,1,2023-06-28,0,0.5,0.125,0.14583333333333331
TXN_3132488,0,0,0,0,0,1,0,0,0,1,0,2023-09-12,1,0.75,0.75,0.625
TXN_9126573,0,0,0,0,1,0,0,0,0,0,1,2023-06-17,0,0.75,1.0,0.7916666666666666
TXN_5347338,1,0,0,0,0,0,0,0,0,0,1,2023-07-04,1,0.75,0.5,0.4583333333333333
TXN_9455737,0,0,0,0,1,0,0,0,0,0,1,2023-02-18,0,0.5,1.0,0.5833333333333333
TXN_2930963,0,0,0,0,0,0,1,0,0,0,1,2023-02-09,0,0.25,0.75,0.29166666666666663
TXN_7997252,1,0,0,0,0,0,0,0,0,1,0,2023-05-28,1,0.5,0.5,0.3333333333333333
TXN_1907740,0,0,0,0,0,1,0,0,1,0,0,2023-03-17,0,0.0,0.75,0.125
TXN_3654670,0,0,0,1,0,0,0,0,0,1,0,2023-06-14,1,0.0,0.5,0.08333333333333333
TXN_1432682,0,0,0,0,0,0,0,1,0,0,1,2023-07-11,1,0.0,0.125,0.020833333333333332
TXN_3938271,0,0,0,0,1,0,0,0,0,1,0,2023-01-12,0,0.5,1.0,0.5833333333333333
TXN_7619641,0,0,0,1,0,0,0,0,0,1,0,2023-04-02,0,0.5,0.5,0.3333333333333333
TXN_1870423,0,0,0,0,1,0,0,0,0,1,0,2023-04-12,1,0.25,1.0,0.375
TXN_1006942,0,0,0,0,1,0,0,0,0,1,0,2023-11-30,0,0.0,1.0,0.16666666666666666
TXN_2282319,0,0,0,1,0,0,0,0,1,0,0,2023-08-14,0,0.25,0.5,0.20833333333333331
TXN_6812735,0,0,0,0,0,0,0,1,1,0,0,2023-04-21,1,1.0,0.125,0.2708333333333333
TXN_6922833,0,0,0,0,0,0,0,1,0,0,1,2023-11-17,1,0.0,0.125,0.020833333333333332
TXN_1026799,1,0,0,0,0,0,0,0,0,1,0,2023-04-21,0,1.0,0.5,0.5833333333333333
TXN_5783469,0,0,0,0,1,0,0,0,1,0,0,2023-06-14,0,0.5,1.0,0.5833333333333333
TXN_8489120,0,0,1,0,0,0,0,0,0,1,0,2023-11-07,0,0.25,0.0,0.041666666666666664
TXN_6200609,0,0,0,0,1,0,0,0,0,0,1,2023-04-12,1,1.0,1.0,1.0
TXN_8194534,0,1,0,0,0,0,0,0,1,0,0,2023-05-19,1,0.25,0.25,0.125
TXN_7238674,0,0,1,0,0,0,0,0,0,1,0,2023-11-03,0,0.0,0.0,0.0
TXN_6968752,0,0,0,0,0,0,0,1,1,0,0,2023-04-07,1,0.0,0.125,0.020833333333333332
TXN_2582926,0,0,0,0,0,0,1,0,0,1,0,2023-06-02,0,0.75,0.75,0.625
TXN_1346953,0,0,0,0,0,0,0,1,1,0,0,2023-09-24,0,0.5,0.125,0.14583333333333331
TXN_8742689,0,0,0,0,0,0,0,1,0,0,1,2023-01-05,1,1.0,0.125,0.2708333333333333
TXN_2144031,0,0,0,1,0,0,0,0,0,0,1,2023-02-25,1,0.0,0.5,0.08333333333333333
TXN_1996466,0,0,0,0,0,0,1,0,0,0,1,2023-04-24,0,0.0,0.75,0.125
TXN_1124796,0,0,0,0,0,0,0,1,0,1,0,2023-10-28,0,1.0,0.125,0.2708333333333333
TXN_7124156,0,0,0,0,1,0,0,0,0,1,0,2023-07-28,1,0.0,1.0,0.16666666666666666
TXN_3150614,0,0,0,0,0,1,0,0,1,0,0,2023-08-06,1,0.0,0.75,0.125
TXN_5263693,0,0,0,1,0,0,0,0,0,0,1,2023-01-20,1,0.0,0.5,0.08333333333333333
TXN_1785644,0,0,0,0,0,0,0,1,0,0,1,2023-08-13,0,1.0,0.125,0.2708333333333333
TXN_1702437,0,0,0,0,0,0,1,0,0,1,0,2023-06-27,1,0.75,0.75,0.625
TXN_6500713,0,0,1,0,0,0,0,0,0,0,1,2023-04-30,0,0.5,0.0,0.08333333333333333
TXN_8725721,0,0,0,0,0,1,0,0,1,0,0,2023-06-04,0,0.0,0.75,0.125
TXN_8965025,0,0,0,0,1,0,0,0,1,0,0,2023-04-14,0,0.0,1.0,0.16666666666666666
TXN_8491490,0,1,0,0,0,0,0,0,0,0,1,2023-01-16,0,0.25,0.25,0.125
TXN_4328869,0,0,0,0,0,1,0,0,1,0,0,2023-05-02,0,0.25,0.75,0.29166666666666663
TXN_3849711,0,0,0,0,0,0,1,0,1,0,0,2023-08-14,0,1.0,0.75,0.7916666666666666
TXN_1334406,0,0,0,1,0,0,0,0,0,0,1,2023-09-26,0,0.0,0.5,0.08333333333333333
TXN_1556708,0,0,0,0,0,0,1,0,0,0,1,2023-06-11,1,0.0,0.75,0.125
TXN_8422494,0,0,0,0,1,0,0,0,1,0,0,2023-06-08,0,0.75,1.0,0.7916666666666666
TXN_3427754,0,0,0,0,0,0,1,0,0,0,1,2023-08-06,1,0.25,0.75,0.29166666666666663
TXN_3512545,0,0,1,0,0,0,0,0,0,1,0,2023-08-08,0,0.75,0.0,0.125
TXN_7703185,1,0,0,0,0,0,0,0,0,0,1,2023-12-10,1,0.0,0.5,0.08333333333333333
TXN_8455321,0,0,0,0,0,0,1,0,1,0,0,2023-01-25,0,0.5,0.75,0.4583333333333333
TXN_9904505,0,0,0,0,0,0,1,0,0,0,1,2023-06-07,0,0.25,0.75,0.29166666666666663
TXN_5020643,0,0,0,0,0,0,0,1,0,0,1,2023-10-19,0,0.5,0.125,0.14583333333333331
TXN_8170122,0,0,1,0,0,0,0,0,0,0,1,2023-03-20,0,1.0,0.0,0.16666666666666666
TXN_5067216,0,0,0,0,1,0,0,0,0,0,1,2023-07-24,1,0.75,1.0,0.7916666666666666
TXN_3930540,0,0,0,0,0,0,1,0,1,0,0,2023-03-24,0,0.5,0.75,0.4583333333333333
TXN_4663537,0,1,0,0,0,0,0,0,0,1,0,2023-10-22,1,1.0,0.25,0.375
TXN_5392630,0,0,0,1,0,0,0,0,1,0,0,2023-11-23,1,1.0,0.5,0.5833333333333333
TXN_9480851,1,0,0,0,0,0,0,0,0,0,1,2023-03-21,0,0.5,0.5,0.3333333333333333
TXN_5927620,0,0,0,0,0,0,1,0,0,1,0,2023-05-04,1,0.0,0.75,0.125
TXN_1561430,0,0,0,0,0,0,0,1,0,0,1,2023-10-13,1,0.25,0.125,0.08333333333333333
TXN_1133945,0,0,0,0,0,0,1,0,0,0,1,2023-10-23,0,0.25,0.75,0.29166666666666663
TXN_5467240,0,0,0,0,0,0,1,0,0,0,1,2023-10-20,1,1.0,0.75,0.7916666666666666
TXN_3210288,0,0,0,0,1,0,0,0,1,0,0,2023-04-30,1,0.5,1.0,0.5833333333333333
TXN_1586452,0,0,0,0,1,0,0,0,1,0,0,2023-02-01,0,0.25,1.0,0.375
TXN_9814929,1,0,0,0,0,0,0,0,0,0,1,2023-10-01,0,0.5,0.5,0.3333333333333333
TXN_8961480,0,0,0,0,0,0,0,1,1,0,0,2023-02-18,1,0.75,0.125,0.20833333333333331
TXN_1826919,0,0,0,1,0,0,0,0,0,1,0,2023-02-21,0,0.75,0.5,0.4583333333333333
TXN_3135048,0,0,0,0,1,0,0,0,0,1,0,2023-02-03,1,0.0,1.0,0.16666666666666666
TXN_3105263,0,0,0,0,0,0,1,0,0,1,0,2023-11-25,1,0.75,0.75,0.625
TXN_4504141,0,0,0,0,0,1,0,0,0,1,0,2023-09-28,1,1.0,0.75,0.7916666666666666
TXN_7408461,0,0,0,1,0,0,0,0,0,1,0,2023-11-05,0,0.5,0.5,0.3333333333333333
TXN_8108115,0,1,0,0,0,0,0,0,0,1,0,2023-08-24,0,0.5,0.25,0.20833333333333331
TXN_6655437,0,0,0,1,0,0,0,0,1,0,0,2023-07-07,1,0.0,0.5,0.08333333333333333
TXN_9120328,0,0,0,0,0,0,0,1,0,1,0,2023-10-22,1,1.0,0.125,0.2708333333333333
TXN_3906862,1,0,0,0,0,0,0,0,1,0,0,2023-08-14,1,1.0,0.5,0.5833333333333333
TXN_8468071,0,0,1,0,0,0,0,0,1,0,0,2023-08-22,0,0.75,0.0,0.125
TXN_7543921,0,1,0,0,0,0,0,0,1,0,0,2023-12-06,0,0.5,0.25,0.20833333333333331
TXN_8714536,0,0,0,0,0,0,1,0,0,0,1,2023-05-06,1,0.75,0.75,0.625
TXN_3282601,0,0,0,1,0,0,0,0,0,0,1,2023-02-03,0,0.25,0.5,0.20833333333333331
TXN_4569599,0,0,0,0,0,0,0,1,1,0,0,2023-02-07,0,0.25,0.125,0.08333333333333333
TXN_2970011,0,1,0,0,0,0,0,0,0,1,0,2023-06-04,1,0.75,0.25,0.29166666666666663
TXN_5556328,0,0,0,0,0,0,0,1,0,0,1,2023-12-10,0,1.0,0.125,0.2708333333333333
TXN_8786159,0,1,0,0,0,0,0,0,1,0,0,2023-04-05,0,0.5,0.25,0.20833333333333331
TXN_2467699,0,0,0,0,0,0,0,1,1,0,0,2023-06-17,0,0.0,0.125,0.020833333333333332
TXN_3085628,0,0,0,0,1,0,0,0,1,0,0,2023-08-26,1,0.0,1.0,0.16666666666666666
TXN_7952153,0,0,0,0,0,0,1,0,0,0,1,2023-07-24,0,0.25,0.75,0.29166666666666663
TXN_4439321,0,1,0,0,0,0,0,0,1,0,0,2023-04-25,0,0.5,0.25,0.20833333333333331
TXN_1488127,0,0,0,0,0,0,0,1,0,1,0,2023-12-12,1,1.0,0.125,0.2708333333333333
TXN_6687734,1,0,0,0,0,0,0,0,0,1,0,2023-03-14,0,0.0,0.5,0.08333333333333333
TXN_7323885,0,0,0,0,0,1,0,0,1,0,0,2023-09-15,0,1.0,0.75,0.7916666666666666
TXN_7894558,0,1,0,0,0,0,0,0,0,1,0,2023-01-04,1,0.25,0.25,0.125
TXN_4019040,0,0,0,0,0,0,0,1,1,0,0,2023-02-01,0,0.0,0.125,0.020833333333333332
TXN_1570573,0,0,0,0,0,1,0,0,0,0,1,2023-04-09,1,0.5,0.75,0.4583333333333333
TXN_5991995,1,0,0,0,0,0,0,0,0,0,1,2023-01-08,0,0.0,0.5,0.08333333333333333
TXN_2437586,0,0,0,0,0,1,0,0,1,0,0,2023-08-29,1,0.75,0.75,0.625
TXN_7326827,0,0,0,0,0,0,1,0,1,0,0,2023-06-30,0,0.0,0.75,0.125
TXN_6004431,0,0,0,0,0,1,0,0,1,0,0,2023-04-07,1,0.25,0.75,0.29166666666666663
TXN_7475500,0,0,1,0,0,0,0,0,1,0,0,2023-11-22,0,0.25,0.0,0.041666666666666664
TXN_8122317,0,1,0,0,0,0,0,0,1,0,0,2023-10-16,1,0.5,0.25,0.20833333333333331
TXN_2028930,0,0,1,0,0,0,0,0,0,0,1,2023-11-25,0,0.25,0.0,0.041666666666666664
TXN_3394874,0,1,0,0,0,0,0,0,0,1,0,2023-06-18,1,0.75,0.25,0.29166666666666663
TXN_5804346,0,0,0,0,0,0,0,1,0,1,0,2023-07-05,1,0.0,0.125,0.020833333333333332
TXN_5926025,0,0,0,0,0,0,1,0,0,0,1,2023-07-29,1,0.25,0.75,0.29166666666666663
TXN_2220389,0,0,0,0,1,0,0,0,0,1,0,2023-07-26,1,0.75,1.0,0.7916666666666666
TXN_9603773,0,0,1,0,0,0,0,0,0,1,0,2023-10-10,0,0.25,0.0,0.041666666666666664
TXN_1285279,0,1,0,0,0,0,0,0,1,0,0,2023-04-09,1,0.25,0.25,0.125
TXN_5244558,0,0,0,0,0,0,1,0,0,0,1,2023-06-06,1,0.75,0.75,0.625
TXN_1702434,0,0,0,0,0,0,1,0,0,0,1,2023-07-22,1,0.5,0.75,0.4583333333333333
TXN_2425755,0,0,0,0,0,0,1,0,0,0,1,2023-09-14,1,0.0,0.75,0.125
TXN_5350200,0,0,0,0,0,0,1,0,1,0,0,2023-12-02,0,0.0,0.75,0.125
TXN_7151817,0,0,0,0,0,1,0,0,1,0,0,2023-05-18,0,0.0,0.75,0.125
TXN_7514589,0,0,0,1,0,0,0,0,1,0,0,2023-07-25,1,0.5,0.5,0.3333333333333333
TXN_5962237,0,0,0,1,0,0,0,0,1,0,0,2023-10-31,1,0.0,0.5,0.08333333333333333
TXN_9059245,0,0,0,0,0,0,1,0,1,0,0,2023-07-11,0,0.0,0.75,0.125
TXN_2188356,0,0,0,0,0,0,0,1,0,0,1,2023-07-14,0,0.0,0.125,0.020833333333333332
TXN_8019335,0,0,0,0,0,0,1,0,0,0,1,2023-11-26,1,0.5,0.75,0.4583333333333333
TXN_5921650,0,0,0,0,1,0,0,0,1,0,0,2023-10-13,0,0.75,1.0,0.7916666666666666
TXN_5248011,1,0,0,0,0,0,0,0,0,0,1,2023-01-21,0,0.25,0.5,0.20833333333333331
TXN_7332957,0,0,0,0,0,1,0,0,0,0,1,2023-07-26,0,1.0,0.75,0.7916666666666666
TXN_1278539,0,0,0,0,0,0,0,1,0,1,0,2023-04-04,1,0.0,0.125,0.020833333333333332
TXN_1186221,0,0,0,0,1,0,0,0,1,0,0,2023-04-21,1,0.75,1.0,0.7916666666666666
TXN_3086676,1,0,0,0,0,0,0,0,1,0,0,2023-07-21,0,0.25,0.5,0.20833333333333331
TXN_9696138,0,0,0,1,0,0,0,0,1,0,0,2023-12-01,1,0.5,0.5,0.3333333333333333
TXN_1846455,0,0,0,0,0,1,0,0,0,0,1,2023-03-16,0,0.75,0.75,0.625
TXN_1548245,0,0,0,0,0,0,1,0,0,1,0,2023-03-15,1,0.75,0.75,0.625
TXN_1839407,0,0,1,0,0,0,0,0,1,0,0,2023-03-15,1,0.5,0.0,0.08333333333333333
TXN_9028798,1,0,0,0,0,0,0,0,1,0,0,2023-05-25,0,0.25,0.5,0.20833333333333331
TXN_4672332,1,0,0,0,0,0,0,0,1,0,0,2023-03-29,0,0.75,0.5,0.4583333333333333
TXN_2726078,0,1,0,0,0,0,0,0,0,0,1,2023-11-27,1,0.5,0.25,0.20833333333333331
TXN_5249091,0,0,0,0,0,0,1,0,0,1,0,2023-08-15,0,1.0,0.75,0.7916666666666666
TXN_9507397,0,0,1,0,0,0,0,0,0,1,0,2023-10-26,1,0.5,0.0,0.08333333333333333
TXN_6948649,0,0,0,0,0,0,0,1,1,0,0,2023-11-27,0,1.0,0.125,0.2708333333333333
TXN_3300171,0,0,1,0,0,0,0,0,0,1,0,2023-02-14,0,1.0,0.0,0.16666666666666666
TXN_2773085,0,1,0,0,0,0,0,0,0,1,0,2023-10-16,1,0.0,0.25,0.041666666666666664
TXN_4697112,0,0,0,0,0,1,0,0,0,1,0,2023-04-08,0,0.5,0.75,0.4583333333333333
TXN_7897423,0,0,0,0,1,0,0,0,0,1,0,2023-05-24,1,0.75,1.0,0.7916666666666666
TXN_6373380,0,1,0,0,0,0,0,0,1,0,0,2023-07-21,0,0.75,0.25,0.29166666666666663
TXN_8668590,0,0,1,0,0,0,0,0,0,0,1,2023-04-18,1,0.75,0.0,0.125
TXN_9121676,0,0,0,0,0,0,1,0,0,1,0,2023-12-25,0,0.75,0.75,0.625
TXN_4956012,0,0,0,0,0,1,0,0,0,0,1,2023-07-20,0,0.0,0.75,0.125
TXN_4341126,1,0,0,0,0,0,0,0,1,0,0,2023-07-01,0,0.25,0.5,0.20833333333333331
TXN_9792412,0,0,0,0,0,0,0,1,0,0,1,2023-06-15,1,0.75,0.125,0.20833333333333331
TXN_2103018,1,0,0,0,0,0,0,0,0,1,0,2023-11-24,0,1.0,0.5,0.5833333333333333
TXN_9843421,1,0,0,0,0,0,0,0,1,0,0,2023-09-06,0,0.5,0.5,0.3333333333333333
TXN_2227781,1,0,0,0,0,0,0,0,1,0,0,2023-01-21,1,0.0,0.5,0.08333333333333333
TXN_6159539,0,0,0,1,0,0,0,0,0,0,1,2023-01-12,0,0.0,0.5,0.08333333333333333
TXN_8014766,0,0,0,0,0,1,0,0,0,0,1,2023-10-05,1,0.0,0.75,0.125
TXN_5234152,0,0,1,0,0,0,0,0,0,0,1,2023-03-26,1,1.0,0.0,0.16666666666666666
TXN_9468033,0,0,0,1,0,0,0,0,0,1,0,2023-12-13,0,0.0,0.5,0.08333333333333333
TXN_3132304,0,0,0,0,0,1,0,0,0,1,0,2023-01-21,0,0.0,0.75,0.125
TXN_6262910,1,0,0,0,0,0,0,0,1,0,0,2023-07-02,1,0.75,0.5,0.4583333333333333
TXN_7543841,0,0,1,0,0,0,0,0,1,0,0,2023-11-07,0,0.5,0.0,0.08333333333333333
TXN_7901672,0,0,1,0,0,0,0,0,0,1,0,2023-06-24,1,0.0,0.0,0.0
TXN_1058957,0,0,0,1,0,0,0,0,1,0,0,2023-03-21,0,0.25,0.5,0.20833333333333331
TXN_7635738,0,1,0,0,0,0,0,0,1,0,0,2023-08-08,1,0.75,0.25,0.29166666666666663
TXN_2728444,0,0,0,0,1,0,0,0,0,0,1,2023-01-23,1,0.0,1.0,0.16666666666666666
TXN_9073184,1,0,0,0,0,0,0,0,0,1,0,2023-04-14,1,0.25,0.5,0.20833333333333331
TXN_2044945,0,0,0,0,0,0,0,1,1,0,0,2023-10-18,1,0.25,0.125,0.08333333333333333
TXN_5665341,0,0,0,0,0,0,0,1,1,0,0,2023-02-27,0,1.0,0.125,0.2708333333333333
TXN_1509627,0,0,0,1,0,0,0,0,0,0,1,2023-03-23,0,0.75,0.5,0.4583333333333333
TXN_7813066,0,0,0,1,0,0,0,0,0,0,1,2023-02-28,0,0.0,0.5,0.08333333333333333
TXN_5518591,0,0,1,0,0,0,0,0,0,0,1,2023-09-21,1,0.75,0.0,0.125
TXN_6540415,1,0,0,0,0,0,0,0,0,1,0,2023-05-27,0,1.0,0.5,0.5833333333333333
TXN_2991726,0,0,0,1,0,0,0,0,0,0,1,2023-09-01,0,1.0,0.5,0.5833333333333333
TXN_7939659,1,0,0,0,0,0,0,0,0,0,1,2023-07-26,1,0.5,0.5,0.3333333333333333
TXN_7531403,0,0,0,0,0,0,1,0,1,0,0,2023-07-08,0,0.25,0.75,0.29166666666666663
TXN_3767196,0,0,0,0,1,0,0,0,1,0,0,2023-08-30,0,0.75,1.0,0.7916666666666666
TXN_3562332,0,0,0,0,1,0,0,0,0,1,0,2023-06-20,1,1.0,1.0,1.0
TXN_7302788,0,1,0,0,0,0,0,0,1,0,0,2023-09-18,0,0.0,0.25,0.041666666666666664
TXN_9233948,0,0,1,0,0,0,0,0,1,0,0,2023-03-26,1,0.75,0.0,0.125
TXN_1510673,0,0,0,1,0,0,0,0,0,1,0,2023-02-26,1,0.5,0.5,0.3333333333333333
TXN_9867586,0,0,0,0,0,0,1,0,1,0,0,2023-06-02,0,0.75,0.75,0.625
TXN_1750875,0,0,0,1,0,0,0,0,1,0,0,2023-12-13,0,0.5,0.5,0.3333333333333333
TXN_6397944,0,0,0,0,1,0,0,0,1,0,0,2023-10-31,1,1.0,1.0,1.0
TXN_5216430,0,0,1,0,0,0,0,0,0,1,0,2023-02-05,0,0.5,0.0,0.08333333333333333
TXN_2723755,0,0,0,1,0,0,0,0,1,0,0,2023-06-30,1,0.5,0.5,0.3333333333333333
TXN_2313646,0,0,0,0,0,1,0,0,1,0,0,2023-08-24,0,0.5,0.75,0.4583333333333333
TXN_6327139,0,0,0,0,0,1,0,0,0,1,0,2023-02-25,1,0.75,0.75,0.625
TXN_4028494,1,0,0,0,0,0,0,0,0,0,1,2023-10-22,0,0.5,0.5,0.3333333333333333
TXN_1412415,0,0,0,1,0,0,0,0,1,0,0,2023-02-24,0,0.5,0.5,0.3333333333333333
TXN_7398884,0,0,0,0,0,0,1,0,0,0,1,2023-12-24,1,0.5,0.75,0.4583333333333333
TXN_6546131,0,1,0,0,0,0,0,0,0,1,0,2023-06-26,0,0.75,0.25,0.29166666666666663
TXN_9030656,0,0,0,1,0,0,0,0,0,0,1,2023-12-12,1,1.0,0.5,0.5833333333333333
TXN_1950777,0,0,0,0,1,0,0,0,1,0,0,2023-08-26,1,1.0,1.0,1.0
TXN_4605239,0,1,0,0,0,0,0,0,0,1,0,2023-08-06,0,0.0,0.25,0.041666666666666664
TXN_8019396,0,0,0,0,0,1,0,0,0,0,1,2023-10-20,0,0.5,0.75,0.4583333333333333
TXN_3716685,0,0,0,0,0,1,0,0,0,0,1,2023-11-16,1,1.0,0.75,0.7916666666666666
TXN_1580822,0,0,0,1,0,0,0,0,0,1,0,2023-08-12,1,1.0,0.5,0.5833333333333333
TXN_5060289,0,0,0,0,0,0,0,1,0,1,0,2023-12-12,1,1.0,0.125,0.2708333333333333
TXN_7874772,0,0,0,0,0,0,0,1,0,1,0,2023-04-26,1,0.0,0.125,0.020833333333333332
TXN_2625464,0,0,0,0,0,0,1,0,0,1,0,2023-10-06,0,0.5,0.75,0.4583333333333333
TXN_9338442,1,0,0,0,0,0,0,0,0,0,1,2023-12-29,0,0.0,0.5,0.08333333333333333
TXN_2953908,0,1,0,0,0,0,0,0,0,1,0,2023-10-11,0,1.0,0.25,0.375
TXN_2576936,1,0,0,0,0,0,0,0,1,0,0,2023-10-14,0,0.5,0.5,0.3333333333333333
TXN_4586482,0,0,0,1,0,0,0,0,1,0,0,2023-09-04,0,0.5,0.5,0.3333333333333333
TXN_3660806,0,0,1,0,0,0,0,0,1,0,0,2023-02-14,1,1.0,0.0,0.16666666666666666
TXN_8069514,0,0,0,0,0,0,1,0,0,1,0,2023-05-05,0,0.75,0.75,0.625
TXN_6410244,0,0,0,0,0,0,0,1,0,1,0,2023-01-06,1,0.75,0.125,0.20833333333333331
TXN_5026431,0,0,0,0,0,0,1,0,1,0,0,2023-12-05,1,1.0,0.75,0.7916666666666666
TXN_3106348,0,0,0,0,1,0,0,0,0,0,1,2023-01-10,0,0.75,1.0,0.7916666666666666
TXN_6216278,0,1,0,0,0,0,0,0,0,1,0,2023-11-06,0,0.75,0.25,0.29166666666666663
TXN_9947324,0,0,0,0,0,1,0,0,0,0,1,2023-08-22,1,0.25,0.75,0.29166666666666663
TXN_9531434,0,0,1,0,0,0,0,0,0,1,0,2023-10-09,1,0.0,0.0,0.0
TXN_4104718,0,0,1,0,0,0,0,0,1,0,0,2023-11-08,1,0.25,0.0,0.041666666666666664
TXN_5789560,0,0,0,1,0,0,0,0,1,0,0,2023-02-13,1,0.25,0.5,0.20833333333333331
TXN_8285752,0,0,1,0,0,0,0,0,0,1,0,2023-01-07,0,0.75,0.0,0.125
TXN_8099340,0,0,0,0,0,0,0,1,0,0,1,2023-04-23,0,0.75,0.125,0.20833333333333331
TXN_7733300,0,0,0,0,0,0,1,0,1,0,0,2023-12-10,1,0.25,0.75,0.29166666666666663
TXN_4416331,0,0,1,0,0,0,0,0,0,0,1,2023-02-13,1,0.0,0.0,0.0
TXN_3551665,0,0,0,1,0,0,0,0,0,1,0,2023-04-06,0,0.75,0.5,0.4583333333333333
TXN_7377496,1,0,0,0,0,0,0,0,0,1,0,2023-02-28,1,0.0,0.5,0.08333333333333333
TXN_4637438,0,0,0,0,1,0,0,0,0,1,0,2023-04-07,1,0.25,1.0,0.375
TXN_5493965,0,0,0,1,0,0,0,0,0,1,0,2023-06-16,1,0.0,0.5,0.08333333333333333
TXN_2525207,0,0,1,0,0,0,0,0,0,0,1,2023-11-25,0,0.25,0.0,0.041666666666666664
TXN_7354480,1,0,0,0,0,0,0,0,1,0,0,2023-01-17,1,0.25,0.5,0.20833333333333331
TXN_6819128,0,0,0,0,1,0,0,0,1,0,0,2023-10-19,1,0.0,1.0,0.16666666666666666
TXN_5023419,0,0,1,0,0,0,0,0,0,0,1,2023-02-26,1,0.5,0.0,0.08333333333333333
TXN_9864890,0,0,0,0,0,1,0,0,0,0,1,2023-12-06,0,0.5,0.75,0.4583333333333333
TXN_8798330,0,1,0,0,0,0,0,0,1,0,0,2023-02-16,0,0.0,0.25,0.041666666666666664
TXN_9951411,0,1,0,0,0,0,0,0,1,0,0,2023-08-09,0,0.0,0.25,0.041666666666666664
TXN_6755795,0,0,0,0,0,0,1,0,1,0,0,2023-02-22,1,1.0,0.75,0.7916666666666666
TXN_7507071,0,0,0,0,0,0,1,0,1,0,0,2023-01-10,0,0.25,0.75,0.29166666666666663
TXN_1018470,0,0,0,1,0,0,0,0,0,1,0,2023-01-14,1,0.5,0.5,0.3333333333333333
TXN_2924262,0,0,1,0,0,0,0,0,1,0,0,2023-09-01,1,1.0,0.0,0.16666666666666666
TXN_6472242,0,0,0,0,0,1,0,0,0,1,0,2023-03-27,1,0.0,0.75,0.125
TXN_8482647,0,0,0,0,0,1,0,0,0,1,0,2023-01-08,0,1.0,0.75,0.7916666666666666
TXN_6994354,0,0,0,0,1,0,0,0,0,1,0,2023-07-03,1,1.0,1.0,1.0
TXN_3520910,0,0,0,0,1,0,0,0,0,1,0,2023-05-06,1,0.0,1.0,0.16666666666666666
TXN_8589003,0,0,0,0,0,0,0,1,1,0,0,2023-08-25,1,0.75,0.125,0.20833333333333331
TXN_3219263,0,0,0,0,0,0,1,0,0,1,0,2023-03-31,1,1.0,0.75,0.7916666666666666
TXN_9619442,1,0,0,0,0,0,0,0,0,0,1,2023-05-23,0,0.75,0.5,0.4583333333333333
TXN_1050323,0,0,0,1,0,0,0,0,1,0,0,2023-03-10,0,0.0,0.5,0.08333333333333333
TXN_8379815,0,0,0,0,0,0,1,0,0,1,0,2023-07-31,0,1.0,0.75,0.7916666666666666
TXN_6746916,0,1,0,0,0,0,0,0,1,0,0,2023-11-15,1,0.0,0.25,0.041666666666666664
TXN_1547717,0,0,0,0,0,1,0,0,1,0,0,2023-12-15,1,1.0,0.75,0.7916666666666666
TXN_8407982,0,0,0,0,1,0,0,0,0,0,1,2023-09-17,1,0.25,1.0,0.375
TXN_3484276,0,0,1,0,0,0,0,0,0,0,1,2023-06-14,1,1.0,0.0,0.16666666666666666
TXN_3705669,0,0,0,0,0,0,0,1,0,0,1,2023-11-23,0,0.25,0.125,0.08333333333333333
TXN_4105487,0,0,0,0,0,1,0,0,0,0,1,2023-04-13,0,0.75,0.75,0.625
TXN_6856558,0,0,0,1,0,0,0,0,0,1,0,2023-10-30,1,0.75,0.5,0.4583333333333333
TXN_3669990,0,0,0,0,0,0,0,1,1,0,0,2023-01-27,1,0.25,0.125,0.08333333333333333
TXN_5994713,0,0,0,0,0,0,0,1,0,0,1,2023-03-05,1,0.5,0.125,0.14583333333333331
TXN_8091357,0,1,0,0,0,0,0,0,1,0,0,2023-12-28,0,0.0,0.25,0.041666666666666664
TXN_9555958,0,0,0,0,0,0,1,0,0,0,1,2023-09-30,1,0.75,0.75,0.625
TXN_4194085,0,0,0,0,1,0,0,0,0,1,0,2023-05-25,1,0.0,1.0,0.16666666666666666
TXN_7780748,0,0,1,0,0,0,0,0,0,1,0,2023-01-19,0,0.5,0.0,0.08333333333333333
TXN_7914340,0,0,0,0,0,0,0,1,0,1,0,2023-09-04,0,0.0,0.125,0.020833333333333332
TXN_7780786,1,0,0,0,0,0,0,0,0,1,0,2023-10-30,0,0.0,0.5,0.08333333333333333
TXN_1048284,0,0,0,0,1,0,0,0,1,0,0,2023-08-19,0,0.25,1.0,0.375
TXN_3301517,0,0,0,0,1,0,0,0,0,1,0,2023-04-13,0,1.0,1.0,1.0
TXN_3120848,0,0,1,0,0,0,0,0,1,0,0,2023-11-01,0,0.0,0.0,0.0
TXN_3764807,0,0,0,0,0,0,1,0,0,1,0,2023-08-28,1,0.25,0.75,0.29166666666666663
TXN_3315467,0,0,0,0,0,1,0,0,0,0,1,2023-11-17,1,0.25,0.75,0.29166666666666663
TXN_9363990,1,0,0,0,0,0,0,0,0,1,0,2023-01-17,0,0.5,0.5,0.3333333333333333
TXN_9666257,0,0,0,1,0,0,0,0,0,0,1,2023-09-27,0,0.25,0.5,0.20833333333333331
TXN_1504466,0,1,0,0,0,0,0,0,1,0,0,2023-11-07,0,0.0,0.25,0.041666666666666664
TXN_3324387,0,0,0,0,0,0,1,0,0,1,0,2023-12-13,0,0.0,0.75,0.125
TXN_7603895,0,0,0,0,0,0,1,0,0,1,0,2023-12-20,0,1.0,0.75,0.7916666666666666
TXN_1477525,0,0,0,0,1,0,0,0,1,0,0,2023-11-06,1,0.5,1.0,0.5833333333333333
TXN_9063624,0,1,0,0,0,0,0,0,0,1,0,2023-04-21,1,0.0,0.25,0.041666666666666664
TXN_1595139,0,0,0,0,0,0,1,0,1,0,0,2023-08-24,1,1.0,0.75,0.7916666666666666
TXN_8606912,0,0,0,0,1,0,0,0,0,0,1,2023-03-10,1,1.0,1.0,1.0
TXN_8548232,0,0,0,0,0,1,0,0,0,0,1,2023-06-21,0,0.75,0.75,0.625
TXN_6074414,0,0,0,0,1,0,0,0,0,1,0,2023-11-13,0,0.25,1.0,0.375
TXN_2010658,0,0,0,0,0,0,1,0,1,0,0,2023-02-20,0,0.5,0.75,0.4583333333333333
TXN_5070577,0,0,1,0,0,0,0,0,0,1,0,2023-02-07,1,0.75,0.0,0.125
TXN_5426236,0,0,0,0,0,1,0,0,1,0,0,2023-08-31,1,0.5,0.75,0.4583333333333333
TXN_8867957,0,0,0,0,0,1,0,0,0,0,1,2023-01-04,0,0.0,0.75,0.125
TXN_3241422,0,0,0,0,1,0,0,0,1,0,0,2023-07-17,1,0.25,1.0,0.375
TXN_6036254,0,1,0,0,0,0,0,0,0,1,0,2023-09-20,0,0.5,0.25,0.20833333333333331
TXN_3580048,0,0,0,0,0,0,1,0,1,0,0,2023-05-17,1,1.0,0.75,0.7916666666666666
TXN_2756336,0,0,0,0,0,0,1,0,0,1,0,2023-07-07,1,0.5,0.75,0.4583333333333333
TXN_9691873,0,0,0,1,0,0,0,0,0,0,1,2023-02-15,1,0.25,0.5,0.20833333333333331
TXN_2466187,0,1,0,0,0,0,0,0,0,0,1,2023-04-18,1,0.25,0.25,0.125
TXN_9699116,0,0,1,0,0,0,0,0,0,0,1,2023-02-06,0,0.25,0.0,0.041666666666666664
TXN_7964520,0,1,0,0,0,0,0,0,0,0,1,2023-03-26,0,0.0,0.25,0.041666666666666664
TXN_3185667,0,0,0,0,0,0,0,1,0,0,1,2023-12-26,0,1.0,0.125,0.2708333333333333
TXN_8167741,0,0,0,0,0,1,0,0,0,0,1,2023-09-09,1,0.75,0.75,0.625
TXN_1015883,0,0,1,0,0,0,0,0,1,0,0,2023-10-16,0,0.75,0.0,0.125
TXN_8838566,1,0,0,0,0,0,0,0,0,0,1,2023-07-25,0,1.0,0.5,0.5833333333333333
TXN_2423343,0,0,0,0,0,0,0,1,1,0,0,2023-09-25,0,0.75,0.125,0.20833333333333331
TXN_1496038,0,0,0,1,0,0,0,0,0,1,0,2023-12-22,0,0.75,0.5,0.4583333333333333
TXN_9484436,0,0,0,0,1,0,0,0,0,1,0,2023-01-20,0,0.0,1.0,0.16666666666666666
TXN_7670699,0,0,0,1,0,0,0,0,1,0,0,2023-12-24,0,0.0,0.5,0.08333333333333333
TXN_7765640,0,1,0,0,0,0,0,0,0,1,0,2023-07-07,1,0.0,0.25,0.041666666666666664
TXN_5412418,0,0,0,1,0,0,0,0,1,0,0,2023-09-23,0,0.5,0.5,0.3333333333333333
TXN_2053631,0,0,0,0,1,0,0,0,0,1,0,2023-03-21,1,0.0,1.0,0.16666666666666666
TXN_3632064,0,0,1,0,0,0,0,0,1,0,0,2023-02-12,0,1.0,0.0,0.16666666666666666
TXN_4254587,0,0,0,0,0,0,1,0,0,0,1,2023-05-27,1,0.0,0.75,0.125
TXN_9605972,1,0,0,0,0,0,0,0,1,0,0,2023-09-30,1,0.5,0.5,0.3333333333333333
TXN_1323030,0,0,0,0,1,0,0,0,0,0,1,2023-03-30,0,0.75,1.0,0.7916666666666666
TXN_7989903,0,0,0,1,0,0,0,0,1,0,0,2023-06-19,0,0.25,0.5,0.20833333333333331
TXN_7423885,0,0,0,1,0,0,0,0,0,0,1,2023-09-06,1,0.75,0.5,0.4583333333333333
TXN_1495371,0,0,0,0,0,1,0,0,0,1,0,2023-07-21,1,0.25,0.75,0.29166666666666663
TXN_8934025,0,0,1,0,0,0,0,0,1,0,0,2023-12-18,0,0.25,0.0,0.041666666666666664
TXN_7515290,0,0,0,0,0,0,1,0,0,0,1,2023-12-23,1,0.5,0.75,0.4583333333333333
TXN_3711520,0,0,0,0,0,0,0,1,0,1,0,2023-06-29,0,0.0,0.125,0.020833333333333332
TXN_3841683,0,0,0,0,0,1,0,0,1,0,0,2023-06-20,0,0.0,0.75,0.125
TXN_9100530,0,0,0,0,0,1,0,0,0,0,1,2023-05-21,0,0.5,0.75,0.4583333333333333
TXN_3112013,0,0,0,0,0,1,0,0,1,0,0,2023-01-06,0,1.0,0.75,0.7916666666666666
TXN_7786787,0,0,0,0,0,0,0,1,0,1,0,2023-07-08,1,0.0,0.125,0.020833333333333332
TXN_7160196,0,0,0,0,0,1,0,0,0,1,0,2023-12-06,0,0.0,0.75,0.125
TXN_4634894,0,1,0,0,0,0,0,0,0,1,0,2023-12-09,0,0.0,0.25,0.041666666666666664
TXN_8214944,0,0,0,0,0,0,0,1,0,1,0,2023-11-18,0,0.5,0.125,0.14583333333333331
TXN_1080377,1,0,0,0,0,0,0,0,1,0,0,2023-04-08,0,0.25,0.5,0.20833333333333331
TXN_8566683,0,0,0,0,0,0,1,0,1,0,0,2023-08-09,1,0.75,0.75,0.625
TXN_2784588,0,0,0,1,0,0,0,0,1,0,0,2023-03-26,1,0.25,0.5,0.20833333333333331
TXN_6110769,0,0,1,0,0,0,0,0,0,1,0,2023-03-02,1,0.25,0.0,0.041666666666666664
TXN_9999124,0,0,0,1,0,0,0,0,0,0,1,2023-04-20,1,0.25,0.5,0.20833333333333331
TXN_1637334,0,0,0,0,0,0,0,1,0,1,0,2023-08-09,0,0.25,0.125,0.08333333333333333
TXN_9514452,1,0,0,0,0,0,0,0,0,1,0,2023-07-29,1,1.0,1.0,0.375
TXN_8787350,0,0,0,0,0,1,0,0,0,0,1,2023-05-21,0,1.0,0.75,0.7916666666666666
TXN_7533675,0,0,0,0,0,0,1,0,0,0,1,2023-10-28,0,0.5,0.75,0.4583333333333333
TXN_2264601,0,0,0,0,0,0,0,1,0,0,1,2023-01-21,1,0.0,0.125,0.020833333333333332
TXN_6024139,0,0,0,1,0,0,0,0,0,0,1,2023-08-15,1,0.75,0.5,0.4583333333333333
TXN_9841397,0,1,0,0,0,0,0,0,1,0,0,2023-12-28,0,0.75,0.25,0.29166666666666663
TXN_7302991,0,0,0,0,0,0,1,0,0,0,1,2023-04-05,1,0.75,0.75,0.625
TXN_6093331,0,0,0,0,0,0,1,0,0,1,0,2023-06-24,0,0.25,0.75,0.29166666666666663
TXN_3087096,0,0,0,0,0,0,0,1,1,0,0,2023-08-19,0,0.5,0.125,0.14583333333333331
TXN_8324315,0,0,0,0,1,0,0,0,0,1,0,2023-08-07,1,0.0,1.0,0.16666666666666666
TXN_8933679,0,0,0,0,1,0,0,0,0,0,1,2023-09-24,0,0.5,1.0,0.5833333333333333
TXN_3528653,1,0,0,0,0,0,0,0,0,1,0,2023-02-26,0,0.0,0.5,0.08333333333333333
TXN_4256155,1,0,0,0,0,0,0,0,0,0,1,2023-04-06,1,1.0,0.5,0.5833333333333333
TXN_7186675,0,0,1,0,0,0,0,0,1,0,0,2023-11-09,1,0.75,0.0,0.125
TXN_5295223,0,0,0,0,1,0,0,0,1,0,0,2023-03-23,0,1.0,1.0,1.0
TXN_8578861,0,0,0,0,1,0,0,0,0,0,1,2023-05-16,0,1.0,1.0,1.0
TXN_8028042,0,1,0,0,0,0,0,0,0,0,1,2023-04-05,1,0.5,0.25,0.20833333333333331
TXN_4021467,0,1,0,0,0,0,0,0,1,0,0,2023-04-02,1,0.25,0.25,0.125
TXN_4807037,0,0,0,0,1,0,0,0,1,0,0,2023-12-08,0,1.0,1.0,1.0
TXN_3975938,0,0,0,0,0,1,0,0,0,1,0,2023-09-04,0,0.5,0.75,0.4583333333333333
TXN_3312653,0,0,1,0,0,0,0,0,1,0,0,2023-12-09,1,1.0,0.0,0.16666666666666666
TXN_1405498,0,0,0,1,0,0,0,0,1,0,0,2023-12-31,1,0.25,0.5,0.20833333333333331
TXN_6571288,0,0,0,0,0,1,0,0,0,1,0,2023-10-23,1,0.25,0.75,0.29166666666666663
TXN_7560210,0,0,0,1,0,0,0,0,1,0,0,2023-02-21,1,1.0,0.5,0.5833333333333333
TXN_2905234,0,0,1,0,0,0,0,0,0,1,0,2023-09-24,0,0.0,0.0,0.0
TXN_3630981,0,1,0,0,0,0,0,0,1,0,0,2023-10-31,0,0.25,0.25,0.125
TXN_3339728,0,0,0,1,0,0,0,0,0,0,1,2023-05-13,0,1.0,0.5,0.5833333333333333
TXN_3826298,0,0,1,0,0,0,0,0,0,1,0,2023-11-28,0,0.5,0.0,0.08333333333333333
TXN_7854306,0,0,0,0,0,1,0,0,1,0,0,2023-09-17,0,0.0,0.75,0.125
TXN_6034709,0,1,0,0,0,0,0,0,0,1,0,2023-06-16,0,0.25,0.25,0.125
TXN_3072565,0,0,0,1,0,0,0,0,0,1,0,2023-07-09,1,0.5,0.5,0.3333333333333333
TXN_9544977,0,0,1,0,0,0,0,0,0,1,0,2023-07-04,0,0.75,0.0,0.125
TXN_9924421,1,0,0,0,0,0,0,0,0,1,0,2023-07-07,1,1.0,0.5,0.5833333333333333
TXN_8374101,0,0,0,0,1,0,0,0,0,1,0,2023-08-16,0,1.0,1.0,1.0
TXN_5814878,0,0,0,0,0,0,1,0,0,0,1,2023-04-02,0,0.25,0.75,0.29166666666666663
TXN_2398895,0,0,0,1,0,0,0,0,0,0,1,2023-04-04,0,1.0,0.5,0.5833333333333333
TXN_1205020,0,0,0,0,0,0,0,1,1,0,0,2023-10-03,1,1.0,0.125,0.2708333333333333
TXN_4620459,0,0,0,0,0,1,0,0,1,0,0,2023-11-19,0,1.0,0.75,0.7916666666666666
TXN_1631377,0,1,0,0,0,0,0,0,0,0,1,2023-06-07,1,1.0,0.25,0.375
TXN_6368424,0,0,1,0,0,0,0,0,0,0,1,2023-03-26,1,0.5,0.0,0.08333333333333333
TXN_8116676,1,0,0,0,0,0,0,0,0,0,1,2023-09-16,1,0.25,0.5,0.20833333333333331
TXN_4116036,0,0,0,0,1,0,0,0,0,1,0,2023-01-22,0,0.25,1.0,0.375
TXN_3172090,0,0,0,1,0,0,0,0,0,1,0,2023-05-09,1,0.0,0.5,0.08333333333333333
TXN_5193568,0,0,0,1,0,0,0,0,1,0,0,2023-12-10,1,0.5,0.5,0.3333333333333333
TXN_3725152,0,1,0,0,0,0,0,0,1,0,0,2023-07-08,1,1.0,0.25,0.375
TXN_8724711,0,0,0,0,1,0,0,0,1,0,0,2023-02-07,0,0.5,1.0,0.5833333333333333
TXN_9477344,0,0,1,0,0,0,0,0,0,1,0,2023-09-30,0,0.25,0.0,0.041666666666666664
TXN_5899361,1,0,0,0,0,0,0,0,0,1,0,2023-08-08,0,0.0,0.5,0.08333333333333333
TXN_8261380,1,0,0,0,0,0,0,0,1,0,0,2023-10-01,0,0.5,0.5,0.3333333333333333
TXN_1188551,0,1,0,0,0,0,0,0,1,0,0,2023-03-20,0,0.25,0.25,0.125
TXN_1887250,0,0,0,0,0,0,0,1,1,0,0,2023-05-15,1,0.5,0.125,0.14583333333333331
TXN_4799873,0,0,1,0,0,0,0,0,0,0,1,2023-03-04,0,0.5,0.0,0.08333333333333333
TXN_9691151,0,1,0,0,0,0,0,0,0,1,0,2023-08-23,0,0.75,0.25,0.29166666666666663
TXN_3014261,0,0,0,0,1,0,0,0,1,0,0,2023-11-29,0,0.75,1.0,0.7916666666666666
TXN_9987991,0,0,0,0,0,0,1,0,0,1,0,2023-02-21,1,0.75,0.75,0.625
TXN_1093668,0,1,0,0,0,0,0,0,0,0,1,2023-05-18,1,0.25,0.25,0.125
TXN_8279966,0,1,0,0,0,0,0,0,1,0,0,2023-08-24,0,0.5,0.25,0.20833333333333331
TXN_3977835,0,0,0,0,0,0,0,1,0,1,0,2023-05-06,0,1.0,0.125,0.2708333333333333
TXN_1758689,0,0,0,0,0,0,1,0,1,0,0,2023-02-17,1,0.5,0.75,0.4583333333333333
TXN_4312977,0,0,0,1,0,0,0,0,0,0,1,2023-03-15,0,0.0,0.5,0.08333333333333333
TXN_6503526,0,0,1,0,0,0,0,0,0,1,0,2023-10-20,0,1.0,0.0,0.16666666666666666
TXN_8676485,0,0,0,0,1,0,0,0,0,1,0,2023-04-28,0,0.25,1.0,0.375
TXN_7176851,0,0,0,0,0,0,0,1,0,1,0,2023-11-20,1,0.75,0.125,0.20833333333333331
TXN_8695037,0,0,0,0,0,0,1,0,0,0,1,2023-01-24,0,0.25,0.75,0.29166666666666663
TXN_6632882,0,0,0,0,0,0,1,0,0,0,1,2023-04-30,0,0.0,0.75,0.125
TXN_7775016,0,0,0,0,0,1,0,0,1,0,0,2023-09-27,0,1.0,0.75,0.7916666666666666
TXN_2176024,0,1,0,0,0,0,0,0,0,0,1,2023-02-03,0,1.0,0.25,0.375
TXN_7051683,0,0,0,1,0,0,0,0,0,0,1,2023-11-16,0,0.5,0.5,0.3333333333333333
TXN_3670041,0,0,0,0,0,0,1,0,0,0,1,2023-03-22,0,0.5,0.75,0.4583333333333333
TXN_5124080,0,0,1,0,0,0,0,0,0,1,0,2023-01-14,0,0.0,0.0,0.0
TXN_3317649,0,0,0,0,0,1,0,0,0,0,1,2023-11-06,1,0.5,0.75,0.4583333333333333
TXN_3953316,0,0,1,0,0,0,0,0,0,0,1,2023-06-06,1,0.25,0.0,0.041666666666666664
TXN_6160209,0,0,0,0,1,0,0,0,0,1,0,2023-07-28,0,0.5,1.0,0.5833333333333333
TXN_7089316,0,0,0,0,0,0,0,1,1,0,0,2023-11-27,0,0.25,0.125,0.08333333333333333
TXN_5421310,0,1,0,0,0,0,0,0,0,0,1,2023-06-10,0,0.75,0.25,0.29166666666666663
TXN_9081409,1,0,0,0,0,0,0,0,0,1,0,2023-06-16,0,0.0,0.5,0.08333333333333333
TXN_6850528,0,0,1,0,0,0,0,0,1,0,0,2023-10-13,0,0.5,0.0,0.08333333333333333
TXN_6900182,0,0,0,0,0,0,1,0,1,0,0,2023-09-10,0,0.5,0.75,0.4583333333333333
TXN_2643748,0,0,0,0,1,0,0,0,1,0,0,2023-11-28,1,0.5,1.0,0.5833333333333333
TXN_4858908,1,0,0,0,0,0,0,0,1,0,0,2023-02-11,0,0.25,0.5,0.20833333333333331
TXN_8972137,0,0,0,1,0,0,0,0,0,1,0,2023-05-15,0,0.75,0.5,0.4583333333333333
TXN_2828785,0,0,0,0,0,0,1,0,1,0,0,2023-01-24,0,0.0,0.75,0.125
TXN_3489721,0,1,0,0,0,0,0,0,1,0,0,2023-09-27,0,0.5,0.25,0.20833333333333331
TXN_4791031,0,1,0,0,0,0,0,0,1,0,0,2023-06-05,1,1.0,0.25,0.375
TXN_5223702,0,0,0,0,0,0,1,0,0,1,0,2023-06-23,1,0.75,0.75,0.625
TXN_2788676,0,0,1,0,0,0,0,0,0,0,1,2023-11-05,1,0.25,0.0,0.041666666666666664
TXN_1643447,1,0,0,0,0,0,0,0,0,0,1,2023-09-03,1,0.0,0.5,0.08333333333333333
TXN_5172164,0,0,0,0,0,0,0,1,0,0,1,2023-09-13,0,0.5,0.125,0.14583333333333331
TXN_2818867,0,0,0,0,1,0,0,0,1,0,0,2023-01-11,0,0.5,1.0,0.5833333333333333
TXN_1303984,0,0,0,0,1,0,0,0,0,0,1,2023-07-24,0,0.75,1.0,0.7916666666666666
TXN_3373078,0,0,0,0,0,0,1,0,0,0,1,2023-12-01,0,0.75,0.75,0.625
TXN_3982146,0,1,0,0,0,0,0,0,0,1,0,2023-07-09,0,0.5,0.25,0.20833333333333331
TXN_1185156,0,0,0,0,0,0,1,0,0,1,0,2023-03-23,1,0.75,0.75,0.625
TXN_6720290,0,0,0,0,0,0,1,0,0,1,0,2023-01-25,0,0.0,0.75,0.125
TXN_9365447,0,0,0,0,0,0,0,1,1,0,0,2023-12-10,1,0.25,0.125,0.08333333333333333
TXN_7701878,0,0,0,0,0,0,1,0,0,1,0,2023-08-11,0,0.75,0.75,0.625
TXN_7677817,0,1,0,0,0,0,0,0,0,1,0,2023-01-17,1,0.0,0.25,0.041666666666666664
TXN_9983530,0,0,0,0,0,0,1,0,1,0,0,2023-01-04,1,0.5,0.75,0.4583333333333333
TXN_4755934,0,0,0,0,0,0,0,1,1,0,0,2023-12-29,1,0.25,0.125,0.08333333333333333
TXN_2931198,1,0,0,0,0,0,0,0,0,1,0,2023-04-21,0,0.25,0.5,0.20833333333333331
TXN_7426387,0,0,0,0,0,0,1,0,1,0,0,2023-10-30,0,1.0,0.75,0.7916666666666666
TXN_3182547,0,0,0,1,0,0,0,0,0,0,1,2023-07-28,1,0.5,0.5,0.3333333333333333
TXN_6980463,0,0,0,0,1,0,0,0,0,0,1,2023-09-03,0,0.0,1.0,0.16666666666666666
TXN_6708165,0,0,0,1,0,0,0,0,0,0,1,2023-10-19,0,1.0,0.5,0.5833333333333333
TXN_4310629,1,0,0,0,0,0,0,0,0,1,0,2023-10-02,1,0.5,0.5,0.3333333333333333
TXN_4650611,0,1,0,0,0,0,0,0,0,1,0,2023-10-14,1,0.0,0.25,0.041666666666666664
TXN_7952232,0,0,0,0,0,0,0,1,1,0,0,2023-03-31,0,0.75,0.125,0.20833333333333331
TXN_1593691,0,0,0,0,0,1,0,0,0,0,1,2023-03-11,0,0.25,0.75,0.29166666666666663
TXN_9432007,0,0,1,0,0,0,0,0,1,0,0,2023-04-01,1,0.75,0.0,0.125
TXN_3781198,1,0,0,0,0,0,0,0,0,0,1,2023-11-04,0,0.5,0.5,0.3333333333333333
TXN_3585464,0,0,1,0,0,0,0,0,0,0,1,2023-09-12,1,0.5,0.0,0.08333333333333333
TXN_8286164,0,0,0,0,0,0,1,0,1,0,0,2023-03-08,0,0.0,0.75,0.125
TXN_8851113,0,0,0,0,0,0,0,1,0,0,1,2023-12-23,0,0.5,0.125,0.14583333333333331
TXN_9131136,0,0,0,1,0,0,0,0,0,1,0,2023-03-20,1,0.25,0.5,0.20833333333333331
TXN_8872160,0,0,0,0,1,0,0,0,0,0,1,2023-09-17,1,1.0,1.0,1.0
TXN_1449065,0,0,0,0,1,0,0,0,1,0,0,2023-10-03,0,0.25,1.0,0.375
TXN_1230311,0,0,0,1,0,0,0,0,0,0,1,2023-08-14,1,0.5,0.5,0.3333333333333333
TXN_2325484,0,0,0,0,1,0,0,0,0,0,1,2023-08-16,1,0.0,1.0,0.16666666666666666
TXN_2647425,0,0,0,1,0,0,0,0,0,1,0,2023-07-30,1,0.75,0.5,0.4583333333333333
TXN_5525916,0,1,0,0,0,0,0,0,1,0,0,2023-03-02,1,0.25,0.25,0.125
TXN_4297979,0,1,0,0,0,0,0,0,0,0,1,2023-08-14,0,0.0,0.25,0.041666666666666664
TXN_1686323,0,0,0,0,0,0,1,0,0,0,1,2023-11-30,0,0.75,0.75,0.625
TXN_5373154,1,0,0,0,0,0,0,0,0,0,1,2023-04-06,1,0.5,0.5,0.3333333333333333
TXN_6225571,0,0,0,0,0,0,1,0,0,1,0,2023-09-13,1,0.25,0.75,0.29166666666666663
TXN_9772556,0,1,0,0,0,0,0,0,0,1,0,2023-10-20,0,1.0,0.25,0.375
TXN_3033598,0,0,0,0,0,1,0,0,1,0,0,2023-03-12,1,1.0,0.75,0.7916666666666666
TXN_4382956,0,0,0,0,0,0,0,1,0,1,0,2023-11-16,1,0.75,0.125,0.20833333333333331
TXN_8117583,0,0,0,0,1,0,0,0,1,0,0,2023-02-25,0,0.0,1.0,0.16666666666666666
TXN_1101527,0,0,0,0,0,0,1,0,0,0,1,2023-04-20,1,1.0,0.75,0.7916666666666666
TXN_2118759,0,1,0,0,0,0,0,0,0,0,1,2023-08-07,1,0.25,0.25,0.125
TXN_7603948,1,0,0,0,0,0,0,0,0,1,0,2023-01-28,1,0.5,0.5,0.3333333333333333
TXN_5519424,0,0,0,0,0,0,0,1,0,0,1,2023-09-23,1,0.25,0.125,0.08333333333333333
TXN_3483911,0,0,0,0,1,0,0,0,0,0,1,2023-07-10,1,0.0,1.0,0.16666666666666666
TXN_5447967,0,0,0,0,0,0,1,0,0,1,0,2023-06-06,0,0.25,0.75,0.29166666666666663
TXN_2893987,1,0,0,0,0,0,0,0,0,1,0,2023-05-31,1,0.75,0.5,0.4583333333333333
TXN_5120215,0,1,0,0,0,0,0,0,0,0,1,2023-10-29,1,0.25,0.25,0.125
TXN_4417257,0,0,0,0,1,0,0,0,0,0,1,2023-05-06,1,1.0,1.0,1.0
TXN_2871592,0,0,1,0,0,0,0,0,1,0,0,2023-08-07,0,0.75,0.0,0.125
TXN_8283199,0,0,0,1,0,0,0,0,0,0,1,2023-01-23,1,0.5,0.5,0.3333333333333333
TXN_1571874,1,0,0,0,0,0,0,0,0,0,1,2023-07-10,0,0.0,0.5,0.08333333333333333
TXN_8059782,1,0,0,0,0,0,0,0,1,0,0,2023-04-14,1,1.0,0.5,0.5833333333333333
TXN_6534833,0,0,0,0,1,0,0,0,0,0,1,2023-12-14,0,0.75,1.0,0.7916666666666666
TXN_6027500,0,0,0,0,0,0,1,0,1,0,0,2023-09-22,0,0.75,0.75,0.625
TXN_7029944,0,0,1,0,0,0,0,0,1,0,0,2023-04-17,1,0.25,0.0,0.041666666666666664
TXN_3075169,0,0,0,0,0,1,0,0,0,1,0,2023-06-25,0,0.25,0.75,0.29166666666666663
TXN_9791421,0,0,0,0,0,1,0,0,1,0,0,2023-07-15,1,0.0,0.75,0.125
TXN_6359031,0,1,0,0,0,0,0,0,0,0,1,2023-02-28,1,0.0,0.25,0.041666666666666664
TXN_8236432,0,0,0,0,1,0,0,0,1,0,0,2023-12-04,0,0.0,1.0,0.16666666666666666
TXN_7359566,0,1,0,0,0,0,0,0,1,0,0,2023-04-06,0,0.0,0.25,0.041666666666666664
TXN_4813580,0,0,0,0,0,1,0,0,0,0,1,2023-04-15,1,0.5,0.75,0.4583333333333333
TXN_9940829,0,0,0,0,0,0,1,0,1,0,0,2023-04-04,0,0.5,0.75,0.4583333333333333
TXN_4583957,0,0,1,0,0,0,0,0,0,1,0,2023-10-08,1,0.25,0.0,0.041666666666666664
TXN_8187222,0,1,0,0,0,0,0,0,0,1,0,2023-03-08,1,0.75,0.25,0.29166666666666663
TXN_1298084,0,0,0,0,0,0,0,1,0,1,0,2023-01-02,1,0.25,0.125,0.08333333333333333
TXN_4403699,0,0,1,0,0,0,0,0,0,1,0,2023-08-19,0,0.0,0.0,0.0
TXN_5639908,0,0,0,0,0,0,0,1,0,1,0,2023-09-16,0,0.5,0.125,0.14583333333333331
TXN_9005782,0,0,0,0,0,0,0,1,1,0,0,2023-06-18,0,0.75,0.125,0.20833333333333331
TXN_5083311,0,0,0,0,0,1,0,0,0,0,1,2023-04-30,1,0.75,0.75,0.625
TXN_4325098,1,0,0,0,0,0,0,0,1,0,0,2023-08-12,1,1.0,0.5,0.5833333333333333
TXN_8847610,0,0,0,1,0,0,0,0,0,0,1,2023-12-06,1,0.5,0.5,0.3333333333333333
TXN_9817102,0,1,0,0,0,0,0,0,0,1,0,2023-02-22,0,0.5,0.25,0.20833333333333331
TXN_5566774,0,0,0,0,0,0,0,1,1,0,0,2023-03-29,0,0.5,0.125,0.14583333333333331
TXN_5555790,0,0,0,0,0,0,0,1,0,1,0,2023-02-19,0,1.0,0.125,0.2708333333333333
TXN_3575713,0,0,0,0,0,0,0,1,1,0,0,2023-02-18,1,0.0,0.125,0.020833333333333332
TXN_5811955,0,0,0,0,1,0,0,0,0,1,0,2023-06-29,1,0.25,1.0,0.375
TXN_3737378,0,0,0,0,0,0,1,0,1,0,0,2023-03-08,0,0.0,0.75,0.125
TXN_5406762,0,0,0,0,1,0,0,0,0,1,0,2023-09-12,1,0.75,1.0,0.7916666666666666
TXN_3039985,0,0,1,0,0,0,0,0,0,0,1,2023-04-08,0,1.0,0.0,0.16666666666666666
TXN_1424056,0,0,0,0,0,0,1,0,1,0,0,2023-07-31,1,0.0,0.75,0.125
TXN_1193221,0,0,0,0,0,0,0,1,0,1,0,2023-10-21,0,0.5,0.125,0.14583333333333331
TXN_8610501,0,0,0,0,0,1,0,0,1,0,0,2023-09-29,0,1.0,0.75,0.7916666666666666
TXN_9587445,0,1,0,0,0,0,0,0,1,0,0,2023-08-24,0,0.75,0.25,0.29166666666666663
TXN_3694901,0,0,1,0,0,0,0,0,0,1,0,2023-08-16,0,0.25,0.0,0.041666666666666664
TXN_5749454,0,0,0,1,0,0,0,0,0,0,1,2023-12-04,1,0.75,0.5,0.4583333333333333
TXN_8356048,0,0,0,0,0,0,1,0,1,0,0,2023-06-05,1,1.0,0.75,0.7916666666666666
TXN_3480278,0,0,0,0,0,0,1,0,0,0,1,2023-12-26,0,0.75,0.75,0.625
TXN_9252414,0,0,0,0,0,0,0,1,1,0,0,2023-11-13,0,0.0,0.125,0.020833333333333332
TXN_3010103,0,0,0,0,0,1,0,0,0,0,1,2023-02-14,1,1.0,0.75,0.7916666666666666
TXN_6699408,0,0,1,0,0,0,0,0,1,0,0,2023-12-22,1,1.0,0.0,0.16666666666666666
TXN_6400351,0,0,0,1,0,0,0,0,0,0,1,2023-08-11,1,0.25,0.5,0.20833333333333331
TXN_1559512,0,0,0,1,0,0,0,0,0,1,0,2023-11-28,0,1.0,0.5,0.5833333333333333
TXN_6091543,0,1,0,0,0,0,0,0,0,0,1,2023-07-04,0,0.5,0.25,0.20833333333333331
TXN_2842641,1,0,0,0,0,0,0,0,0,1,0,2023-06-11,0,0.0,0.5,0.08333333333333333
TXN_8875043,0,0,0,0,1,0,0,0,0,0,1,2023-02-21,1,0.75,1.0,0.7916666666666666
TXN_8212783,0,0,0,0,1,0,0,0,0,1,0,2023-03-30,0,0.5,1.0,0.5833333333333333
TXN_2653400,0,0,0,0,0,0,1,0,1,0,0,2023-12-27,1,0.0,0.75,0.125
TXN_7343062,0,0,0,0,0,1,0,0,0,0,1,2023-08-11,0,1.0,0.75,0.7916666666666666
TXN_2535099,0,0,0,0,0,1,0,0,0,1,0,2023-02-10,0,1.0,0.75,0.7916666666666666
TXN_2951148,0,0,0,0,0,1,0,0,1,0,0,2023-02-21,0,0.75,0.75,0.625
TXN_1294101,0,0,0,0,0,0,0,1,0,0,1,2023-03-31,1,1.0,0.125,0.2708333333333333
TXN_5579227,0,0,0,0,0,0,1,0,0,0,1,2023-06-22,0,0.75,0.75,0.625
TXN_8534360,0,0,0,1,0,0,0,0,0,0,1,2023-02-15,0,1.0,0.5,0.5833333333333333
TXN_4336247,0,1,0,0,0,0,0,0,0,0,1,2023-03-03,1,1.0,0.25,0.375
TXN_7101384,0,1,0,0,0,0,0,0,0,0,1,2023-04-23,1,0.0,0.25,0.041666666666666664
TXN_1356599,0,0,1,0,0,0,0,0,1,0,0,2023-12-14,1,0.25,0.0,0.041666666666666664
TXN_4568452,0,0,1,0,0,0,0,0,0,0,1,2023-01-14,0,0.5,0.0,0.08333333333333333
TXN_5036856,0,1,0,0,0,0,0,0,1,0,0,2023-03-27,0,1.0,0.25,0.375
TXN_6927392,0,0,0,0,1,0,0,0,0,0,1,2023-05-22,0,0.5,1.0,0.5833333333333333
TXN_5167925,0,0,0,1,0,0,0,0,1,0,0,2023-09-11,1,0.0,0.5,0.08333333333333333
TXN_1345440,0,0,0,0,1,0,0,0,1,0,0,2023-06-20,0,1.0,1.0,1.0
TXN_8043218,0,0,0,0,1,0,0,0,1,0,0,2023-10-23,0,0.25,1.0,0.375
TXN_4026277,0,0,0,0,0,0,0,1,0,0,1,2023-08-27,0,0.5,0.125,0.14583333333333331
TXN_4991731,0,0,0,0,0,0,0,1,0,0,1,2023-11-07,1,0.0,0.125,0.020833333333333332
TXN_6196052,0,0,0,0,0,0,1,0,1,0,0,2023-04-07,1,1.0,0.75,0.7916666666666666
TXN_9563024,0,0,1,0,0,0,0,0,0,0,1,2023-09-27,0,0.5,0.0,0.08333333333333333
TXN_8326905,0,1,0,0,0,0,0,0,1,0,0,2023-03-10,1,1.0,0.25,0.375
TXN_3474333,0,0,0,1,0,0,0,0,0,1,0,2023-01-13,1,0.5,0.5,0.3333333333333333
TXN_9918597,0,0,0,0,0,0,1,0,0,0,1,2023-10-17,0,0.75,0.75,0.625
TXN_3460926,0,0,0,1,0,0,0,0,0,0,1,2023-03-25,1,0.5,0.5,0.3333333333333333
TXN_2671272,0,0,0,0,0,0,1,0,0,0,1,2023-02-13,1,0.0,0.75,0.125
TXN_8437157,0,0,0,0,0,0,1,0,0,1,0,2023-02-09,1,0.75,0.75,0.625
TXN_3401287,0,0,0,0,0,0,1,0,1,0,0,2023-02-12,0,0.5,0.75,0.4583333333333333
TXN_7309365,1,0,0,0,0,0,0,0,1,0,0,2023-08-31,0,0.25,0.5,0.20833333333333331
TXN_2175096,0,0,0,0,0,0,0,1,1,0,0,2023-02-25,0,0.0,0.125,0.020833333333333332
TXN_8872997,0,0,0,0,0,1,0,0,0,1,0,2023-01-31,0,0.75,0.75,0.625
TXN_8425085,0,0,0,1,0,0,0,0,0,1,0,2023-12-23,0,0.0,0.5,0.08333333333333333
TXN_3237919,0,0,0,0,0,1,0,0,0,1,0,2023-02-04,0,0.0,0.75,0.125
TXN_4713643,0,1,0,0,0,0,0,0,1,0,0,2023-08-10,1,1.0,0.25,0.375
TXN_4806003,0,0,1,0,0,0,0,0,0,1,0,2023-08-06,0,1.0,0.0,0.16666666666666666
TXN_9089797,0,1,0,0,0,0,0,0,0,1,0,2023-09-19,1,0.0,0.25,0.041666666666666664
TXN_5449092,0,0,0,1,0,0,0,0,1,0,0,2023-06-11,0,0.75,0.5,0.4583333333333333
TXN_6097144,0,0,0,1,0,0,0,0,1,0,0,2023-01-27,1,1.0,0.5,0.5833333333333333
TXN_6483589,0,0,0,1,0,0,0,0,0,0,1,2023-10-13,1,0.5,0.5,0.3333333333333333
TXN_8516055,0,0,0,0,0,0,1,0,0,1,0,2023-04-17,1,1.0,0.75,0.7916666666666666
TXN_5430694,0,0,0,0,1,0,0,0,1,0,0,2023-08-24,0,1.0,1.0,1.0
TXN_3024493,0,0,0,0,0,0,1,0,0,1,0,2023-03-08,0,0.0,0.75,0.125
TXN_2078232,0,0,0,0,0,0,0,1,1,0,0,2023-06-11,0,0.0,0.125,0.020833333333333332
TXN_7551689,0,0,1,0,0,0,0,0,1,0,0,2023-09-16,1,1.0,0.0,0.16666666666666666
TXN_8408103,0,0,0,0,0,1,0,0,1,0,0,2023-06-01,1,1.0,0.75,0.7916666666666666
TXN_5862795,0,0,0,0,1,0,0,0,0,0,1,2023-02-25,1,0.25,1.0,0.375
TXN_9348801,1,0,0,0,0,0,0,0,0,0,1,2023-11-29,0,0.0,0.5,0.08333333333333333
TXN_8688565,0,0,0,0,0,0,1,0,0,0,1,2023-05-23,1,1.0,0.75,0.7916666666666666
TXN_3067195,0,0,0,0,1,0,0,0,1,0,0,2023-12-03,1,0.5,1.0,0.5833333333333333
TXN_2710603,0,0,0,0,0,0,1,0,0,0,1,2023-02-02,1,1.0,0.75,0.7916666666666666
TXN_8978004,0,1,0,0,0,0,0,0,0,0,1,2023-04-01,0,0.25,0.25,0.125
TXN_9679889,0,0,0,0,0,1,0,0,0,1,0,2023-06-18,0,0.5,0.75,0.4583333333333333
TXN_9818163,0,0,0,0,0,0,0,1,0,0,1,2023-10-23,0,0.25,0.125,0.08333333333333333
TXN_7010020,1,0,0,0,0,0,0,0,0,1,0,2023-08-07,0,1.0,0.5,0.5833333333333333
TXN_1712662,0,0,0,1,0,0,0,0,1,0,0,2023-05-31,0,0.25,0.5,0.20833333333333331
TXN_4077799,1,0,0,0,0,0,0,0,0,0,1,2023-08-12,1,0.75,0.5,0.4583333333333333
TXN_8225571,0,0,0,0,0,0,0,1,0,0,1,2023-01-17,1,0.75,0.125,0.20833333333333331
TXN_3103520,1,0,0,0,0,0,0,0,1,0,0,2023-09-04,1,0.5,0.5,0.3333333333333333
TXN_2084080,0,0,1,0,0,0,0,0,0,0,1,2023-09-22,1,0.75,0.0,0.125
TXN_2740398,0,0,1,0,0,0,0,0,0,0,1,2023-11-18,0,0.75,0.0,0.125
TXN_8046057,0,1,0,0,0,0,0,0,0,1,0,2023-11-24,0,0.0,0.25,0.041666666666666664
TXN_5832968,0,0,0,0,1,0,0,0,1,0,0,2023-06-05,1,1.0,1.0,1.0
TXN_6995665,0,0,0,0,0,0,0,1,1,0,0,2023-12-10,1,0.25,0.125,0.08333333333333333
TXN_3752448,1,0,0,0,0,0,0,0,0,0,1,2023-05-16,1,1.0,0.5,0.5833333333333333
TXN_3842881,0,0,0,0,1,0,0,0,0,1,0,2023-01-25,1,1.0,1.0,1.0
TXN_4060160,0,1,0,0,0,0,0,0,0,1,0,2023-07-05,0,0.75,0.25,0.29166666666666663
TXN_3847405,0,0,0,0,0,1,0,0,0,0,1,2023-06-15,1,0.0,0.75,0.125
TXN_5103644,1,0,0,0,0,0,0,0,0,1,0,2023-04-17,1,0.75,0.5,0.4583333333333333
TXN_6846020,0,0,0,1,0,0,0,0,1,0,0,2023-05-03,1,1.0,0.5,0.5833333333333333
TXN_7763764,0,0,1,0,0,0,0,0,0,1,0,2023-08-25,0,0.25,0.0,0.041666666666666664
TXN_4758849,1,0,0,0,0,0,0,0,1,0,0,2023-06-23,0,0.25,0.5,0.20833333333333331
TXN_1034651,0,0,0,0,0,1,0,0,1,0,0,2023-07-06,1,0.5,0.75,0.4583333333333333
TXN_4128921,0,0,0,0,1,0,0,0,0,1,0,2023-09-11,1,0.75,1.0,0.7916666666666666
TXN_8925566,0,0,0,0,0,0,0,1,0,0,1,2023-08-07,0,0.25,0.125,0.08333333333333333
TXN_1679800,0,0,0,0,0,0,1,0,1,0,0,2023-10-17,0,0.75,0.75,0.625
TXN_3785678,0,0,0,0,0,0,0,1,0,1,0,2023-03-13,1,0.0,0.125,0.020833333333333332
TXN_1056256,1,0,0,0,0,0,0,0,1,0,0,2023-12-04,0,0.75,0.5,0.4583333333333333
TXN_8712303,0,0,0,1,0,0,0,0,0,1,0,2023-08-14,1,0.25,0.5,0.20833333333333331
TXN_2289122,0,0,0,0,0,0,1,0,1,0,0,2023-08-20,0,0.75,0.75,0.625
TXN_2988434,0,0,0,1,0,0,0,0,0,0,1,2023-12-09,0,0.0,0.5,0.08333333333333333
TXN_1197536,0,0,0,0,1,0,0,0,0,1,0,2023-10-02,1,0.5,1.0,0.5833333333333333
TXN_7327362,0,1,0,0,0,0,0,0,0,1,0,2023-06-29,0,1.0,0.25,0.375
TXN_5628251,1,0,0,0,0,0,0,0,0,1,0,2023-11-14,1,0.75,0.5,0.4583333333333333
TXN_2687748,0,0,0,1,0,0,0,0,0,1,0,2023-02-26,1,0.5,0.5,0.3333333333333333
TXN_8309656,0,0,0,0,0,1,0,0,0,1,0,2023-01-04,1,0.5,0.75,0.4583333333333333
TXN_7597276,0,0,0,0,0,0,1,0,0,0,1,2023-05-01,1,0.75,0.75,0.625
TXN_4360906,0,0,0,0,0,1,0,0,1,0,0,2023-06-11,0,0.25,0.75,0.29166666666666663
TXN_6000890,0,1,0,0,0,0,0,0,0,0,1,2023-01-06,0,0.5,0.25,0.20833333333333331
TXN_8917565,0,1,0,0,0,0,0,0,1,0,0,2023-11-19,0,0.0,0.25,0.041666666666666664
TXN_6264113,0,1,0,0,0,0,0,0,0,0,1,2023-12-02,0,0.75,0.25,0.29166666666666663
TXN_3603434,0,1,0,0,0,0,0,0,1,0,0,2023-01-05,0,1.0,0.25,0.375
TXN_7976129,1,0,0,0,0,0,0,0,1,0,0,2023-03-03,0,0.5,0.5,0.3333333333333333
TXN_7420434,0,1,0,0,0,0,0,0,0,1,0,2023-07-16,1,0.75,0.25,0.29166666666666663
TXN_5818852,0,0,0,1,0,0,0,0,0,0,1,2023-03-04,1,0.25,0.5,0.20833333333333331
TXN_9976598,0,0,0,1,0,0,0,0,1,0,0,2023-01-10,1,0.75,0.5,0.4583333333333333
TXN_1556046,0,0,0,0,0,1,0,0,0,1,0,2023-04-09,1,0.75,0.75,0.625
TXN_7129511,0,1,0,0,0,0,0,0,1,0,0,2023-10-29,1,1.0,0.25,0.375
TXN_6324434,0,1,0,0,0,0,0,0,1,0,0,2023-12-04,1,0.75,0.25,0.29166666666666663
TXN_2380352,0,0,0,0,0,0,0,1,0,0,1,2023-11-03,1,0.5,0.125,0.14583333333333331
TXN_6455325,0,0,0,1,0,0,0,0,0,1,0,2023-01-05,0,0.75,0.5,0.4583333333333333
TXN_6682253,0,0,0,0,0,0,0,1,1,0,0,2023-02-17,0,1.0,0.125,0.2708333333333333
TXN_8220657,0,0,0,0,0,0,0,1,1,0,0,2023-08-13,1,0.25,0.125,0.08333333333333333
TXN_7819240,0,0,0,0,0,0,1,0,1,0,0,2023-03-06,0,1.0,0.75,0.7916666666666666
TXN_4451380,0,0,1,0,0,0,0,0,0,0,1,2023-07-10,0,0.5,0.0,0.08333333333333333
TXN_2482298,0,0,0,0,1,0,0,0,0,1,0,2023-06-15,1,0.25,1.0,0.375
TXN_2606750,0,0,0,0,0,0,0,1,1,0,0,2023-06-20,0,0.5,0.125,0.14583333333333331
TXN_4493874,0,0,1,0,0,0,0,0,0,1,0,2023-11-19,0,1.0,0.0,0.16666666666666666
TXN_2705302,0,0,0,0,1,0,0,0,0,1,0,2023-01-18,0,0.25,1.0,0.375
TXN_3706167,0,0,0,0,0,1,0,0,0,0,1,2023-10-02,1,1.0,0.75,0.7916666666666666
TXN_7414587,0,0,0,0,0,0,0,1,1,0,0,2023-03-22,1,0.5,0.125,0.14583333333333331
TXN_3360649,0,0,1,0,0,0,0,0,0,0,1,2023-09-10,1,0.25,0.0,0.041666666666666664
TXN_6132245,0,0,0,0,1,0,0,0,0,0,1,2023-06-01,1,0.25,1.0,0.375
TXN_2633322,0,0,0,0,1,0,0,0,0,0,1,2023-01-15,1,0.75,1.0,0.7916666666666666
TXN_9910333,1,0,0,0,0,0,0,0,1,0,0,2023-09-15,0,0.25,0.5,0.20833333333333331
TXN_7321479,1,0,0,0,0,0,0,0,1,0,0,2023-10-31,0,0.0,0.5,0.08333333333333333
TXN_4315166,0,0,0,0,0,1,0,0,0,0,1,2023-06-10,1,0.25,0.75,0.29166666666666663
TXN_7843112,0,0,1,0,0,0,0,0,0,1,0,2023-01-25,0,0.75,0.0,0.125
TXN_2879791,0,0,0,0,0,1,0,0,0,0,1,2023-07-10,0,0.0,0.75,0.125
TXN_2503128,1,0,0,0,0,0,0,0,1,0,0,2023-01-12,0,0.0,0.5,0.08333333333333333
TXN_3091574,0,0,1,0,0,0,0,0,0,1,0,2023-07-29,0,1.0,0.0,0.16666666666666666
TXN_2371763,0,0,0,0,0,1,0,0,1,0,0,2023-05-17,0,0.75,0.75,0.625
TXN_5726114,0,0,0,0,0,0,1,0,0,0,1,2023-07-14,1,0.5,0.75,0.4583333333333333
TXN_1079844,0,0,0,0,1,0,0,0,0,0,1,2023-10-27,0,0.25,1.0,0.375
TXN_8726097,0,0,0,0,0,0,0,1,0,0,1,2023-08-27,1,0.0,0.125,0.020833333333333332
TXN_1633337,0,0,0,0,1,0,0,0,0,1,0,2023-06-29,1,1.0,1.0,1.0
TXN_5222176,0,0,1,0,0,0,0,0,0,0,1,2023-01-11,0,0.75,0.0,0.125
TXN_7480940,0,1,0,0,0,0,0,0,1,0,0,2023-01-25,0,0.25,0.25,0.125
TXN_2437508,0,0,0,0,1,0,0,0,0,0,1,2023-11-20,1,0.25,1.0,0.375
TXN_7445500,0,0,0,0,1,0,0,0,1,0,0,2023-04-28,0,0.75,1.0,0.7916666666666666
TXN_5036614,0,0,0,0,0,0,1,0,0,0,1,2023-10-10,0,0.75,0.75,0.625
TXN_9731164,0,0,0,0,1,0,0,0,1,0,0,2023-12-07,0,0.0,1.0,0.16666666666666666
TXN_1417291,0,0,0,1,0,0,0,0,0,0,1,2023-05-11,0,0.75,0.5,0.4583333333333333
TXN_9792093,0,0,0,0,0,1,0,0,0,0,1,2023-09-28,0,0.0,0.75,0.125
TXN_9989239,0,0,0,0,0,0,0,1,0,0,1,2023-04-28,0,1.0,0.125,0.2708333333333333
TXN_6055570,0,0,0,0,0,0,0,1,1,0,0,2023-02-06,1,0.5,0.125,0.14583333333333331
TXN_1231531,0,1,0,0,0,0,0,0,0,0,1,2023-07-24,0,1.0,0.25,0.375
TXN_8843108,0,0,0,1,0,0,0,0,1,0,0,2023-07-18,1,1.0,0.5,0.5833333333333333
TXN_4643305,0,0,1,0,0,0,0,0,0,0,1,2023-04-12,1,0.75,0.0,0.125
TXN_8754977,0,0,0,0,0,1,0,0,0,0,1,2023-10-24,0,0.5,0.75,0.4583333333333333
TXN_2052060,0,0,0,0,0,1,0,0,1,0,0,2023-11-07,1,0.5,0.75,0.4583333333333333
TXN_1275124,0,1,0,0,0,0,0,0,1,0,0,2023-06-21,0,0.5,0.25,0.20833333333333331
TXN_3534536,0,1,0,0,0,0,0,0,0,1,0,2023-02-02,1,0.0,0.25,0.041666666666666664
TXN_1779679,0,1,0,0,0,0,0,0,0,0,1,2023-01-06,0,1.0,0.25,0.375
TXN_4583908,0,0,0,0,0,1,0,0,0,0,1,2023-06-04,1,0.0,0.75,0.125
TXN_6379692,0,0,1,0,0,0,0,0,0,0,1,2023-11-05,1,1.0,0.0,0.16666666666666666
TXN_3999862,0,0,0,0,0,0,0,1,1,0,0,2023-07-11,0,0.75,0.125,0.20833333333333331
TXN_7694326,0,1,0,0,0,0,0,0,1,0,0,2023-02-19,1,1.0,0.25,0.375
TXN_1171080,0,0,0,0,0,1,0,0,0,1,0,2023-07-29,1,0.5,0.75,0.4583333333333333
TXN_5658895,0,0,0,1,0,0,0,0,1,0,0,2023-09-21,1,0.25,0.5,0.20833333333333331
TXN_7704680,0,0,0,0,1,0,0,0,0,1,0,2023-08-06,0,0.25,1.0,0.375
TXN_6395070,0,0,0,0,0,0,1,0,0,1,0,2023-12-10,0,0.75,0.75,0.625
TXN_9576454,0,0,0,1,0,0,0,0,0,1,0,2023-09-23,0,0.0,0.5,0.08333333333333333
TXN_7907259,1,0,0,0,0,0,0,0,0,0,1,2023-10-19,1,0.0,0.5,0.08333333333333333
TXN_4487345,0,0,0,0,0,1,0,0,1,0,0,2023-05-10,0,0.5,0.75,0.4583333333333333
TXN_5929341,0,0,0,1,0,0,0,0,0,0,1,2023-05-12,1,0.25,0.5,0.20833333333333331
TXN_6021173,0,0,0,1,0,0,0,0,1,0,0,2023-12-16,1,1.0,0.5,0.5833333333333333
TXN_6272473,0,1,0,0,0,0,0,0,1,0,0,2023-03-06,1,0.75,0.25,0.29166666666666663
TXN_5243032,0,0,1,0,0,0,0,0,1,0,0,2023-08-24,1,0.0,0.0,0.0
TXN_5863411,0,0,1,0,0,0,0,0,0,0,1,2023-09-21,0,0.5,0.0,0.08333333333333333
TXN_4087571,0,0,1,0,0,0,0,0,1,0,0,2023-11-24,1,0.25,0.0,0.041666666666666664
TXN_7680197,0,0,1,0,0,0,0,0,1,0,0,2023-09-23,1,1.0,0.0,0.16666666666666666
TXN_8773639,0,1,0,0,0,0,0,0,0,0,1,2023-02-20,1,0.5,0.25,0.20833333333333331
TXN_5960979,0,1,0,0,0,0,0,0,0,0,1,2023-05-03,0,1.0,0.25,0.375
TXN_7894534,0,0,0,0,0,0,0,1,0,1,0,2023-03-16,0,0.5,0.125,0.14583333333333331
TXN_4890770,0,1,0,0,0,0,0,0,1,0,0,2023-10-12,1,0.75,0.25,0.29166666666666663
TXN_6079741,0,0,1,0,0,0,0,0,0,1,0,2023-01-02,1,0.75,0.0,0.125
TXN_4612930,0,0,0,1,0,0,0,0,0,0,1,2023-08-13,1,0.25,0.5,0.20833333333333331
TXN_1124311,0,0,1,0,0,0,0,0,1,0,0,2023-05-05,1,0.0,0.0,0.0
TXN_6380636,0,1,0,0,0,0,0,0,0,1,0,2023-01-10,0,1.0,0.25,0.375
TXN_5720183,0,0,1,0,0,0,0,0,0,1,0,2023-05-30,1,1.0,0.0,0.16666666666666666
TXN_6382322,0,0,0,0,0,0,0,1,0,0,1,2023-12-14,0,0.5,0.125,0.14583333333333331
TXN_8119542,0,0,1,0,0,0,0,0,0,0,1,2023-12-12,1,0.25,0.0,0.041666666666666664
TXN_1674042,0,1,0,0,0,0,0,0,0,0,1,2023-09-19,1,1.0,0.25,0.375
TXN_8398809,0,0,0,0,0,0,0,1,0,1,0,2023-11-25,1,0.25,0.125,0.08333333333333333
TXN_7728415,0,0,0,0,0,0,0,1,0,1,0,2023-12-28,0,1.0,0.125,0.2708333333333333
TXN_5285171,0,0,0,0,0,1,0,0,1,0,0,2023-12-11,1,1.0,0.75,0.7916666666666666
TXN_2527007,0,0,0,0,0,0,1,0,0,0,1,2023-10-22,1,0.0,0.75,0.125
TXN_8331542,0,0,0,0,1,0,0,0,0,1,0,2023-12-23,0,0.75,1.0,0.7916666666666666
TXN_2999220,0,0,0,0,0,0,1,0,0,0,1,2023-02-23,1,0.75,0.75,0.625
TXN_5108188,1,0,0,0,0,0,0,0,0,1,0,2023-08-25,1,0.25,0.5,0.20833333333333331
TXN_6680963,0,0,0,0,0,1,0,0,0,1,0,2023-08-01,1,0.25,0.75,0.29166666666666663
TXN_2308317,0,1,0,0,0,0,0,0,0,0,1,2023-11-13,1,0.25,0.25,0.125
TXN_8811902,0,0,0,0,0,0,0,1,0,1,0,2023-08-07,0,1.0,0.125,0.2708333333333333
TXN_7349134,0,0,0,0,0,1,0,0,0,1,0,2023-05-28,0,0.0,0.75,0.125
TXN_1467546,0,0,1,0,0,0,0,0,1,0,0,2023-07-20,1,0.5,0.0,0.08333333333333333
TXN_2276722,0,0,0,0,1,0,0,0,1,0,0,2023-12-21,1,0.25,1.0,0.375
TXN_2519044,0,0,0,0,1,0,0,0,0,0,1,2023-05-20,1,1.0,1.0,1.0
TXN_2851147,0,0,0,0,1,0,0,0,0,0,1,2023-06-24,0,0.25,1.0,0.375
TXN_3349404,0,1,0,0,0,0,0,0,0,0,1,2023-01-31,1,0.5,0.25,0.20833333333333331
TXN_7939011,0,0,0,1,0,0,0,0,0,0,1,2023-04-07,0,1.0,0.5,0.5833333333333333
TXN_3877580,0,0,0,0,1,0,0,0,0,0,1,2023-05-30,0,0.25,1.0,0.375
TXN_5220523,0,0,0,1,0,0,0,0,1,0,0,2023-01-30,1,0.5,0.5,0.3333333333333333
TXN_5934526,0,1,0,0,0,0,0,0,0,1,0,2023-05-27,0,1.0,0.25,0.375
TXN_8935939,0,0,0,0,0,0,0,1,0,0,1,2023-03-27,1,0.5,0.125,0.14583333333333331
TXN_3586935,0,0,0,0,1,0,0,0,1,0,0,2023-05-21,1,1.0,1.0,1.0
TXN_1781777,0,0,0,0,1,0,0,0,0,1,0,2023-10-26,1,0.5,1.0,0.5833333333333333
TXN_6461461,0,0,0,1,0,0,0,0,1,0,0,2023-03-14,0,0.0,0.5,0.08333333333333333
TXN_1707251,0,0,0,0,0,1,0,0,0,0,1,2023-10-06,1,0.25,0.75,0.29166666666666663
TXN_4493878,0,1,0,0,0,0,0,0,0,1,0,2023-03-11,0,1.0,0.25,0.375
TXN_2446874,0,0,0,1,0,0,0,0,0,1,0,2023-07-22,0,0.75,0.5,0.4583333333333333
TXN_5747859,1,0,0,0,0,0,0,0,0,1,0,2023-03-13,1,0.0,0.5,0.08333333333333333
TXN_8172333,0,0,1,0,0,0,0,0,0,1,0,2023-12-25,0,0.75,0.0,0.125
TXN_8600523,0,0,0,0,0,0,0,1,0,1,0,2023-12-29,1,0.5,0.125,0.14583333333333331
TXN_7471753,0,0,0,0,0,0,1,0,1,0,0,2023-03-13,0,1.0,0.75,0.7916666666666666
TXN_3884527,0,0,0,0,0,1,0,0,0,0,1,2023-06-06,0,0.0,0.75,0.125
TXN_9072517,0,0,0,0,0,0,1,0,0,1,0,2023-01-09,1,0.25,0.75,0.29166666666666663
TXN_4378200,0,0,0,0,0,0,0,1,0,1,0,2023-09-04,0,1.0,0.125,0.2708333333333333
TXN_3918998,0,1,0,0,0,0,0,0,0,0,1,2023-12-18,1,1.0,0.25,0.375
TXN_7674694,0,0,0,0,0,0,0,1,0,0,1,2023-03-30,1,0.25,0.125,0.08333333333333333
TXN_3875049,0,0,0,0,0,0,0,1,0,0,1,2023-09-15,1,0.25,0.125,0.08333333333333333
TXN_5400266,0,0,0,0,0,0,0,1,0,0,1,2023-06-14,1,0.5,0.125,0.14583333333333331
TXN_2402978,0,0,1,0,0,0,0,0,0,1,0,2023-01-21,0,0.5,0.0,0.08333333333333333
TXN_6188306,0,0,0,0,1,0,0,0,0,1,0,2023-10-26,1,0.0,1.0,0.16666666666666666
TXN_1148874,0,0,1,0,0,0,0,0,0,1,0,2023-09-18,0,0.0,0.0,0.0
TXN_1888708,0,0,0,0,0,1,0,0,1,0,0,2023-08-17,1,0.75,0.75,0.625
TXN_8842592,0,0,1,0,0,0,0,0,0,0,1,2023-07-10,0,1.0,0.0,0.16666666666666666
TXN_2761204,1,0,0,0,0,0,0,0,1,0,0,2023-07-14,0,0.5,0.5,0.3333333333333333
TXN_9038745,0,0,0,0,0,0,1,0,0,0,1,2023-06-25,1,0.5,0.75,0.4583333333333333
TXN_1374424,0,0,0,0,0,1,0,0,0,0,1,2023-04-24,1,1.0,0.75,0.7916666666666666
TXN_7205840,0,0,0,0,1,0,0,0,1,0,0,2023-03-05,0,0.5,1.0,0.5833333333333333
TXN_7714378,0,0,0,0,0,0,1,0,1,0,0,2023-08-10,0,0.25,0.75,0.29166666666666663
TXN_7732813,0,0,0,0,0,0,0,1,0,1,0,2023-07-16,1,0.25,0.125,0.08333333333333333
TXN_6718205,0,0,0,0,0,0,1,0,0,0,1,2023-06-30,1,0.25,0.75,0.29166666666666663
TXN_8878429,1,0,0,0,0,0,0,0,0,0,1,2023-03-12,0,1.0,0.5,0.5833333333333333
TXN_6899576,0,0,0,0,1,0,0,0,0,0,1,2023-10-26,1,0.25,1.0,0.375
TXN_2761003,0,0,0,0,0,0,1,0,0,0,1,2023-11-08,0,0.25,0.75,0.29166666666666663
TXN_6929413,0,0,0,0,0,0,0,1,0,0,1,2023-10-13,0,0.0,0.125,0.020833333333333332
TXN_2350703,1,0,0,0,0,0,0,0,1,0,0,2023-08-20,0,0.75,0.5,0.4583333333333333
TXN_1948437,0,0,0,0,0,0,1,0,0,1,0,2023-11-03,1,0.25,0.75,0.29166666666666663
TXN_5901887,0,0,0,0,0,0,1,0,0,1,0,2023-08-31,1,0.75,0.75,0.625
TXN_1072232,0,0,0,0,0,1,0,0,0,0,1,2023-01-07,0,0.0,0.75,0.125
TXN_7469771,1,0,0,0,0,0,0,0,0,1,0,2023-12-09,0,1.0,0.5,0.5833333333333333
TXN_7139053,0,0,0,0,1,0,0,0,0,0,1,2023-09-12,1,0.75,1.0,0.7916666666666666
TXN_6028915,0,0,0,0,0,1,0,0,1,0,0,2023-12-24,0,1.0,0.75,0.7916666666666666
TXN_3622194,1,0,0,0,0,0,0,0,0,0,1,2023-06-26,1,0.0,0.5,0.08333333333333333
TXN_6431215,1,0,0,0,0,0,0,0,0,0,1,2023-08-27,0,0.0,0.5,0.08333333333333333
TXN_4385240,0,0,1,0,0,0,0,0,1,0,0,2023-02-10,1,0.75,0.0,0.125
TXN_3840523,0,0,0,0,0,1,0,0,0,1,0,2023-12-27,1,0.25,0.75,0.29166666666666663
TXN_5697778,1,0,0,0,0,0,0,0,1,0,0,2023-03-08,0,0.5,0.5,0.3333333333333333
TXN_1749299,0,0,0,0,0,0,1,0,0,0,1,2023-10-28,1,0.25,0.75,0.29166666666666663
TXN_6806024,0,0,0,1,0,0,0,0,0,1,0,2023-04-14,0,0.25,0.5,0.20833333333333331
TXN_8352365,0,1,0,0,0,0,0,0,1,0,0,2023-08-10,1,1.0,0.25,0.375
TXN_7143535,0,0,1,0,0,0,0,0,0,1,0,2023-05-21,0,0.25,0.0,0.041666666666666664
TXN_5090839,0,0,0,0,0,1,0,0,1,0,0,2023-03-06,0,1.0,0.75,0.7916666666666666
TXN_5743619,0,0,0,0,1,0,0,0,0,0,1,2023-11-07,1,1.0,1.0,1.0
TXN_8785432,0,0,1,0,0,0,0,0,1,0,0,2023-08-14,1,0.25,0.0,0.041666666666666664
TXN_1086324,1,0,0,0,0,0,0,0,1,0,0,2023-11-25,0,0.5,0.5,0.3333333333333333
TXN_8888599,0,0,0,0,0,1,0,0,0,1,0,2023-04-27,1,1.0,0.75,0.7916666666666666
TXN_6361309,1,0,0,0,0,0,0,0,0,0,1,2023-03-10,1,1.0,0.5,0.5833333333333333
TXN_8211146,0,0,0,0,0,1,0,0,0,0,1,2023-04-30,1,1.0,0.75,0.7916666666666666
TXN_5826333,0,0,1,0,0,0,0,0,1,0,0,2023-05-14,0,0.0,0.0,0.0
TXN_1555314,0,0,0,0,0,1,0,0,0,0,1,2023-02-25,1,0.0,0.75,0.125
TXN_4611673,0,0,0,0,0,0,1,0,0,0,1,2023-03-05,0,1.0,0.75,0.7916666666666666
TXN_8839045,1,0,0,0,0,0,0,0,1,0,0,2023-06-13,0,0.25,0.5,0.20833333333333331
TXN_5183249,0,0,0,0,0,1,0,0,1,0,0,2023-07-02,0,0.0,0.75,0.125
TXN_5104848,0,0,0,0,0,0,0,1,0,1,0,2023-01-22,1,0.25,0.125,0.08333333333333333
TXN_9943917,0,0,0,0,0,1,0,0,0,1,0,2023-01-16,0,0.5,0.75,0.4583333333333333
TXN_2490461,0,0,0,0,1,0,0,0,0,0,1,2023-09-22,1,0.75,1.0,0.7916666666666666
TXN_5852244,1,0,0,0,0,0,0,0,0,1,0,2023-10-15,1,0.25,0.5,0.20833333333333331
TXN_9874775,0,0,0,0,0,0,0,1,1,0,0,2023-09-02,0,0.0,0.125,0.020833333333333332
TXN_2586215,0,0,0,1,0,0,0,0,0,0,1,2023-03-23,1,0.25,0.5,0.20833333333333331
TXN_7704229,0,1,0,0,0,0,0,0,1,0,0,2023-07-15,0,0.75,0.25,0.29166666666666663
TXN_5444860,0,0,0,0,0,0,0,1,0,0,1,2023-04-28,1,0.25,0.125,0.08333333333333333
TXN_9391494,0,1,0,0,0,0,0,0,0,1,0,2023-12-17,1,0.0,0.25,0.041666666666666664
TXN_3557583,0,0,0,0,0,0,1,0,0,1,0,2023-07-26,1,1.0,0.75,0.7916666666666666
TXN_8739878,0,0,0,1,0,0,0,0,0,1,0,2023-09-27,0,0.0,0.5,0.08333333333333333
TXN_5386352,0,0,0,0,0,1,0,0,0,1,0,2023-01-18,0,0.0,0.75,0.125
TXN_8321887,0,0,1,0,0,0,0,0,1,0,0,2023-03-21,0,1.0,0.0,0.16666666666666666
TXN_3995266,0,0,0,0,0,1,0,0,0,1,0,2023-04-21,0,0.0,0.75,0.125
TXN_7326974,1,0,0,0,0,0,0,0,0,1,0,2023-12-31,0,0.75,0.5,0.4583333333333333
TXN_7277750,1,0,0,0,0,0,0,0,0,0,1,2023-09-29,1,0.25,0.5,0.20833333333333331
TXN_8075323,0,0,0,0,0,1,0,0,0,0,1,2023-04-18,1,0.0,0.75,0.125
TXN_4831345,0,0,0,0,0,1,0,0,0,0,1,2023-05-10,0,1.0,0.75,0.7916666666666666
TXN_6301984,0,0,0,1,0,0,0,0,0,1,0,2023-11-23,1,1.0,0.5,0.5833333333333333
TXN_1456374,0,0,1,0,0,0,0,0,1,0,0,2023-02-15,1,1.0,0.0,0.16666666666666666
TXN_3263746,0,1,0,0,0,0,0,0,1,0,0,2023-11-14,1,0.0,0.25,0.041666666666666664
TXN_2268203,0,0,0,0,1,0,0,0,1,0,0,2023-03-12,1,0.5,1.0,0.5833333333333333
TXN_9502077,0,0,0,0,0,0,1,0,0,1,0,2023-12-21,0,0.5,0.75,0.4583333333333333
TXN_4994052,0,1,0,0,0,0,0,0,1,0,0,2023-01-09,1,0.75,0.25,0.29166666666666663
TXN_1671480,0,0,1,0,0,0,0,0,0,1,0,2023-01-06,0,1.0,0.0,0.16666666666666666
TXN_7430227,1,0,0,0,0,0,0,0,1,0,0,2023-07-24,0,0.5,0.5,0.3333333333333333
TXN_1516182,0,0,1,0,0,0,0,0,0,1,0,2023-06-18,1,0.0,0.0,0.0
TXN_8807199,0,0,0,0,1,0,0,0,0,1,0,2023-05-30,0,1.0,1.0,1.0
TXN_8700466,0,1,0,0,0,0,0,0,0,0,1,2023-04-29,0,0.75,0.25,0.29166666666666663
TXN_2190325,0,0,0,0,0,1,0,0,0,1,0,2023-03-10,0,0.75,0.75,0.625
TXN_4150495,0,0,1,0,0,0,0,0,1,0,0,2023-04-12,1,0.25,0.0,0.041666666666666664
TXN_3794410,1,0,0,0,0,0,0,0,0,1,0,2023-12-06,0,0.75,0.5,0.4583333333333333
TXN_5677869,0,0,0,1,0,0,0,0,1,0,0,2023-11-19,0,1.0,0.5,0.5833333333333333
TXN_3436462,0,0,0,0,1,0,0,0,0,1,0,2023-06-29,0,0.25,1.0,0.375
TXN_7493740,1,0,0,0,0,0,0,0,1,0,0,2023-05-18,1,0.0,0.5,0.08333333333333333
TXN_7388752,0,0,0,0,1,0,0,0,0,1,0,2023-08-28,1,0.0,1.0,0.16666666666666666
TXN_9448209,0,0,0,0,0,1,0,0,1,0,0,2023-04-23,0,0.5,0.75,0.4583333333333333
TXN_8655424,0,0,1,0,0,0,0,0,1,0,0,2023-11-26,0,0.25,0.0,0.041666666666666664
TXN_9720012,0,0,0,0,0,0,1,0,1,0,0,2023-09-25,0,1.0,0.75,0.7916666666666666
TXN_6609572,0,0,0,0,0,0,1,0,1,0,0,2023-06-15,0,0.75,0.75,0.625
TXN_9390188,0,0,0,0,0,0,0,1,0,0,1,2023-06-20,1,0.0,0.125,0.020833333333333332
TXN_1952465,1,0,0,0,0,0,0,0,0,0,1,2023-06-11,1,0.25,0.5,0.20833333333333331
TXN_7605154,0,0,0,1,0,0,0,0,1,0,0,2023-09-09,0,1.0,0.5,0.5833333333333333
TXN_2684400,0,1,0,0,0,0,0,0,0,0,1,2023-03-30,0,0.5,0.25,0.20833333333333331
TXN_4702378,1,0,0,0,0,0,0,0,1,0,0,2023-08-28,1,0.25,0.5,0.20833333333333331
TXN_6312755,0,0,0,0,0,1,0,0,0,1,0,2023-02-11,0,0.25,0.75,0.29166666666666663
TXN_7584025,0,0,0,0,0,0,0,1,1,0,0,2023-09-18,0,0.75,0.125,0.20833333333333331
TXN_7533540,0,0,0,0,0,1,0,0,1,0,0,2023-11-01,0,1.0,0.75,0.7916666666666666
TXN_4425164,0,0,0,1,0,0,0,0,0,1,0,2023-01-13,0,0.75,0.5,0.4583333333333333
TXN_4325648,0,0,0,1,0,0,0,0,0,0,1,2023-05-04,1,0.5,0.5,0.3333333333333333
TXN_7151374,0,0,0,0,0,0,0,1,0,1,0,2023-07-30,0,0.75,0.125,0.20833333333333331
TXN_6413250,0,0,0,0,1,0,0,0,1,0,0,2023-12-02,1,0.75,1.0,0.7916666666666666
TXN_6496506,0,0,0,1,0,0,0,0,0,0,1,2023-01-11,0,0.0,0.5,0.08333333333333333
TXN_2695546,0,0,0,0,0,0,0,1,0,1,0,2023-08-26,1,0.0,0.125,0.020833333333333332
TXN_4823513,0,0,1,0,0,0,0,0,1,0,0,2023-07-02,1,1.0,0.0,0.16666666666666666
TXN_8960347,0,0,0,0,0,0,1,0,1,0,0,2023-10-25,0,0.5,0.75,0.4583333333333333
TXN_3222677,0,0,0,0,0,1,0,0,0,0,1,2023-12-16,1,0.0,0.75,0.125
TXN_9942517,0,1,0,0,0,0,0,0,0,0,1,2023-04-29,0,0.75,0.25,0.29166666666666663
TXN_8735418,0,1,0,0,0,0,0,0,0,0,1,2023-03-03,1,1.0,0.25,0.375
TXN_7799794,0,0,1,0,0,0,0,0,0,0,1,2023-08-22,0,0.75,0.0,0.125
TXN_6347670,0,0,0,0,0,0,0,1,0,0,1,2023-06-24,0,0.25,0.125,0.08333333333333333
TXN_9180345,0,0,0,0,0,1,0,0,0,0,1,2023-06-13,0,0.75,0.75,0.625
TXN_9632482,1,0,0,0,0,0,0,0,0,1,0,2023-08-27,1,0.25,0.5,0.20833333333333331
TXN_4642770,0,0,0,0,0,0,0,1,0,0,1,2023-09-22,0,0.75,0.125,0.20833333333333331
TXN_5356324,0,0,0,0,0,0,1,0,0,0,1,2023-02-26,0,0.0,0.75,0.125
TXN_5148730,1,0,0,0,0,0,0,0,1,0,0,2023-12-12,0,0.0,0.5,0.08333333333333333
TXN_8848847,0,0,1,0,0,0,0,0,1,0,0,2023-08-15,1,0.5,0.0,0.08333333333333333
TXN_3686848,0,0,0,0,0,0,0,1,0,0,1,2023-04-06,1,0.5,0.125,0.14583333333333331
TXN_2328896,0,0,0,0,0,0,1,0,1,0,0,2023-10-20,1,0.75,0.75,0.625
TXN_6361856,0,0,1,0,0,0,0,0,0,0,1,2023-05-11,0,1.0,0.0,0.16666666666666666
TXN_5942011,0,0,0,0,0,0,0,1,1,0,0,2023-10-08,0,0.0,0.125,0.020833333333333332
TXN_7137364,0,0,0,0,1,0,0,0,1,0,0,2023-08-09,0,1.0,1.0,1.0
TXN_9904042,0,0,0,0,0,0,1,0,0,1,0,2023-06-09,0,0.75,0.75,0.625
TXN_1510406,0,0,0,0,1,0,0,0,0,1,0,2023-01-12,0,0.5,1.0,0.5833333333333333
TXN_8176812,0,0,0,0,0,1,0,0,0,0,1,2023-06-21,1,1.0,0.75,0.7916666666666666
TXN_1360872,0,1,0,0,0,0,0,0,0,1,0,2023-11-04,0,0.25,0.25,0.125
TXN_4413776,0,1,0,0,0,0,0,0,1,0,0,2023-07-21,1,1.0,0.25,0.375
TXN_1811953,0,0,1,0,0,0,0,0,0,0,1,2023-06-26,1,0.25,0.0,0.041666666666666664
TXN_9382596,0,0,0,0,0,0,1,0,0,1,0,2023-11-18,1,1.0,0.75,0.7916666666666666
TXN_9480564,0,0,1,0,0,0,0,0,1,0,0,2023-06-12,0,0.75,0.0,0.125
TXN_1094479,1,0,0,0,0,0,0,0,1,0,0,2023-06-08,0,0.5,0.5,0.3333333333333333
TXN_8301190,0,1,0,0,0,0,0,0,1,0,0,2023-04-01,1,0.0,0.25,0.041666666666666664
TXN_7653946,0,0,0,0,0,0,1,0,1,0,0,2023-09-19,0,0.75,0.75,0.625
TXN_1348274,1,0,0,0,0,0,0,0,0,1,0,2023-11-14,1,1.0,0.5,0.5833333333333333
TXN_2855149,0,0,0,0,0,1,0,0,1,0,0,2023-07-16,0,0.25,0.75,0.29166666666666663
TXN_9320167,0,0,0,1,0,0,0,0,0,1,0,2023-11-12,0,1.0,0.5,0.5833333333333333
TXN_1135215,0,0,0,0,0,1,0,0,0,1,0,2023-04-10,0,0.5,0.75,0.4583333333333333
TXN_6158518,0,0,1,0,0,0,0,0,1,0,0,2023-09-28,1,1.0,0.0,0.16666666666666666
TXN_5734442,0,0,1,0,0,0,0,0,0,1,0,2023-10-01,1,0.75,0.0,0.125
TXN_5748083,0,0,0,0,1,0,0,0,0,1,0,2023-04-08,1,0.25,1.0,0.375
TXN_1804335,0,0,0,1,0,0,0,0,0,1,0,2023-10-05,0,0.5,0.5,0.3333333333333333
TXN_3644269,0,0,1,0,0,0,0,0,0,1,0,2023-09-26,1,1.0,0.0,0.16666666666666666
TXN_5611239,0,0,1,0,0,0,0,0,1,0,0,2023-11-18,1,0.75,0.0,0.125
TXN_4020100,0,0,1,0,0,0,0,0,1,0,0,2023-08-09,0,0.0,0.0,0.0
TXN_1643870,0,0,0,0,1,0,0,0,0,0,1,2023-10-07,1,0.75,1.0,0.7916666666666666
TXN_4734216,0,0,0,0,1,0,0,0,0,0,1,2023-11-30,0,0.5,1.0,0.5833333333333333
TXN_4060538,1,0,0,0,0,0,0,0,0,0,1,2023-09-08,1,0.25,0.5,0.20833333333333331
TXN_4788388,1,0,0,0,0,0,0,0,1,0,0,2023-06-29,0,0.5,0.5,0.3333333333333333
TXN_9348280,0,0,0,0,0,1,0,0,0,1,0,2023-03-28,0,0.25,0.75,0.29166666666666663
TXN_5173628,0,0,0,0,0,0,0,1,0,0,1,2023-05-30,1,0.5,0.125,0.14583333333333331
TXN_9040196,0,0,0,1,0,0,0,0,1,0,0,2023-06-28,0,0.5,0.5,0.3333333333333333
TXN_1853983,0,0,0,0,0,0,0,1,1,0,0,2023-12-04,0,0.0,0.125,0.020833333333333332
TXN_6154823,0,0,0,0,0,1,0,0,0,0,1,2023-11-16,1,1.0,0.75,0.7916666666666666
TXN_1936915,0,0,0,0,1,0,0,0,0,0,1,2023-01-24,0,0.5,1.0,0.5833333333333333
TXN_8693747,0,0,0,0,0,0,1,0,0,0,1,2023-02-13,0,0.75,0.75,0.625
TXN_2911864,0,0,1,0,0,0,0,0,0,0,1,2023-03-21,1,0.5,0.0,0.08333333333333333
TXN_2336921,0,0,0,1,0,0,0,0,0,0,1,2023-05-01,1,0.5,0.5,0.3333333333333333
TXN_3275800,0,1,0,0,0,0,0,0,1,0,0,2023-05-27,1,0.5,0.25,0.20833333333333331
TXN_6472656,0,0,0,0,0,0,0,1,1,0,0,2023-11-25,1,0.5,0.125,0.14583333333333331
TXN_3494191,0,0,0,0,0,0,1,0,0,1,0,2023-01-08,0,0.25,0.75,0.29166666666666663
TXN_4177717,0,0,1,0,0,0,0,0,0,0,1,2023-01-07,1,0.0,0.0,0.0
TXN_7313328,0,0,0,1,0,0,0,0,0,1,0,2023-01-03,1,0.0,0.5,0.08333333333333333
TXN_4019047,0,1,0,0,0,0,0,0,0,1,0,2023-09-14,0,0.25,0.25,0.125
TXN_6832697,0,0,0,0,1,0,0,0,0,1,0,2023-01-21,1,0.5,1.0,0.5833333333333333
TXN_2919225,0,1,0,0,0,0,0,0,0,1,0,2023-02-14,1,0.75,0.25,0.29166666666666663
TXN_4937344,0,0,0,0,0,1,0,0,0,1,0,2023-02-12,0,0.0,0.75,0.125
TXN_6444366,0,1,0,0,0,0,0,0,0,0,1,2023-08-19,1,0.0,0.25,0.041666666666666664
TXN_7448158,1,0,0,0,0,0,0,0,0,0,1,2023-09-28,1,0.25,0.5,0.20833333333333331
TXN_7630601,0,0,0,0,0,0,0,1,1,0,0,2023-08-22,1,0.0,0.125,0.020833333333333332
TXN_7366807,0,0,0,0,1,0,0,0,0,0,1,2023-10-22,1,0.5,1.0,0.5833333333333333
TXN_5762127,0,1,0,0,0,0,0,0,0,1,0,2023-11-10,1,0.25,0.25,0.125
TXN_1856153,0,1,0,0,0,0,0,0,0,1,0,2023-12-02,0,1.0,0.25,0.375
TXN_4908458,0,0,0,0,0,0,0,1,0,0,1,2023-10-06,0,0.75,0.125,0.20833333333333331
TXN_4214066,0,0,0,1,0,0,0,0,0,1,0,2023-07-23,0,0.25,0.5,0.20833333333333331
TXN_8252793,0,0,1,0,0,0,0,0,0,0,1,2023-07-28,1,0.75,0.0,0.125
TXN_1313643,1,0,0,0,0,0,0,0,0,1,0,2023-02-11,1,0.75,0.5,0.4583333333333333
TXN_2941227,0,0,1,0,0,0,0,0,1,0,0,2023-08-29,0,0.5,0.0,0.08333333333333333
TXN_1206585,0,0,0,0,0,0,0,1,1,0,0,2023-06-29,0,0.25,0.125,0.08333333333333333
TXN_9580673,0,0,0,1,0,0,0,0,1,0,0,2023-06-25,0,0.25,0.5,0.20833333333333331
TXN_9874192,0,0,0,0,0,0,1,0,0,0,1,2023-11-30,0,0.5,0.75,0.4583333333333333
TXN_4475487,0,0,0,0,0,0,1,0,1,0,0,2023-06-01,0,0.5,0.75,0.4583333333333333
TXN_8876663,0,0,0,0,1,0,0,0,0,0,1,2023-03-23,1,0.25,1.0,0.375
TXN_3858126,0,0,0,0,0,0,1,0,1,0,0,2023-08-25,0,0.25,0.75,0.29166666666666663
TXN_3524464,0,0,0,0,0,0,1,0,0,1,0,2023-08-31,1,0.75,0.75,0.625
TXN_6242107,0,1,0,0,0,0,0,0,1,0,0,2023-11-14,0,0.5,0.25,0.20833333333333331
TXN_2352246,0,0,0,0,0,0,1,0,0,1,0,2023-06-20,1,0.75,0.75,0.625
TXN_9523335,0,0,1,0,0,0,0,0,0,1,0,2023-01-29,0,0.75,0.0,0.125
TXN_4475412,0,0,0,0,0,1,0,0,0,1,0,2023-10-31,1,0.5,0.75,0.4583333333333333
TXN_2656162,0,1,0,0,0,0,0,0,0,0,1,2023-04-11,0,0.0,0.25,0.041666666666666664
TXN_7517241,0,0,0,0,0,1,0,0,0,0,1,2023-01-18,0,0.25,0.75,0.29166666666666663
TXN_6243134,0,0,0,0,0,0,0,1,0,0,1,2023-09-19,0,0.25,0.125,0.08333333333333333
TXN_2435218,0,1,0,0,0,0,0,0,0,0,1,2023-05-02,0,1.0,0.25,0.375
TXN_9022617,0,1,0,0,0,0,0,0,0,1,0,2023-01-23,0,0.0,0.25,0.041666666666666664
TXN_1031802,0,0,1,0,0,0,0,0,1,0,0,2023-06-27,1,0.75,0.0,0.125
TXN_2346296,1,0,0,0,0,0,0,0,0,0,1,2023-10-04,0,0.75,0.5,0.4583333333333333
TXN_8219210,0,0,0,0,0,0,1,0,1,0,0,2023-01-12,1,1.0,0.75,0.7916666666666666
TXN_4541981,0,0,0,0,0,0,1,0,0,1,0,2023-01-14,0,0.75,0.75,0.625
TXN_8522571,0,0,0,1,0,0,0,0,0,1,0,2023-09-19,1,0.25,0.5,0.20833333333333331
TXN_6752476,0,0,0,0,0,0,0,1,0,0,1,2023-08-28,1,0.75,0.125,0.20833333333333331
TXN_1894142,0,0,0,0,0,1,0,0,1,0,0,2023-09-13,0,0.75,0.75,0.625
TXN_3766378,0,0,0,1,0,0,0,0,1,0,0,2023-08-18,1,0.0,0.5,0.08333333333333333
TXN_8885727,0,0,0,0,0,0,0,1,1,0,0,2023-10-05,1,0.25,0.125,0.08333333333333333
TXN_1422305,0,0,0,0,0,1,0,0,0,1,0,2023-03-09,0,0.75,0.75,0.625
TXN_4625165,0,0,0,0,1,0,0,0,0,1,0,2023-03-02,0,0.5,1.0,0.5833333333333333
TXN_1804132,0,0,0,0,0,0,1,0,1,0,0,2023-05-18,0,0.5,0.75,0.4583333333333333
TXN_9323215,0,0,1,0,0,0,0,0,0,1,0,2023-01-27,1,0.5,0.0,0.08333333333333333
TXN_6824743,0,0,0,0,0,1,0,0,0,0,1,2023-11-08,1,0.25,0.75,0.29166666666666663
TXN_9384397,0,0,0,0,0,1,0,0,1,0,0,2023-10-31,1,0.25,0.75,0.29166666666666663
TXN_1034067,0,0,0,0,0,0,1,0,0,0,1,2023-01-07,1,0.5,0.75,0.4583333333333333
TXN_3265085,0,0,1,0,0,0,0,0,0,1,0,2023-09-05,0,1.0,0.0,0.16666666666666666
TXN_3061498,0,0,0,0,1,0,0,0,1,0,0,2023-11-14,1,1.0,1.0,1.0
TXN_6206792,0,0,0,0,0,0,0,1,0,1,0,2023-10-13,0,0.75,0.125,0.20833333333333331
TXN_7374304,0,0,0,0,0,0,0,1,0,0,1,2023-05-10,0,1.0,0.125,0.2708333333333333
TXN_9447946,0,0,0,0,0,0,1,0,0,1,0,2023-10-21,0,0.25,0.75,0.29166666666666663
TXN_2102561,0,0,1,0,0,0,0,0,0,0,1,2023-04-05,0,0.25,0.0,0.041666666666666664
TXN_5649995,0,0,0,0,0,0,0,1,1,0,0,2023-11-23,1,0.25,0.125,0.08333333333333333
TXN_8223689,0,0,0,0,1,0,0,0,0,0,1,2023-09-08,0,1.0,1.0,1.0
TXN_3207254,1,0,0,0,0,0,0,0,0,0,1,2023-04-25,1,0.0,0.5,0.08333333333333333
TXN_2579242,0,0,0,1,0,0,0,0,1,0,0,2023-09-11,0,1.0,0.5,0.5833333333333333
TXN_2187911,0,1,0,0,0,0,0,0,0,1,0,2023-04-20,1,0.5,0.25,0.20833333333333331
TXN_2594056,0,0,0,0,1,0,0,0,1,0,0,2023-03-11,0,0.75,1.0,0.7916666666666666
TXN_6591736,0,1,0,0,0,0,0,0,0,1,0,2023-06-21,1,0.75,0.25,0.29166666666666663
TXN_1267753,0,0,0,0,0,0,0,1,0,1,0,2023-06-28,1,0.5,0.125,0.14583333333333331
TXN_4615235,1,0,0,0,0,0,0,0,1,0,0,2023-01-08,1,0.75,0.5,0.4583333333333333
TXN_4824519,0,0,0,0,0,0,1,0,0,0,1,2023-12-27,0,1.0,0.75,0.7916666666666666
TXN_4677415,1,0,0,0,0,0,0,0,0,0,1,2023-12-12,0,0.25,0.5,0.20833333333333331
TXN_3548788,0,0,0,0,1,0,0,0,0,0,1,2023-02-22,1,0.75,1.0,0.7916666666666666
TXN_2503245,0,0,0,0,0,1,0,0,0,0,1,2023-04-15,1,0.5,0.75,0.4583333333333333
TXN_8855046,0,0,0,1,0,0,0,0,1,0,0,2023-12-05,1,0.5,0.5,0.3333333333333333
TXN_9287659,0,0,0,1,0,0,0,0,0,0,1,2023-05-13,0,0.0,0.5,0.08333333333333333
TXN_2417402,0,0,0,0,0,1,0,0,0,0,1,2023-05-09,1,0.5,0.75,0.4583333333333333
TXN_6266017,0,0,1,0,0,0,0,0,0,1,0,2023-09-28,0,0.75,0.0,0.125
TXN_4619018,1,0,0,0,0,0,0,0,0,0,1,2023-12-19,1,1.0,0.5,0.5833333333333333
TXN_8352748,0,0,0,0,0,0,1,0,1,0,0,2023-05-01,0,1.0,0.75,0.7916666666666666
TXN_2221447,0,0,1,0,0,0,0,0,0,1,0,2023-12-06,0,0.0,0.0,0.0
TXN_3564954,0,0,0,0,0,0,1,0,1,0,0,2023-03-09,1,0.75,0.75,0.625
TXN_8464222,1,0,0,0,0,0,0,0,1,0,0,2023-08-17,0,0.75,0.5,0.4583333333333333
TXN_6815753,0,0,1,0,0,0,0,0,0,0,1,2023-10-27,1,0.75,0.0,0.125
TXN_6738716,1,0,0,0,0,0,0,0,1,0,0,2023-04-21,1,1.0,0.5,0.5833333333333333
TXN_9477892,1,0,0,0,0,0,0,0,0,1,0,2023-08-21,0,0.5,0.5,0.3333333333333333
TXN_9894270,0,0,1,0,0,0,0,0,0,1,0,2023-07-19,0,0.75,0.0,0.125
TXN_3136701,0,0,0,0,0,0,1,0,0,1,0,2023-12-18,0,0.25,0.75,0.29166666666666663
TXN_4644671,0,1,0,0,0,0,0,0,1,0,0,2023-04-20,1,0.5,0.25,0.20833333333333331
TXN_1634534,0,0,0,1,0,0,0,0,0,0,1,2023-12-03,1,1.0,0.5,0.5833333333333333
TXN_7809121,1,0,0,0,0,0,0,0,0,0,1,2023-05-15,1,0.75,0.5,0.4583333333333333
TXN_1350239,0,0,0,0,0,0,1,0,1,0,0,2023-11-18,1,1.0,0.75,0.7916666666666666
TXN_5145906,0,0,0,0,0,0,0,1,0,0,1,2023-01-30,0,0.75,0.125,0.20833333333333331
TXN_9603912,0,0,0,1,0,0,0,0,1,0,0,2023-12-23,0,1.0,0.5,0.5833333333333333
TXN_1205610,0,0,1,0,0,0,0,0,1,0,0,2023-07-19,0,0.25,0.0,0.041666666666666664
TXN_8969428,0,0,0,0,1,0,0,0,1,0,0,2023-03-08,1,0.5,1.0,0.5833333333333333
TXN_5269634,1,0,0,0,0,0,0,0,0,0,1,2023-04-07,0,1.0,0.5,0.5833333333333333
TXN_3043982,0,0,0,0,0,1,0,0,1,0,0,2023-01-10,0,1.0,0.75,0.7916666666666666
TXN_6310896,0,0,0,0,0,1,0,0,0,1,0,2023-05-01,0,0.0,0.75,0.125
TXN_5496282,0,0,0,0,0,0,1,0,0,1,0,2023-03-03,1,0.25,0.75,0.29166666666666663
TXN_3947201,0,0,1,0,0,0,0,0,0,0,1,2023-06-17,1,1.0,0.0,0.16666666666666666
TXN_3666951,0,0,0,1,0,0,0,0,1,0,0,2023-01-06,0,0.25,0.5,0.20833333333333331
TXN_7254494,0,1,0,0,0,0,0,0,0,1,0,2023-03-16,1,1.0,0.25,0.375
TXN_3157867,0,0,0,0,1,0,0,0,0,1,0,2023-11-02,1,0.25,1.0,0.375
TXN_6164035,0,0,1,0,0,0,0,0,0,1,0,2023-03-30,1,0.0,0.0,0.0
TXN_6234838,0,0,0,1,0,0,0,0,0,1,0,2023-10-30,0,1.0,0.5,0.5833333333333333
TXN_5671075,0,0,0,0,0,0,0,1,1,0,0,2023-12-25,0,1.0,0.125,0.2708333333333333
TXN_5004986,0,0,0,0,0,1,0,0,0,0,1,2023-01-23,0,0.5,0.75,0.4583333333333333
TXN_4856575,0,0,0,0,1,0,0,0,0,0,1,2023-09-10,0,0.5,1.0,0.5833333333333333
TXN_6064400,0,0,0,0,0,1,0,0,0,1,0,2023-07-06,1,1.0,0.75,0.7916666666666666
TXN_8512136,0,0,0,1,0,0,0,0,1,0,0,2023-08-26,1,0.0,0.5,0.08333333333333333
TXN_1868529,0,0,0,0,1,0,0,0,0,1,0,2023-01-25,0,0.0,1.0,0.16666666666666666
TXN_3129441,0,0,0,1,0,0,0,0,0,1,0,2023-05-31,0,0.5,0.5,0.3333333333333333
TXN_1652596,0,0,0,0,0,0,1,0,0,0,1,2023-10-04,1,1.0,0.75,0.7916666666666666
TXN_3487896,0,1,0,0,0,0,0,0,0,1,0,2023-01-09,0,1.0,0.25,0.375
TXN_1429858,0,0,1,0,0,0,0,0,0,1,0,2023-03-15,1,0.75,0.0,0.125
TXN_1721242,0,0,0,0,0,0,1,0,1,0,0,2023-11-23,0,1.0,0.75,0.7916666666666666
TXN_3472707,0,0,0,0,0,1,0,0,1,0,0,2023-03-26,1,0.25,0.75,0.29166666666666663
TXN_5348750,0,0,0,0,1,0,0,0,0,1,0,2023-07-15,0,1.0,1.0,1.0
TXN_3819085,0,0,0,0,0,1,0,0,1,0,0,2023-11-23,1,0.0,0.75,0.125
TXN_2181920,0,0,0,0,0,1,0,0,1,0,0,2023-02-11,0,0.5,0.75,0.4583333333333333
TXN_1173155,0,1,0,0,0,0,0,0,1,0,0,2023-03-14,0,0.0,0.25,0.041666666666666664
TXN_4913079,0,0,0,0,0,1,0,0,0,0,1,2023-08-19,1,0.5,0.75,0.4583333333333333
TXN_1476711,0,0,0,0,0,0,0,1,0,1,0,2023-01-26,0,0.25,0.125,0.08333333333333333
TXN_5341644,1,0,0,0,0,0,0,0,1,0,0,2023-01-24,1,0.75,0.5,0.4583333333333333
TXN_4548274,0,0,0,1,0,0,0,0,0,0,1,2023-05-09,0,1.0,0.5,0.5833333333333333
TXN_8008815,0,0,0,0,1,0,0,0,1,0,0,2023-03-16,1,0.25,1.0,0.375
TXN_3639760,1,0,0,0,0,0,0,0,0,1,0,2023-01-29,1,1.0,0.5,0.5833333333333333
TXN_8159727,0,0,0,0,1,0,0,0,0,0,1,2023-04-24,1,1.0,1.0,1.0
TXN_5061028,0,0,1,0,0,0,0,0,0,1,0,2023-05-17,1,0.0,0.0,0.0
TXN_6962671,1,0,0,0,0,0,0,0,0,0,1,2023-01-20,0,0.25,0.5,0.20833333333333331
TXN_4791072,0,1,0,0,0,0,0,0,0,0,1,2023-11-13,0,0.5,0.25,0.20833333333333331
TXN_7263939,0,0,0,0,0,0,1,0,1,0,0,2023-08-08,0,0.0,0.75,0.125
TXN_4775791,0,0,0,0,0,0,1,0,0,1,0,2023-04-13,1,0.75,0.75,0.625
TXN_6724554,0,0,0,0,0,0,0,1,1,0,0,2023-03-22,1,0.5,0.125,0.14583333333333331
TXN_6897608,0,1,0,0,0,0,0,0,0,1,0,2023-06-28,1,0.25,0.25,0.125
TXN_1481470,0,0,0,1,0,0,0,0,0,0,1,2023-03-25,1,0.5,0.5,0.3333333333333333
TXN_4226572,0,0,1,0,0,0,0,0,1,0,0,2023-05-16,1,0.5,0.0,0.08333333333333333
TXN_6833530,0,0,0,1,0,0,0,0,1,0,0,2023-11-05,0,0.75,0.5,0.4583333333333333
TXN_5752187,0,0,0,1,0,0,0,0,0,0,1,2023-04-11,0,0.75,0.5,0.4583333333333333
TXN_4321368,0,1,0,0,0,0,0,0,1,0,0,2023-12-09,1,0.75,0.25,0.29166666666666663
TXN_3434549,0,0,0,0,0,1,0,0,0,1,0,2023-05-25,1,1.0,0.75,0.7916666666666666
TXN_7918317,0,0,0,0,0,0,0,1,0,1,0,2023-07-27,1,0.0,0.125,0.020833333333333332
TXN_3467985,0,0,0,0,0,1,0,0,1,0,0,2023-12-10,1,0.5,0.75,0.4583333333333333
TXN_3526095,0,0,0,0,0,1,0,0,1,0,0,2023-08-30,1,0.5,0.75,0.4583333333333333
TXN_8316915,0,0,1,0,0,0,0,0,0,0,1,2023-05-30,0,1.0,0.0,0.16666666666666666
TXN_4876685,0,0,0,0,0,0,0,1,0,0,1,2023-07-14,1,0.0,0.125,0.020833333333333332
TXN_7505290,0,0,0,0,1,0,0,0,0,0,1,2023-10-21,1,0.75,1.0,0.7916666666666666
TXN_5709834,1,0,0,0,0,0,0,0,0,0,1,2023-03-24,1,0.75,0.5,0.4583333333333333
TXN_9626624,0,0,0,0,0,0,1,0,1,0,0,2023-10-10,0,0.5,0.75,0.4583333333333333
TXN_4563526,0,0,0,0,0,0,1,0,0,1,0,2023-06-30,1,0.75,0.75,0.625
TXN_5512533,0,1,0,0,0,0,0,0,0,0,1,2023-06-13,1,0.75,0.25,0.29166666666666663
TXN_9399452,1,0,0,0,0,0,0,0,0,1,0,2023-12-03,0,0.75,0.5,0.4583333333333333
TXN_3451212,1,0,0,0,0,0,0,0,0,1,0,2023-01-29,1,0.5,0.5,0.3333333333333333
TXN_1934166,0,0,0,0,0,1,0,0,1,0,0,2023-03-06,0,1.0,0.75,0.7916666666666666
TXN_5594695,1,0,0,0,0,0,0,0,0,1,0,2023-01-18,0,0.5,0.5,0.3333333333333333
TXN_8379868,1,0,0,0,0,0,0,0,1,0,0,2023-01-16,0,0.5,0.5,0.3333333333333333
TXN_3708535,0,1,0,0,0,0,0,0,0,0,1,2023-05-02,0,1.0,0.25,0.375
TXN_5299440,0,0,0,1,0,0,0,0,0,1,0,2023-10-21,0,0.25,0.5,0.20833333333333331
TXN_4107706,0,0,0,0,1,0,0,0,0,1,0,2023-11-23,0,0.0,1.0,0.16666666666666666
TXN_6059878,0,0,0,0,1,0,0,0,0,0,1,2023-01-23,1,0.5,1.0,0.5833333333333333
TXN_6476204,0,0,0,0,0,1,0,0,1,0,0,2023-12-22,1,1.0,0.75,0.7916666666666666
TXN_5777542,0,0,0,0,0,1,0,0,1,0,0,2023-10-22,1,0.25,0.75,0.29166666666666663
TXN_3919225,1,0,0,0,0,0,0,0,1,0,0,2023-03-26,0,0.25,0.5,0.20833333333333331
TXN_5598744,0,0,0,0,0,1,0,0,0,0,1,2023-10-17,1,0.75,0.75,0.625
TXN_7355326,0,0,1,0,0,0,0,0,0,0,1,2023-01-03,1,0.0,0.0,0.0
TXN_4071945,1,0,0,0,0,0,0,0,1,0,0,2023-07-17,0,0.0,0.5,0.08333333333333333
TXN_6732096,0,0,0,0,0,0,1,0,0,1,0,2023-04-02,0,0.25,0.75,0.29166666666666663
TXN_4392519,0,0,1,0,0,0,0,0,0,0,1,2023-09-20,1,0.25,0.0,0.041666666666666664
TXN_1716710,0,1,0,0,0,0,0,0,0,0,1,2023-02-23,0,0.25,0.25,0.125
TXN_9550397,0,1,0,0,0,0,0,0,0,1,0,2023-04-30,1,0.75,0.25,0.29166666666666663
TXN_9655021,0,1,0,0,0,0,0,0,0,0,1,2023-04-22,1,0.5,0.25,0.20833333333333331
TXN_3868402,0,1,0,0,0,0,0,0,1,0,0,2023-01-21,0,0.5,0.25,0.20833333333333331
TXN_4624591,0,0,0,0,1,0,0,0,0,1,0,2023-08-03,0,0.25,1.0,0.375
TXN_9640865,0,0,1,0,0,0,0,0,1,0,0,2023-03-18,1,0.25,0.0,0.041666666666666664
TXN_6456008,0,0,0,0,1,0,0,0,0,1,0,2023-03-26,0,1.0,1.0,1.0
TXN_9547654,0,0,1,0,0,0,0,0,1,0,0,2023-11-19,0,0.25,0.0,0.041666666666666664
TXN_4986668,1,0,0,0,0,0,0,0,0,0,1,2023-11-30,0,0.5,0.5,0.3333333333333333
TXN_6235329,0,0,0,0,1,0,0,0,0,0,1,2023-10-11,0,0.25,1.0,0.375
TXN_8536578,1,0,0,0,0,0,0,0,0,0,1,2023-11-11,0,1.0,0.5,0.5833333333333333
TXN_4545512,0,1,0,0,0,0,0,0,0,0,1,2023-12-18,1,0.0,0.25,0.041666666666666664
TXN_2156128,0,0,0,0,0,1,0,0,0,0,1,2023-07-21,0,0.0,0.75,0.125
TXN_9188172,0,0,0,1,0,0,0,0,0,0,1,2023-08-27,0,0.5,0.5,0.3333333333333333
TXN_5893283,1,0,0,0,0,0,0,0,1,0,0,2023-08-15,0,0.5,0.5,0.3333333333333333
TXN_6408024,0,0,1,0,0,0,0,0,0,1,0,2023-11-29,0,0.5,0.0,0.08333333333333333
TXN_4788748,0,0,0,0,0,1,0,0,0,1,0,2023-04-30,0,0.75,0.75,0.625
TXN_6460409,0,0,0,0,1,0,0,0,1,0,0,2023-01-03,0,0.5,1.0,0.5833333333333333
TXN_1067052,0,0,0,0,0,0,0,1,1,0,0,2023-02-18,1,0.75,0.125,0.20833333333333331
TXN_8776634,0,0,0,1,0,0,0,0,1,0,0,2023-06-02,0,1.0,0.5,0.5833333333333333
TXN_2534831,0,0,0,0,0,0,0,1,1,0,0,2023-08-19,1,1.0,0.125,0.2708333333333333
TXN_9941872,0,0,0,0,1,0,0,0,0,0,1,2023-04-08,0,0.5,1.0,0.5833333333333333
TXN_2055898,0,0,0,0,0,0,0,1,0,1,0,2023-12-01,0,0.75,0.125,0.20833333333333331
TXN_2007418,0,0,0,0,0,0,1,0,1,0,0,2023-06-16,1,0.75,0.75,0.625
TXN_6451043,0,0,1,0,0,0,0,0,0,1,0,2023-02-06,0,0.25,0.0,0.041666666666666664
TXN_2632916,0,0,0,1,0,0,0,0,0,1,0,2023-06-17,0,0.5,0.5,0.3333333333333333
TXN_1926794,0,0,0,0,0,0,1,0,0,1,0,2023-01-14,0,0.0,0.75,0.125
TXN_3201783,0,0,0,1,0,0,0,0,1,0,0,2023-12-03,0,0.5,0.5,0.3333333333333333
TXN_2374950,1,0,0,0,0,0,0,0,0,0,1,2023-04-28,0,1.0,0.5,0.5833333333333333
TXN_5962196,0,0,0,0,0,0,1,0,1,0,0,2023-11-29,1,0.25,0.75,0.29166666666666663
TXN_4342098,0,0,0,0,0,0,1,0,1,0,0,2023-05-24,0,0.75,0.75,0.625
TXN_7367134,0,0,0,0,0,0,1,0,0,0,1,2023-10-03,0,0.75,0.75,0.625
TXN_3651743,1,0,0,0,0,0,0,0,1,0,0,2023-04-24,0,1.0,0.5,0.5833333333333333
TXN_4411007,0,0,1,0,0,0,0,0,0,0,1,2023-05-17,1,1.0,0.0,0.16666666666666666
TXN_6026451,0,0,0,1,0,0,0,0,1,0,0,2023-11-06,0,0.25,0.5,0.20833333333333331
TXN_5896413,0,1,0,0,0,0,0,0,1,0,0,2023-07-04,0,0.5,0.25,0.20833333333333331
TXN_5093312,0,0,1,0,0,0,0,0,0,1,0,2023-08-12,1,0.75,0.0,0.125
TXN_6685570,0,0,0,0,0,0,0,1,0,1,0,2023-03-14,0,0.0,0.125,0.020833333333333332
TXN_7905853,0,0,1,0,0,0,0,0,0,0,1,2023-07-25,1,0.75,0.0,0.125
TXN_3020475,0,0,0,0,1,0,0,0,0,1,0,2023-09-13,1,0.75,1.0,0.7916666666666666
TXN_7665695,0,0,0,0,0,0,0,1,0,1,0,2023-10-21,0,0.5,0.125,0.14583333333333331
TXN_2355099,0,0,0,0,1,0,0,0,1,0,0,2023-03-18,1,1.0,1.0,1.0
TXN_6071866,0,0,0,0,0,0,0,1,1,0,0,2023-10-14,1,0.75,0.125,0.20833333333333331
TXN_4548715,0,0,0,0,0,1,0,0,0,1,0,2023-02-16,0,0.25,0.75,0.29166666666666663
TXN_8156272,0,0,0,0,1,0,0,0,1,0,0,2023-10-13,0,0.25,1.0,0.375
TXN_8344035,0,0,0,0,0,0,1,0,1,0,0,2023-08-23,0,0.25,0.75,0.29166666666666663
TXN_7332192,0,1,0,0,0,0,0,0,0,1,0,2023-11-17,1,0.0,0.25,0.041666666666666664
TXN_4483944,0,0,0,1,0,0,0,0,0,0,1,2023-01-30,0,0.75,0.5,0.4583333333333333
TXN_4713356,0,0,0,0,0,0,1,0,0,0,1,2023-05-08,0,1.0,0.75,0.7916666666666666
TXN_6400461,0,1,0,0,0,0,0,0,0,0,1,2023-01-18,0,0.75,0.25,0.29166666666666663
TXN_9262504,0,0,0,0,0,0,1,0,0,1,0,2023-12-01,1,0.5,0.75,0.4583333333333333
TXN_6225305,1,0,0,0,0,0,0,0,1,0,0,2023-05-05,1,0.0,0.5,0.08333333333333333
TXN_1266278,0,0,0,0,0,0,1,0,1,0,0,2023-11-03,1,0.0,0.75,0.125
TXN_2607233,0,1,0,0,0,0,0,0,1,0,0,2023-10-07,1,0.5,0.25,0.20833333333333331
TXN_2797871,0,0,1,0,0,0,0,0,0,0,1,2023-09-21,1,0.25,0.0,0.041666666666666664
TXN_6753977,0,0,0,0,0,0,0,1,0,1,0,2023-09-16,0,0.5,0.125,0.14583333333333331
TXN_4947561,0,0,0,0,1,0,0,0,0,0,1,2023-06-06,1,0.5,1.0,0.5833333333333333
TXN_3881824,0,0,0,1,0,0,0,0,0,1,0,2023-12-30,1,0.25,0.5,0.20833333333333331
TXN_7606965,0,0,0,1,0,0,0,0,0,0,1,2023-12-08,0,1.0,0.5,0.5833333333333333
TXN_5516374,0,0,0,0,0,0,1,0,1,0,0,2023-07-25,0,0.25,0.75,0.29166666666666663
TXN_8059034,0,1,0,0,0,0,0,0,0,0,1,2023-01-10,0,0.0,0.25,0.041666666666666664
TXN_2238287,0,0,0,0,1,0,0,0,0,0,1,2023-05-22,0,0.5,1.0,0.5833333333333333
TXN_2086896,1,0,0,0,0,0,0,0,1,0,0,2023-11-25,1,0.75,0.5,0.4583333333333333
TXN_9667721,0,0,0,0,0,0,0,1,0,1,0,2023-04-29,1,1.0,0.125,0.2708333333333333
TXN_6317991,0,0,1,0,0,0,0,0,0,0,1,2023-03-03,0,1.0,0.0,0.16666666666666666
TXN_7866723,0,0,0,0,0,1,0,0,0,1,0,2023-03-26,0,0.25,0.75,0.29166666666666663
TXN_7954064,0,0,0,1,0,0,0,0,0,1,0,2023-08-31,0,1.0,0.5,0.5833333333333333
TXN_5251180,0,0,1,0,0,0,0,0,0,0,1,2023-06-25,1,0.0,0.0,0.0
TXN_5891724,0,0,0,0,1,0,0,0,0,1,0,2023-12-10,1,1.0,1.0,1.0
TXN_9564495,1,0,0,0,0,0,0,0,0,0,1,2023-08-01,0,0.75,0.5,0.4583333333333333
TXN_5092646,0,0,0,0,0,0,1,0,0,0,1,2023-05-08,1,0.25,0.75,0.29166666666666663
TXN_5261036,1,0,0,0,0,0,0,0,1,0,0,2023-10-03,1,1.0,0.5,0.5833333333333333
TXN_2638434,0,0,0,1,0,0,0,0,0,1,0,2023-09-18,0,1.0,0.5,0.5833333333333333
TXN_5651620,0,0,0,0,0,1,0,0,0,0,1,2023-05-16,1,0.25,0.75,0.29166666666666663
TXN_5452210,0,0,0,0,0,0,0,1,0,0,1,2023-04-17,0,1.0,0.125,0.2708333333333333
TXN_5337566,0,0,1,0,0,0,0,0,1,0,0,2023-03-08,1,1.0,0.0,0.16666666666666666
TXN_3341779,0,0,0,0,0,0,0,1,1,0,0,2023-07-30,1,0.5,0.125,0.14583333333333331
TXN_7977951,1,0,0,0,0,0,0,0,1,0,0,2023-12-22,0,1.0,0.5,0.5833333333333333
TXN_8226985,0,1,0,0,0,0,0,0,0,1,0,2023-03-08,0,0.25,0.25,0.125
TXN_7604622,0,0,0,1,0,0,0,0,0,1,0,2023-12-22,0,0.75,0.5,0.4583333333333333
TXN_6875870,0,0,0,0,1,0,0,0,1,0,0,2023-09-07,1,1.0,1.0,1.0
TXN_9086163,0,0,1,0,0,0,0,0,0,0,1,2023-07-31,1,0.25,0.0,0.041666666666666664
TXN_5061600,0,0,0,1,0,0,0,0,0,1,0,2023-11-23,0,0.5,0.5,0.3333333333333333
TXN_9987017,0,0,1,0,0,0,0,0,1,0,0,2023-03-14,1,1.0,0.0,0.16666666666666666
TXN_6533576,0,0,0,0,1,0,0,0,1,0,0,2023-08-14,0,1.0,1.0,1.0
TXN_5229351,0,1,0,0,0,0,0,0,0,0,1,2023-08-14,1,0.5,0.25,0.20833333333333331
TXN_5318263,0,0,0,0,0,0,1,0,0,1,0,2023-06-12,1,0.0,0.75,0.125
TXN_8866088,0,0,0,0,0,0,0,1,0,0,1,2023-07-11,1,0.75,0.125,0.20833333333333331
TXN_1193930,0,1,0,0,0,0,0,0,1,0,0,2023-08-09,0,0.0,0.25,0.041666666666666664
TXN_2601923,1,0,0,0,0,0,0,0,1,0,0,2023-07-24,1,0.75,0.5,0.4583333333333333
TXN_5884081,0,0,1,0,0,0,0,0,0,0,1,2023-07-05,0,0.5,0.0,0.125
TXN_5047792,0,0,0,0,1,0,0,0,0,1,0,2023-10-26,0,0.0,1.0,0.16666666666666666
TXN_7434172,0,0,1,0,0,0,0,0,0,0,1,2023-11-14,1,0.25,0.0,0.041666666666666664
TXN_1849406,0,0,0,0,0,1,0,0,1,0,0,2023-11-30,0,1.0,0.75,0.7916666666666666
TXN_8388462,0,0,0,0,0,0,1,0,0,0,1,2023-08-19,1,0.25,0.75,0.29166666666666663
TXN_6289180,0,0,0,1,0,0,0,0,1,0,0,2023-03-14,0,0.0,0.5,0.08333333333333333
TXN_3974663,0,0,0,1,0,0,0,0,1,0,0,2023-10-02,1,0.5,0.5,0.3333333333333333
TXN_9041537,0,0,0,0,0,1,0,0,0,1,0,2023-08-28,0,0.75,0.75,0.625
TXN_2798069,0,0,0,0,0,0,0,1,0,0,1,2023-09-02,1,1.0,0.125,0.2708333333333333
TXN_7601706,0,0,0,1,0,0,0,0,0,1,0,2023-11-15,0,0.25,0.5,0.20833333333333331
TXN_6184247,0,0,0,1,0,0,0,0,0,0,1,2023-10-15,1,0.0,0.5,0.08333333333333333
TXN_3145515,0,0,0,0,0,0,1,0,1,0,0,2023-03-31,1,0.75,0.75,0.625
TXN_6711224,0,0,0,1,0,0,0,0,0,0,1,2023-03-26,1,0.0,0.5,0.08333333333333333
TXN_4035164,0,0,0,1,0,0,0,0,0,0,1,2023-11-26,0,1.0,0.5,0.5833333333333333
TXN_1815061,1,0,0,0,0,0,0,0,0,0,1,2023-01-20,0,0.5,0.5,0.3333333333333333
TXN_9522690,0,0,1,0,0,0,0,0,0,1,0,2023-07-23,0,0.75,0.0,0.125
TXN_2858635,0,0,0,0,0,1,0,0,0,0,1,2023-09-28,0,0.0,0.75,0.125
TXN_5492825,0,0,0,0,1,0,0,0,0,1,0,2023-02-25,0,0.25,1.0,0.375
TXN_2083119,0,0,1,0,0,0,0,0,0,0,1,2023-06-11,0,0.25,0.0,0.041666666666666664
TXN_7030681,0,0,0,1,0,0,0,0,1,0,0,2023-10-01,1,0.0,0.5,0.08333333333333333
TXN_7738316,0,0,1,0,0,0,0,0,0,1,0,2023-02-04,1,0.75,0.0,0.125
TXN_6817358,0,0,0,0,0,0,1,0,0,1,0,2023-12-22,0,0.25,0.75,0.29166666666666663
TXN_4430474,1,0,0,0,0,0,0,0,0,0,1,2023-06-08,1,0.25,0.5,0.20833333333333331
TXN_2329938,0,0,0,0,0,1,0,0,0,1,0,2023-03-29,0,0.5,0.75,0.4583333333333333
TXN_7020104,0,0,0,0,0,0,0,1,0,0,1,2023-01-23,1,1.0,0.125,0.2708333333333333
TXN_3642052,1,0,0,0,0,0,0,0,0,0,1,2023-07-19,1,0.0,0.5,0.08333333333333333
TXN_6655913,0,0,1,0,0,0,0,0,0,1,0,2023-04-02,0,0.0,0.0,0.0
TXN_1409029,0,0,0,0,0,1,0,0,1,0,0,2023-07-08,0,0.0,0.75,0.125
TXN_1617594,0,0,0,0,0,1,0,0,0,0,1,2023-04-23,0,0.0,0.75,0.125
TXN_7136372,0,0,0,1,0,0,0,0,0,1,0,2023-09-22,1,0.5,0.5,0.3333333333333333
TXN_7648238,0,0,1,0,0,0,0,0,1,0,0,2023-05-12,1,0.0,0.0,0.0
TXN_1277813,1,0,0,0,0,0,0,0,0,0,1,2023-09-11,0,1.0,0.5,0.5833333333333333
TXN_7251969,0,0,1,0,0,0,0,0,0,1,0,2023-08-14,0,0.25,0.0,0.041666666666666664
TXN_5790695,0,0,0,0,0,0,0,1,0,1,0,2023-04-24,1,1.0,0.125,0.2708333333333333
TXN_7101802,0,1,0,0,0,0,0,0,0,0,1,2023-03-19,1,0.75,0.25,0.29166666666666663
TXN_3277936,0,0,0,0,0,0,0,1,0,0,1,2023-06-21,1,0.25,0.125,0.08333333333333333
TXN_3233221,1,0,0,0,0,0,0,0,0,0,1,2023-06-15,1,1.0,0.5,0.5833333333333333
TXN_6200423,0,0,1,0,0,0,0,0,1,0,0,2023-02-03,0,0.0,0.0,0.0
TXN_1522176,0,0,0,0,0,0,1,0,0,0,1,2023-04-29,1,0.0,0.75,0.125
TXN_6728574,0,0,0,1,0,0,0,0,1,0,0,2023-05-24,1,0.5,0.5,0.3333333333333333
TXN_6344738,0,0,0,0,1,0,0,0,0,1,0,2023-08-26,1,0.75,1.0,0.7916666666666666
TXN_5968705,0,0,0,0,0,1,0,0,0,1,0,2023-12-16,1,0.5,0.75,0.4583333333333333
TXN_9657902,0,0,0,1,0,0,0,0,0,0,1,2023-10-30,1,0.0,0.5,0.08333333333333333
TXN_8640383,0,0,0,1,0,0,0,0,1,0,0,2023-10-08,1,0.25,0.5,0.20833333333333331
TXN_3889213,1,0,0,0,0,0,0,0,0,1,0,2023-10-13,0,0.0,0.5,0.08333333333333333
TXN_2252244,0,0,0,1,0,0,0,0,0,1,0,2023-03-10,1,0.25,0.5,0.20833333333333331
TXN_2561071,0,0,0,1,0,0,0,0,1,0,0,2023-01-30,0,1.0,0.5,0.5833333333333333
TXN_6543164,0,0,0,0,0,0,0,1,0,0,1,2023-07-10,1,0.25,0.125,0.08333333333333333
TXN_3209025,0,0,0,0,1,0,0,0,1,0,0,2023-10-12,0,0.25,1.0,0.375
TXN_9975079,0,0,0,0,0,0,1,0,1,0,0,2023-08-26,0,0.25,0.75,0.29166666666666663
TXN_9618962,0,1,0,0,0,0,0,0,0,1,0,2023-11-08,1,0.5,0.5,0.20833333333333331
TXN_5949517,0,0,0,0,0,1,0,0,0,0,1,2023-12-31,0,1.0,0.75,0.7916666666666666
TXN_4103665,0,1,0,0,0,0,0,0,0,0,1,2023-04-30,0,0.75,0.25,0.29166666666666663
TXN_8499618,1,0,0,0,0,0,0,0,1,0,0,2023-05-23,0,0.25,0.5,0.20833333333333331
TXN_6183513,1,0,0,0,0,0,0,0,0,0,1,2023-12-22,0,0.5,0.5,0.3333333333333333
TXN_3919672,0,0,1,0,0,0,0,0,0,1,0,2023-11-05,0,0.25,0.0,0.041666666666666664
TXN_7592199,0,0,0,0,0,0,0,1,0,0,1,2023-09-14,0,0.5,0.125,0.14583333333333331
TXN_8888249,0,1,0,0,0,0,0,0,1,0,0,2023-10-17,1,1.0,0.25,0.375
TXN_8494571,0,0,1,0,0,0,0,0,0,1,0,2023-02-06,1,1.0,0.0,0.16666666666666666
TXN_7749759,0,0,0,0,0,0,0,1,0,0,1,2023-12-26,0,0.0,0.125,0.020833333333333332
TXN_7556108,0,0,1,0,0,0,0,0,1,0,0,2023-01-17,1,1.0,0.0,0.16666666666666666
TXN_9360886,0,0,0,0,0,1,0,0,0,1,0,2023-07-25,0,0.0,0.75,0.125
TXN_5303464,0,0,0,1,0,0,0,0,1,0,0,2023-10-26,1,0.75,0.5,0.4583333333333333
TXN_5324330,0,0,0,0,1,0,0,0,0,0,1,2023-11-20,1,0.5,1.0,0.5833333333333333
TXN_5862289,0,0,0,1,0,0,0,0,0,0,1,2023-01-05,1,0.75,0.5,0.4583333333333333
TXN_8203190,0,0,0,0,0,0,0,1,1,0,0,2023-06-16,0,0.25,0.125,0.08333333333333333
TXN_9699948,0,1,0,0,0,0,0,0,1,0,0,2023-04-18,0,1.0,0.25,0.375
TXN_8187087,0,1,0,0,0,0,0,0,0,0,1,2023-01-31,1,0.5,0.25,0.20833333333333331
TXN_5409141,0,1,0,0,0,0,0,0,1,0,0,2023-02-02,1,1.0,0.25,0.375
TXN_9928409,0,0,0,0,0,1,0,0,0,1,0,2023-06-17,1,0.75,0.75,0.625
TXN_9882485,0,0,0,0,1,0,0,0,1,0,0,2023-05-04,0,1.0,1.0,1.0
TXN_9952479,0,0,0,0,0,1,0,0,0,0,1,2023-12-06,1,0.0,0.75,0.125
TXN_7207901,0,0,0,0,0,0,1,0,0,0,1,2023-12-11,0,0.25,0.75,0.29166666666666663
TXN_8899602,0,0,0,0,1,0,0,0,0,0,1,2023-08-18,0,0.75,1.0,0.7916666666666666
TXN_4321091,0,0,0,0,0,0,1,0,1,0,0,2023-06-15,0,0.25,0.75,0.29166666666666663
TXN_2721997,1,0,0,0,0,0,0,0,0,0,1,2023-05-20,1,0.5,0.5,0.3333333333333333
TXN_6738137,0,1,0,0,0,0,0,0,0,0,1,2023-07-20,1,0.75,0.25,0.29166666666666663
TXN_5365699,0,0,0,0,0,1,0,0,0,0,1,2023-05-22,0,1.0,0.75,0.7916666666666666
TXN_4807459,0,0,0,0,0,1,0,0,0,0,1,2023-08-11,1,0.0,0.75,0.125
TXN_2790608,0,0,0,1,0,0,0,0,1,0,0,2023-12-18,0,0.0,0.5,0.08333333333333333
TXN_2035137,0,0,0,0,0,0,0,1,0,0,1,2023-03-12,1,0.25,0.125,0.08333333333333333
TXN_7603919,0,0,1,0,0,0,0,0,0,0,1,2023-09-25,1,0.25,0.0,0.041666666666666664
TXN_7429032,0,0,0,0,0,1,0,0,1,0,0,2023-08-18,1,0.25,0.75,0.29166666666666663
TXN_5241723,0,1,0,0,0,0,0,0,1,0,0,2023-07-18,1,0.5,0.25,0.20833333333333331
TXN_5151706,0,0,0,0,0,0,1,0,0,1,0,2023-03-01,1,0.0,0.75,0.125
TXN_6231475,0,0,0,0,1,0,0,0,0,1,0,2023-03-18,0,0.25,1.0,0.375
TXN_6144244,0,0,0,1,0,0,0,0,1,0,0,2023-01-08,1,0.5,0.5,0.3333333333333333
TXN_3442435,0,0,0,0,0,0,1,0,0,0,1,2023-04-01,0,0.25,0.75,0.29166666666666663
TXN_2631423,0,0,1,0,0,0,0,0,1,0,0,2023-01-07,1,0.5,0.0,0.08333333333333333
TXN_1616810,0,0,1,0,0,0,0,0,0,1,0,2023-09-05,0,0.25,0.0,0.041666666666666664
TXN_6505914,1,0,0,0,0,0,0,0,0,0,1,2023-01-27,1,0.5,0.5,0.3333333333333333
TXN_1958614,0,0,0,0,0,0,1,0,0,0,1,2023-07-02,0,0.25,0.75,0.29166666666666663
TXN_6890737,0,0,0,0,0,1,0,0,1,0,0,2023-05-22,1,0.75,0.75,0.625
TXN_6702416,1,0,0,0,0,0,0,0,0,1,0,2023-09-14,0,0.0,0.5,0.08333333333333333
TXN_5649204,0,0,0,0,0,0,1,0,1,0,0,2023-03-05,0,0.0,0.75,0.125
TXN_4084177,0,0,1,0,0,0,0,0,0,1,0,2023-08-13,0,0.5,0.0,0.08333333333333333
TXN_2066115,0,0,0,0,1,0,0,0,0,1,0,2023-08-18,0,0.75,1.0,0.7916666666666666
TXN_5029643,0,0,0,0,0,0,0,1,0,0,1,2023-12-23,0,0.25,0.125,0.08333333333333333
TXN_7986904,0,0,1,0,0,0,0,0,0,1,0,2023-08-11,1,0.5,0.0,0.08333333333333333
TXN_4633457,0,0,0,0,1,0,0,0,0,1,0,2023-05-21,1,0.0,1.0,0.16666666666666666
TXN_9368550,1,0,0,0,0,0,0,0,0,0,1,2023-09-26,1,0.5,0.5,0.3333333333333333
TXN_8049058,1,0,0,0,0,0,0,0,1,0,0,2023-04-08,1,0.25,0.5,0.20833333333333331
TXN_5131404,0,0,0,0,0,1,0,0,0,1,0,2023-06-18,1,0.75,0.75,0.625
TXN_3480562,0,1,0,0,0,0,0,0,0,0,1,2023-12-24,1,1.0,0.25,0.375
TXN_6219454,0,0,0,0,0,0,0,1,1,0,0,2023-11-14,0,0.0,0.125,0.020833333333333332
TXN_2551378,0,0,0,0,0,0,0,1,0,0,1,2023-10-27,1,0.25,0.125,0.08333333333333333
TXN_9024388,0,0,0,0,1,0,0,0,1,0,0,2023-02-27,0,0.0,1.0,0.16666666666666666
TXN_3478329,0,0,0,0,0,0,0,1,0,0,1,2023-10-29,0,0.5,0.125,0.14583333333333331
TXN_6308974,0,0,1,0,0,0,0,0,0,1,0,2023-10-02,0,0.75,0.0,0.125
TXN_5571904,0,0,0,0,1,0,0,0,0,0,1,2023-08-05,1,1.0,1.0,1.0
TXN_6979356,0,0,0,0,1,0,0,0,0,1,0,2023-09-21,0,0.25,1.0,0.375
TXN_9171458,1,0,0,0,0,0,0,0,0,1,0,2023-03-29,1,0.25,0.5,0.20833333333333331
TXN_5537621,0,0,0,1,0,0,0,0,0,0,1,2023-02-28,1,0.75,0.5,0.4583333333333333
TXN_9288156,0,1,0,0,0,0,0,0,0,1,0,2023-11-05,0,0.5,0.25,0.20833333333333331
TXN_8626720,0,0,0,1,0,0,0,0,1,0,0,2023-06-02,1,0.75,0.5,0.4583333333333333
TXN_9181129,0,0,0,0,0,1,0,0,0,0,1,2023-09-25,0,1.0,0.75,0.7916666666666666
TXN_5908362,0,0,0,0,0,1,0,0,0,0,1,2023-10-03,1,1.0,0.75,0.7916666666666666
TXN_2086841,0,0,0,0,1,0,0,0,0,1,0,2023-03-16,0,0.75,1.0,0.7916666666666666
TXN_9944141,0,0,0,1,0,0,0,0,0,1,0,2023-07-18,1,1.0,0.5,0.5833333333333333
TXN_2438638,1,0,0,0,0,0,0,0,0,1,0,2023-08-12,1,0.25,0.5,0.20833333333333331
TXN_4644790,0,0,0,0,0,1,0,0,0,1,0,2023-09-19,0,0.0,0.75,0.125
TXN_9216933,0,0,1,0,0,0,0,0,1,0,0,2023-05-29,1,0.75,0.0,0.125
TXN_8308356,0,0,0,0,0,0,1,0,0,0,1,2023-11-21,1,0.0,0.75,0.125
TXN_7933500,0,0,0,0,0,0,0,1,0,1,0,2023-09-21,0,0.5,0.125,0.14583333333333331
TXN_1602123,0,1,0,0,0,0,0,0,1,0,0,2023-04-11,1,0.0,0.25,0.041666666666666664
TXN_3321395,0,0,0,0,0,0,0,1,0,0,1,2023-07-08,1,0.0,0.125,0.020833333333333332
TXN_7563589,0,0,0,0,0,0,1,0,1,0,0,2023-09-19,1,1.0,0.75,0.7916666666666666
TXN_7864482,0,0,0,0,0,1,0,0,0,1,0,2023-01-28,1,0.0,0.75,0.125
TXN_7942343,0,0,1,0,0,0,0,0,0,0,1,2023-06-15,1,0.75,0.0,0.125
TXN_1585329,0,0,0,0,0,0,1,0,0,1,0,2023-07-16,1,0.75,0.75,0.625
TXN_6550460,0,0,0,0,0,1,0,0,0,1,0,2023-03-15,1,1.0,0.75,0.7916666666666666
TXN_3416466,0,0,0,1,0,0,0,0,0,0,1,2023-09-13,0,0.25,0.5,0.20833333333333331
TXN_5125759,0,1,0,0,0,0,0,0,0,0,1,2023-06-15,1,0.5,0.25,0.20833333333333331
TXN_7321946,1,0,0,0,0,0,0,0,1,0,0,2023-02-12,1,0.5,0.5,0.3333333333333333
TXN_4336291,0,0,0,0,1,0,0,0,1,0,0,2023-03-25,0,1.0,1.0,1.0
TXN_5240229,0,0,0,0,1,0,0,0,0,1,0,2023-06-10,0,0.0,1.0,0.16666666666666666
TXN_7854253,0,1,0,0,0,0,0,0,1,0,0,2023-07-26,0,0.75,0.25,0.29166666666666663
TXN_1971201,0,0,0,0,0,0,1,0,0,0,1,2023-11-07,0,0.25,0.75,0.29166666666666663
TXN_2673104,0,0,0,0,0,0,0,1,1,0,0,2023-06-23,0,0.0,0.125,0.020833333333333332
TXN_7479695,0,0,0,0,0,0,1,0,0,1,0,2023-12-12,1,1.0,0.75,0.7916666666666666
TXN_1084222,0,1,0,0,0,0,0,0,0,0,1,2023-06-03,0,0.75,0.25,0.29166666666666663
TXN_1723062,0,0,0,0,1,0,0,0,0,1,0,2023-09-21,0,0.0,1.0,0.16666666666666666
TXN_4987205,0,0,0,0,0,0,0,1,0,1,0,2023-06-24,1,0.25,0.125,0.08333333333333333
TXN_8025478,0,0,0,0,0,1,0,0,1,0,0,2023-01-24,1,0.75,0.75,0.625
TXN_7529735,0,1,0,0,0,0,0,0,0,1,0,2023-08-12,0,0.5,0.25,0.20833333333333331
TXN_1598214,0,0,0,1,0,0,0,0,0,1,0,2023-01-07,1,0.0,0.5,0.08333333333333333
TXN_7872478,0,0,0,1,0,0,0,0,0,1,0,2023-04-25,0,0.75,0.5,0.4583333333333333
TXN_9464398,1,0,0,0,0,0,0,0,0,1,0,2023-09-25,1,0.75,0.5,0.4583333333333333
TXN_9319656,0,0,0,0,0,0,0,1,0,1,0,2023-12-22,0,1.0,0.125,0.2708333333333333
TXN_9212052,0,0,0,0,1,0,0,0,1,0,0,2023-10-15,0,0.75,1.0,0.7916666666666666
TXN_2913107,0,0,0,1,0,0,0,0,0,0,1,2023-05-20,0,0.75,0.5,0.29166666666666663
TXN_2550923,1,0,0,0,0,0,0,0,1,0,0,2023-08-26,1,0.25,0.5,0.20833333333333331
TXN_3352028,0,0,1,0,0,0,0,0,0,1,0,2023-08-26,0,0.75,0.0,0.125
TXN_2682803,1,0,0,0,0,0,0,0,0,1,0,2023-04-09,1,1.0,0.5,0.5833333333333333
TXN_1745182,0,0,1,0,0,0,0,0,0,0,1,2023-09-26,1,0.25,0.0,0.041666666666666664
TXN_7608637,0,0,0,0,1,0,0,0,0,0,1,2023-04-08,1,0.0,1.0,0.16666666666666666
TXN_6388090,0,0,0,1,0,0,0,0,1,0,0,2023-12-09,0,0.75,0.5,0.4583333333333333
TXN_4335735,0,1,0,0,0,0,0,0,0,0,1,2023-04-07,0,0.25,0.25,0.125
TXN_9264301,0,1,0,0,0,0,0,0,1,0,0,2023-10-24,0,0.0,0.25,0.041666666666666664
TXN_6547896,0,1,0,0,0,0,0,0,1,0,0,2023-03-02,1,0.5,0.25,0.20833333333333331
TXN_2414686,1,0,0,0,0,0,0,0,1,0,0,2023-10-19,0,0.0,0.5,0.08333333333333333
TXN_9868114,0,0,0,0,0,0,1,0,0,1,0,2023-11-12,0,0.25,0.75,0.29166666666666663
TXN_6127474,0,0,1,0,0,0,0,0,1,0,0,2023-09-17,0,1.0,0.0,0.16666666666666666
TXN_5549557,1,0,0,0,0,0,0,0,1,0,0,2023-02-27,0,0.25,0.5,0.20833333333333331
TXN_4668762,0,0,0,0,0,0,1,0,0,0,1,2023-03-10,0,0.5,0.75,0.4583333333333333
TXN_1058466,0,0,1,0,0,0,0,0,0,0,1,2023-12-07,1,0.5,0.0,0.08333333333333333
TXN_8892230,0,1,0,0,0,0,0,0,1,0,0,2023-03-02,0,1.0,0.25,0.375
TXN_3332915,0,0,1,0,0,0,0,0,1,0,0,2023-01-19,1,0.25,0.0,0.041666666666666664
TXN_9596023,0,1,0,0,0,0,0,0,0,0,1,2023-11-30,1,1.0,0.25,0.375
TXN_6122423,0,0,0,0,1,0,0,0,0,0,1,2023-09-28,0,0.75,1.0,0.7916666666666666
TXN_8934637,0,0,0,0,0,0,1,0,0,1,0,2023-01-07,0,0.0,0.75,0.125
TXN_4846406,0,0,1,0,0,0,0,0,1,0,0,2023-05-22,0,0.5,0.0,0.08333333333333333
TXN_8917300,0,0,1,0,0,0,0,0,1,0,0,2023-03-04,1,0.0,0.0,0.0
TXN_7742182,0,0,0,0,0,0,0,1,1,0,0,2023-11-09,1,0.25,0.125,0.08333333333333333
TXN_8131533,1,0,0,0,0,0,0,0,1,0,0,2023-07-18,0,0.0,0.5,0.08333333333333333
TXN_1836754,0,0,0,0,0,0,0,1,0,1,0,2023-09-10,0,0.0,0.125,0.020833333333333332
TXN_2531878,0,0,0,0,1,0,0,0,0,1,0,2023-01-06,1,0.5,1.0,0.5833333333333333
TXN_8126586,0,0,0,0,0,1,0,0,0,0,1,2023-11-19,0,1.0,0.75,0.7916666666666666
TXN_4522292,0,0,1,0,0,0,0,0,0,0,1,2023-07-12,0,0.0,0.0,0.0
TXN_2896162,0,0,1,0,0,0,0,0,0,1,0,2023-12-28,0,0.25,0.0,0.041666666666666664
TXN_4209377,0,0,0,0,1,0,0,0,0,0,1,2023-02-07,1,0.25,1.0,0.375
TXN_9097321,0,0,0,1,0,0,0,0,0,1,0,2023-10-02,0,0.25,0.5,0.20833333333333331
TXN_8258400,0,0,0,0,1,0,0,0,1,0,0,2023-10-09,0,1.0,1.0,1.0
TXN_3267393,0,0,0,0,0,1,0,0,0,1,0,2023-02-24,0,0.25,0.75,0.29166666666666663
TXN_2389110,0,0,0,0,0,1,0,0,1,0,0,2023-05-30,0,0.25,0.75,0.29166666666666663
TXN_2704452,0,0,0,0,1,0,0,0,0,1,0,2023-09-05,1,0.25,1.0,0.375
TXN_4892165,0,0,0,1,0,0,0,0,1,0,0,2023-07-27,0,0.5,0.5,0.3333333333333333
TXN_6588156,1,0,0,0,0,0,0,0,0,0,1,2023-04-14,0,0.75,0.5,0.4583333333333333
TXN_4721830,0,0,0,0,0,1,0,0,0,0,1,2023-11-15,1,0.5,0.75,0.4583333333333333
TXN_6941542,0,0,0,0,0,1,0,0,0,0,1,2023-09-27,0,0.5,0.75,0.4583333333333333
TXN_5214986,0,0,1,0,0,0,0,0,0,1,0,2023-09-21,0,1.0,0.0,0.16666666666666666
TXN_3635874,0,0,0,0,0,1,0,0,1,0,0,2023-03-16,0,0.25,0.75,0.29166666666666663
TXN_1721910,0,0,0,1,0,0,0,0,0,0,1,2023-03-21,1,0.75,0.5,0.4583333333333333
TXN_9615339,0,0,0,0,0,1,0,0,0,1,0,2023-04-23,0,0.0,0.75,0.125
TXN_1120969,0,1,0,0,0,0,0,0,0,1,0,2023-04-15,1,0.25,0.25,0.125
TXN_4246000,0,0,1,0,0,0,0,0,0,1,0,2023-07-09,1,0.25,0.0,0.041666666666666664
TXN_9253541,0,0,0,0,0,0,0,1,0,0,1,2023-06-04,0,0.0,0.125,0.020833333333333332
TXN_9699174,0,0,0,0,0,0,1,0,1,0,0,2023-01-03,0,0.5,0.75,0.4583333333333333
TXN_6036409,0,0,0,0,0,0,0,1,1,0,0,2023-02-16,1,1.0,0.125,0.2708333333333333
TXN_5927258,0,0,0,0,0,0,0,1,0,0,1,2023-10-18,0,1.0,0.125,0.2708333333333333
TXN_6027031,0,0,0,1,0,0,0,0,0,1,0,2023-11-15,0,1.0,0.5,0.5833333333333333
TXN_4449992,0,0,1,0,0,0,0,0,0,0,1,2023-01-09,0,0.5,0.0,0.08333333333333333
TXN_3018211,0,0,0,0,1,0,0,0,1,0,0,2023-06-21,0,0.75,1.0,0.7916666666666666
TXN_1900906,0,1,0,0,0,0,0,0,1,0,0,2023-01-31,1,1.0,0.25,0.375
TXN_7171590,0,1,0,0,0,0,0,0,0,1,0,2023-04-24,0,0.5,0.25,0.20833333333333331
TXN_5746203,0,0,0,0,0,0,0,1,1,0,0,2023-07-08,1,1.0,0.125,0.2708333333333333
TXN_1696300,0,0,1,0,0,0,0,0,0,0,1,2023-05-28,0,0.0,0.0,0.0
TXN_1255476,0,0,0,0,0,0,1,0,0,1,0,2023-08-28,1,0.0,0.75,0.125
TXN_9403115,0,0,0,0,0,0,0,1,1,0,0,2023-04-17,0,0.0,0.125,0.020833333333333332
TXN_4476539,0,0,0,0,1,0,0,0,1,0,0,2023-04-19,0,0.25,1.0,0.375
TXN_5263133,0,0,0,1,0,0,0,0,0,1,0,2023-05-22,1,0.25,0.5,0.20833333333333331
TXN_8473362,0,0,0,1,0,0,0,0,0,0,1,2023-11-22,1,0.5,0.5,0.3333333333333333
TXN_8402606,0,0,1,0,0,0,0,0,1,0,0,2023-05-09,1,0.5,0.0,0.08333333333333333
TXN_6857799,0,0,1,0,0,0,0,0,1,0,0,2023-01-08,1,0.75,0.0,0.125
TXN_9362993,0,1,0,0,0,0,0,0,1,0,0,2023-10-22,0,0.5,0.25,0.20833333333333331
TXN_7458568,0,0,0,0,0,0,1,0,0,0,1,2023-05-09,0,1.0,0.75,0.7916666666666666
TXN_7474617,0,0,0,0,1,0,0,0,0,1,0,2023-04-26,1,0.5,1.0,0.5833333333333333
TXN_1959082,0,0,0,1,0,0,0,0,0,1,0,2023-06-08,0,1.0,0.5,0.5833333333333333
TXN_9630958,0,0,0,0,0,0,1,0,0,0,1,2023-12-26,0,1.0,0.75,0.7916666666666666
TXN_4290475,0,0,0,0,0,0,1,0,0,1,0,2023-04-20,1,0.0,0.75,0.125
TXN_4561296,0,0,0,0,1,0,0,0,1,0,0,2023-11-22,0,1.0,1.0,1.0
TXN_6422545,0,0,0,1,0,0,0,0,0,1,0,2023-11-03,1,0.25,0.5,0.20833333333333331
TXN_6012728,1,0,0,0,0,0,0,0,0,1,0,2023-05-09,0,0.75,0.5,0.4583333333333333
TXN_8886678,0,0,0,0,0,0,0,1,1,0,0,2023-03-27,0,1.0,0.125,0.2708333333333333
TXN_5424622,0,0,0,0,0,0,0,1,0,1,0,2023-07-12,0,0.75,0.125,0.20833333333333331
TXN_1204426,0,0,0,0,0,1,0,0,0,1,0,2023-01-16,0,0.5,0.75,0.4583333333333333
TXN_1885495,0,1,0,0,0,0,0,0,1,0,0,2023-03-04,1,0.75,0.25,0.29166666666666663
TXN_3646359,0,0,0,0,1,0,0,0,0,1,0,2023-07-23,0,0.25,1.0,0.375
TXN_3284157,0,0,0,0,0,0,0,1,0,0,1,2023-05-17,1,0.75,0.125,0.20833333333333331
TXN_4533186,0,0,0,0,0,0,0,1,0,0,1,2023-04-19,1,0.5,0.125,0.14583333333333331
TXN_3046567,0,0,0,0,1,0,0,0,0,1,0,2023-01-07,0,0.25,1.0,0.375
TXN_3594827,0,0,0,1,0,0,0,0,0,0,1,2023-03-09,0,1.0,0.5,0.5833333333333333
TXN_2883054,1,0,0,0,0,0,0,0,1,0,0,2023-11-17,0,0.75,0.5,0.4583333333333333
TXN_1744319,0,0,0,0,0,0,1,0,1,0,0,2023-03-24,0,0.5,0.75,0.4583333333333333
TXN_6182856,1,0,0,0,0,0,0,0,0,1,0,2023-04-02,1,0.75,0.5,0.4583333333333333
TXN_7341998,1,0,0,0,0,0,0,0,0,0,1,2023-02-18,0,0.5,0.5,0.3333333333333333
TXN_5438422,0,0,0,0,0,0,1,0,0,0,1,2023-09-25,0,0.5,0.75,0.4583333333333333
TXN_7187128,0,0,0,0,0,0,0,1,0,0,1,2023-08-24,1,1.0,0.125,0.2708333333333333
TXN_6499084,1,0,0,0,0,0,0,0,0,1,0,2023-03-15,1,0.75,0.5,0.4583333333333333
TXN_5738243,0,0,0,0,1,0,0,0,0,1,0,2023-08-30,1,1.0,1.0,1.0
TXN_8946752,0,0,0,0,0,0,0,1,1,0,0,2023-06-08,0,0.75,0.125,0.20833333333333331
TXN_5453217,0,1,0,0,0,0,0,0,0,1,0,2023-07-11,0,0.0,0.25,0.041666666666666664
TXN_9340973,0,0,1,0,0,0,0,0,1,0,0,2023-03-07,1,0.75,0.0,0.125
TXN_8562684,0,0,0,0,0,0,0,1,0,1,0,2023-06-25,1,1.0,0.125,0.2708333333333333
TXN_2477021,0,0,1,0,0,0,0,0,0,1,0,2023-07-29,0,0.75,0.0,0.125
TXN_2030078,0,0,0,0,0,0,1,0,0,0,1,2023-04-10,1,0.0,0.75,0.125
TXN_9490465,0,0,0,0,0,1,0,0,0,1,0,2023-05-06,0,0.5,0.75,0.4583333333333333
TXN_6603668,0,1,0,0,0,0,0,0,0,1,0,2023-03-07,1,0.75,0.25,0.29166666666666663
TXN_7077961,0,0,0,0,0,0,0,1,0,0,1,2023-09-19,1,0.75,0.125,0.20833333333333331
TXN_3343585,1,0,0,0,0,0,0,0,1,0,0,2023-09-17,0,0.0,0.5,0.08333333333333333
TXN_7896831,0,1,0,0,0,0,0,0,1,0,0,2023-04-01,1,1.0,0.25,0.375
TXN_2510233,0,0,0,0,0,0,1,0,0,1,0,2023-11-04,0,0.25,0.75,0.29166666666666663
TXN_3541337,0,0,1,0,0,0,0,0,0,0,1,2023-09-01,1,0.75,0.0,0.125
TXN_2140056,0,0,1,0,0,0,0,0,0,0,1,2023-12-07,1,0.0,0.0,0.0
TXN_9629256,1,0,0,0,0,0,0,0,0,0,1,2023-11-07,0,0.75,0.5,0.4583333333333333
TXN_8419985,1,0,0,0,0,0,0,0,1,0,0,2023-08-26,0,0.5,0.5,0.3333333333333333
TXN_6349916,0,0,0,0,1,0,0,0,1,0,0,2023-07-09,0,0.0,1.0,0.16666666666666666
TXN_6568254,0,0,0,0,1,0,0,0,0,1,0,2023-02-09,0,0.25,1.0,0.375
TXN_1730385,1,0,0,0,0,0,0,0,0,1,0,2023-03-01,1,0.25,0.5,0.20833333333333331
TXN_7800576,0,0,0,0,0,1,0,0,1,0,0,2023-07-13,0,0.75,0.75,0.625
TXN_6935600,0,1,0,0,0,0,0,0,0,0,1,2023-01-02,0,0.5,0.25,0.20833333333333331
TXN_1851725,1,0,0,0,0,0,0,0,1,0,0,2023-02-19,1,1.0,0.5,0.5833333333333333
TXN_5691112,0,0,0,1,0,0,0,0,0,0,1,2023-03-24,1,1.0,0.5,0.5833333333333333
TXN_9514836,0,1,0,0,0,0,0,0,1,0,0,2023-03-29,0,0.5,0.25,0.20833333333333331
TXN_4172649,0,0,0,0,1,0,0,0,0,0,1,2023-05-19,1,0.75,1.0,0.7916666666666666
TXN_6504096,0,0,0,0,1,0,0,0,1,0,0,2023-09-10,1,1.0,1.0,1.0
TXN_9921708,1,0,0,0,0,0,0,0,1,0,0,2023-07-20,1,0.0,0.5,0.08333333333333333
TXN_6361661,0,0,0,0,0,0,1,0,1,0,0,2023-11-05,0,0.25,0.75,0.29166666666666663
TXN_4329116,1,0,0,0,0,0,0,0,0,1,0,2023-09-29,0,0.5,0.5,0.3333333333333333
TXN_4142781,0,0,0,0,0,1,0,0,0,0,1,2023-01-30,1,1.0,0.75,0.7916666666666666
TXN_6055428,0,0,0,0,1,0,0,0,1,0,0,2023-02-25,1,1.0,1.0,1.0
TXN_4359885,0,0,1,0,0,0,0,0,0,1,0,2023-01-16,0,0.25,0.0,0.041666666666666664
TXN_4255116,0,0,0,1,0,0,0,0,0,1,0,2023-12-24,0,0.75,0.5,0.4583333333333333
TXN_6511482,0,0,0,0,0,0,0,1,0,1,0,2023-03-17,0,0.5,0.125,0.14583333333333331
TXN_9672367,0,0,1,0,0,0,0,0,0,1,0,2023-12-21,0,0.25,0.0,0.041666666666666664
TXN_1514364,0,1,0,0,0,0,0,0,0,0,1,2023-01-21,0,1.0,0.25,0.375
TXN_1643122,0,0,0,1,0,0,0,0,1,0,0,2023-05-15,0,0.5,0.5,0.3333333333333333
TXN_2252586,0,0,0,0,0,0,0,1,1,0,0,2023-09-08,1,0.5,0.125,0.14583333333333331
TXN_8853027,0,0,0,0,0,0,1,0,0,1,0,2023-06-21,0,1.0,0.75,0.7916666666666666
TXN_1489200,1,0,0,0,0,0,0,0,0,1,0,2023-03-27,1,0.0,0.5,0.08333333333333333
TXN_2351890,0,0,0,0,0,0,0,1,1,0,0,2023-02-27,0,0.75,0.125,0.20833333333333331
TXN_1026050,1,0,0,0,0,0,0,0,0,0,1,2023-04-23,0,0.0,0.5,0.08333333333333333
TXN_3882139,0,0,0,0,0,0,1,0,0,1,0,2023-12-28,0,0.75,0.75,0.625
TXN_6296806,0,0,0,0,0,1,0,0,0,0,1,2023-06-07,1,0.25,0.75,0.29166666666666663
TXN_6149247,0,0,0,0,0,1,0,0,0,0,1,2023-09-21,1,0.5,0.75,0.4583333333333333
TXN_3371429,0,0,0,0,1,0,0,0,0,1,0,2023-11-01,1,0.25,1.0,0.375
TXN_5136479,0,0,0,0,0,1,0,0,0,0,1,2023-01-04,0,0.0,0.75,0.125
TXN_5722175,0,0,0,0,0,0,0,1,0,0,1,2023-03-01,1,0.25,0.125,0.08333333333333333
TXN_4075198,0,0,0,0,1,0,0,0,1,0,0,2023-08-27,0,1.0,1.0,1.0
TXN_3865627,0,1,0,0,0,0,0,0,0,1,0,2023-02-16,0,0.75,0.25,0.29166666666666663
TXN_2136226,0,0,0,1,0,0,0,0,0,0,1,2023-12-12,0,0.25,0.5,0.20833333333333331
TXN_2920551,0,0,0,0,0,1,0,0,0,1,0,2023-11-27,1,0.75,0.75,0.625
TXN_9206923,0,0,0,0,0,1,0,0,0,0,1,2023-11-16,1,0.0,0.75,0.125
TXN_6335909,0,0,0,0,1,0,0,0,0,0,1,2023-06-21,0,0.75,1.0,0.7916666666666666
TXN_8107970,0,1,0,0,0,0,0,0,0,1,0,2023-06-03,1,0.25,0.25,0.125
TXN_3435561,0,0,0,1,0,0,0,0,1,0,0,2023-08-02,1,0.25,0.5,0.20833333333333331
TXN_8079747,0,0,0,0,1,0,0,0,0,0,1,2023-03-18,0,0.25,1.0,0.375
TXN_2135358,1,0,0,0,0,0,0,0,0,1,0,2023-05-28,1,1.0,0.5,0.5833333333333333
TXN_1313701,0,0,1,0,0,0,0,0,0,1,0,2023-10-03,1,0.25,0.0,0.041666666666666664
TXN_4035669,0,0,0,1,0,0,0,0,1,0,0,2023-04-21,0,0.5,0.5,0.3333333333333333
TXN_5900899,0,0,1,0,0,0,0,0,0,0,1,2023-11-22,1,0.75,0.0,0.125
TXN_4037502,0,1,0,0,0,0,0,0,1,0,0,2023-08-10,1,0.25,0.25,0.125
TXN_6879752,0,0,0,0,0,0,0,1,0,0,1,2023-10-07,0,0.0,0.125,0.020833333333333332
TXN_8708666,1,0,0,0,0,0,0,0,0,1,0,2023-01-10,1,0.75,0.5,0.4583333333333333
TXN_5535579,0,1,0,0,0,0,0,0,1,0,0,2023-12-21,0,1.0,0.25,0.375
TXN_2449402,0,0,0,0,0,0,1,0,1,0,0,2023-01-29,1,1.0,0.75,0.7916666666666666
TXN_6097759,0,0,0,0,0,0,1,0,1,0,0,2023-06-18,0,0.75,0.75,0.625
TXN_9579740,1,0,0,0,0,0,0,0,0,0,1,2023-03-05,0,0.5,0.5,0.3333333333333333
TXN_3026936,1,0,0,0,0,0,0,0,1,0,0,2023-05-19,0,1.0,0.5,0.5833333333333333
TXN_2532519,1,0,0,0,0,0,0,0,0,0,1,2023-04-10,0,0.25,0.5,0.20833333333333331
TXN_9959765,0,0,0,1,0,0,0,0,1,0,0,2023-02-19,1,0.75,0.5,0.4583333333333333
TXN_9514996,0,0,0,0,0,1,0,0,0,1,0,2023-07-25,1,0.25,0.75,0.29166666666666663
TXN_6757560,1,0,0,0,0,0,0,0,1,0,0,2023-08-12,1,0.75,0.5,0.4583333333333333
TXN_2222893,0,1,0,0,0,0,0,0,0,0,1,2023-12-20,1,0.75,0.25,0.29166666666666663
TXN_4346607,0,0,0,0,1,0,0,0,0,0,1,2023-03-17,1,0.25,1.0,0.375
TXN_2586830,0,0,0,1,0,0,0,0,0,1,0,2023-02-12,0,0.0,0.5,0.08333333333333333
TXN_2706461,0,0,0,0,1,0,0,0,0,1,0,2023-12-13,0,0.5,1.0,0.5833333333333333
TXN_1829391,0,0,0,1,0,0,0,0,0,1,0,2023-10-06,0,0.75,0.5,0.4583333333333333
TXN_5022805,0,0,0,0,0,1,0,0,0,1,0,2023-12-17,1,0.0,0.75,0.125
TXN_6815801,0,0,1,0,0,0,0,0,0,0,1,2023-03-15,1,0.0,0.0,0.0
TXN_2541441,1,0,0,0,0,0,0,0,1,0,0,2023-09-21,1,0.0,0.5,0.08333333333333333
TXN_5189465,0,0,1,0,0,0,0,0,1,0,0,2023-10-04,1,0.75,0.0,0.125
TXN_1217810,0,0,1,0,0,0,0,0,0,0,1,2023-07-06,0,0.0,0.0,0.0
TXN_4894647,0,0,0,0,1,0,0,0,1,0,0,2023-12-26,1,0.25,1.0,0.375
TXN_7622855,0,0,0,0,0,1,0,0,0,1,0,2023-07-10,0,0.25,0.75,0.29166666666666663
TXN_3215610,1,0,0,0,0,0,0,0,0,0,1,2023-06-14,1,0.25,0.5,0.20833333333333331
TXN_9931637,1,0,0,0,0,0,0,0,1,0,0,2023-09-17,1,0.25,0.5,0.20833333333333331
TXN_6625294,0,0,0,0,0,1,0,0,0,0,1,2023-03-05,1,0.25,0.75,0.29166666666666663
TXN_4577368,1,0,0,0,0,0,0,0,1,0,0,2023-05-29,1,0.75,0.5,0.4583333333333333
TXN_4158904,0,0,0,1,0,0,0,0,0,0,1,2023-01-31,0,0.25,0.5,0.20833333333333331
TXN_3444569,0,0,0,0,0,1,0,0,0,1,0,2023-10-07,1,0.0,0.75,0.125
TXN_1208926,0,0,1,0,0,0,0,0,0,1,0,2023-12-07,0,0.75,0.0,0.125
TXN_8090361,0,1,0,0,0,0,0,0,0,1,0,2023-03-12,1,0.0,0.25,0.041666666666666664
TXN_8363628,0,0,0,0,1,0,0,0,0,0,1,2023-04-07,1,0.0,1.0,0.16666666666666666
TXN_4761088,1,0,0,0,0,0,0,0,0,0,1,2023-08-27,1,0.75,0.5,0.4583333333333333
TXN_2672126,0,0,1,0,0,0,0,0,1,0,0,2023-07-07,0,0.5,0.0,0.08333333333333333
TXN_3232279,0,0,0,0,0,1,0,0,1,0,0,2023-05-30,1,0.75,1.0,0.625
TXN_8526941,0,0,0,0,0,1,0,0,0,1,0,2023-03-16,1,1.0,0.75,0.7916666666666666
TXN_2453194,1,0,0,0,0,0,0,0,0,0,1,2023-11-18,1,0.75,0.5,0.4583333333333333
TXN_9970195,0,1,0,0,0,0,0,0,0,1,0,2023-11-10,0,0.25,0.25,0.125
TXN_4458848,0,0,1,0,0,0,0,0,0,1,0,2023-10-30,0,0.25,0.0,0.041666666666666664
TXN_1606273,0,1,0,0,0,0,0,0,0,0,1,2023-11-02,1,0.0,0.25,0.041666666666666664
TXN_8053946,0,0,0,0,0,0,0,1,0,0,1,2023-09-18,1,0.0,0.125,0.020833333333333332
TXN_7963189,0,0,1,0,0,0,0,0,0,0,1,2023-03-24,1,0.75,0.0,0.125
TXN_9151273,0,0,0,0,0,0,0,1,1,0,0,2023-04-09,1,0.25,0.125,0.08333333333333333
TXN_4702345,0,0,0,0,1,0,0,0,0,0,1,2023-01-08,1,0.75,1.0,0.7916666666666666
TXN_7972349,1,0,0,0,0,0,0,0,1,0,0,2023-04-19,0,0.75,0.5,0.4583333333333333
TXN_4832452,0,0,0,0,0,0,0,1,1,0,0,2023-02-05,1,1.0,0.125,0.2708333333333333
TXN_9314690,0,0,0,0,1,0,0,0,0,1,0,2023-12-11,0,0.25,1.0,0.375
TXN_3852141,1,0,0,0,0,0,0,0,0,1,0,2023-08-04,0,1.0,0.5,0.5833333333333333
TXN_4723529,0,0,0,0,0,1,0,0,0,1,0,2023-03-25,1,0.25,0.75,0.29166666666666663
TXN_9537106,0,0,0,0,0,0,1,0,0,0,1,2023-10-11,0,0.5,0.75,0.4583333333333333
TXN_6039321,0,0,0,0,1,0,0,0,0,1,0,2023-02-15,0,0.25,1.0,0.375
TXN_5797307,0,0,0,0,0,0,0,1,0,1,0,2023-03-16,0,1.0,0.125,0.2708333333333333
TXN_4832566,0,0,0,0,0,1,0,0,0,0,1,2023-11-17,0,0.75,0.75,0.625
TXN_2262398,0,0,0,0,0,0,0,1,0,1,0,2023-09-12,1,0.0,0.125,0.020833333333333332
TXN_9813095,0,0,0,1,0,0,0,0,1,0,0,2023-06-12,0,0.25,0.5,0.20833333333333331
TXN_8627869,0,0,0,1,0,0,0,0,0,0,1,2023-10-31,0,0.0,0.5,0.08333333333333333
TXN_1123346,0,0,0,0,0,0,0,1,1,0,0,2023-07-31,1,0.5,0.125,0.14583333333333331
TXN_6729852,0,0,1,0,0,0,0,0,0,0,1,2023-06-29,1,0.75,0.0,0.125
TXN_9300618,0,0,0,0,0,0,0,1,0,1,0,2023-03-06,0,0.5,0.125,0.14583333333333331
TXN_7832527,1,0,0,0,0,0,0,0,1,0,0,2023-01-26,0,0.5,0.5,0.3333333333333333
TXN_4703100,0,0,0,0,0,1,0,0,0,1,0,2023-01-26,0,0.0,0.75,0.125
TXN_1650385,0,0,0,0,0,1,0,0,1,0,0,2023-07-24,1,0.0,0.75,0.125
TXN_3632068,1,0,0,0,0,0,0,0,1,0,0,2023-08-29,1,0.25,0.5,0.20833333333333331
TXN_2132434,0,0,0,0,1,0,0,0,0,0,1,2023-06-03,0,0.75,1.0,0.7916666666666666
TXN_3847176,0,0,0,0,0,1,0,0,0,0,1,2023-05-07,1,0.5,0.75,0.4583333333333333
TXN_9691955,0,0,0,1,0,0,0,0,0,1,0,2023-11-03,0,0.5,0.5,0.3333333333333333
TXN_4985415,0,0,0,0,0,0,0,1,0,0,1,2023-08-01,1,0.75,0.125,0.20833333333333331
TXN_1172121,0,1,0,0,0,0,0,0,1,0,0,2023-08-26,1,1.0,0.25,0.375
TXN_2521185,0,0,0,0,0,0,1,0,1,0,0,2023-03-20,1,0.25,0.75,0.29166666666666663
TXN_6233021,0,0,0,1,0,0,0,0,0,0,1,2023-12-22,1,1.0,0.5,0.5833333333333333
TXN_7498795,0,0,1,0,0,0,0,0,1,0,0,2023-03-11,1,0.25,0.0,0.041666666666666664
TXN_6730130,0,0,0,0,0,0,0,1,1,0,0,2023-10-16,0,0.25,0.125,0.08333333333333333
TXN_8810855,0,0,0,0,0,1,0,0,0,0,1,2023-04-30,1,0.75,0.75,0.625
TXN_1599516,0,0,0,1,0,0,0,0,1,0,0,2023-05-11,0,0.5,0.5,0.3333333333333333
TXN_6888839,0,0,0,0,0,0,0,1,0,0,1,2023-11-19,1,0.5,0.125,0.14583333333333331
TXN_5970304,0,0,0,0,1,0,0,0,0,1,0,2023-07-14,1,0.75,1.0,0.7916666666666666
TXN_4559065,0,0,0,1,0,0,0,0,1,0,0,2023-05-03,0,0.0,0.5,0.08333333333333333
TXN_7637325,0,0,1,0,0,0,0,0,0,0,1,2023-05-03,1,0.75,0.0,0.125
TXN_9685491,0,1,0,0,0,0,0,0,1,0,0,2023-09-20,0,0.75,0.25,0.29166666666666663
TXN_1767321,0,0,0,0,0,1,0,0,1,0,0,2023-03-24,0,0.0,0.75,0.125
TXN_9046415,0,0,0,0,0,0,1,0,0,0,1,2023-06-06,0,0.25,0.75,0.29166666666666663
TXN_3785168,1,0,0,0,0,0,0,0,1,0,0,2023-05-01,1,0.5,0.5,0.3333333333333333
TXN_6859249,0,0,1,0,0,0,0,0,0,1,0,2023-03-25,0,0.25,0.0,0.041666666666666664
TXN_2696377,0,0,0,1,0,0,0,0,0,0,1,2023-04-11,0,0.75,0.5,0.4583333333333333
TXN_7754382,0,0,0,0,0,1,0,0,0,1,0,2023-06-28,1,0.75,0.75,0.625
TXN_4602865,0,0,1,0,0,0,0,0,0,0,1,2023-09-27,1,1.0,0.0,0.16666666666666666
TXN_5966765,1,0,0,0,0,0,0,0,0,1,0,2023-11-09,1,1.0,0.5,0.5833333333333333
TXN_4328228,0,0,0,0,0,1,0,0,0,0,1,2023-01-08,1,1.0,0.75,0.7916666666666666
TXN_2462604,0,0,0,0,0,0,0,1,0,1,0,2023-07-13,0,1.0,0.125,0.2708333333333333
TXN_2897354,0,0,0,1,0,0,0,0,0,1,0,2023-06-22,0,0.75,0.5,0.4583333333333333
TXN_5280256,0,0,1,0,0,0,0,0,0,1,0,2023-07-12,0,1.0,0.0,0.16666666666666666
TXN_3283631,0,0,0,0,0,1,0,0,0,1,0,2023-03-15,0,0.25,0.75,0.29166666666666663
TXN_8929329,0,0,0,1,0,0,0,0,1,0,0,2023-10-29,0,0.75,0.5,0.4583333333333333
TXN_1328953,0,0,0,0,0,0,1,0,0,0,1,2023-12-28,1,0.5,0.75,0.4583333333333333
TXN_4852852,0,0,0,0,0,0,1,0,0,0,1,2023-10-06,0,0.25,0.75,0.29166666666666663
TXN_4977954,0,0,0,1,0,0,0,0,1,0,0,2023-04-02,1,0.75,0.5,0.4583333333333333
TXN_3344089,0,0,0,0,0,1,0,0,1,0,0,2023-08-10,0,0.75,0.75,0.625
TXN_2909634,0,0,0,0,0,0,1,0,0,1,0,2023-10-02,1,0.0,0.75,0.125
TXN_7551280,0,0,1,0,0,0,0,0,0,1,0,2023-04-14,1,0.75,0.0,0.125
TXN_5390533,0,0,0,0,0,0,1,0,0,0,1,2023-11-18,0,0.5,0.75,0.4583333333333333
TXN_8487216,0,0,0,0,0,0,0,1,1,0,0,2023-07-01,0,0.0,0.125,0.020833333333333332
TXN_3863163,0,0,1,0,0,0,0,0,0,0,1,2023-10-12,1,0.5,0.0,0.08333333333333333
TXN_4260865,0,0,0,0,0,0,1,0,0,1,0,2023-02-25,1,0.75,0.75,0.625
TXN_7922471,1,0,0,0,0,0,0,0,1,0,0,2023-04-18,0,0.5,0.5,0.3333333333333333
TXN_3701660,0,0,0,0,0,1,0,0,0,0,1,2023-10-22,1,0.0,0.75,0.125
TXN_3653560,0,1,0,0,0,0,0,0,0,0,1,2023-07-01,1,0.75,0.25,0.29166666666666663
TXN_4075817,0,0,1,0,0,0,0,0,1,0,0,2023-03-18,1,0.25,0.0,0.041666666666666664
TXN_3715065,0,0,0,0,1,0,0,0,0,1,0,2023-03-17,0,0.5,1.0,0.5833333333333333
TXN_9549208,0,1,0,0,0,0,0,0,0,0,1,2023-10-30,0,0.0,0.25,0.041666666666666664
TXN_2919952,0,0,0,1,0,0,0,0,0,0,1,2023-02-17,0,1.0,0.5,0.5833333333333333
TXN_2670824,0,0,0,1,0,0,0,0,0,0,1,2023-03-03,1,0.25,0.5,0.20833333333333331
TXN_7455953,0,1,0,0,0,0,0,0,0,0,1,2023-05-01,1,0.25,0.25,0.125
TXN_5926432,0,0,0,0,0,0,1,0,1,0,0,2023-06-29,0,0.75,0.75,0.625
TXN_8235381,0,0,1,0,0,0,0,0,0,0,1,2023-03-01,0,0.5,0.0,0.08333333333333333
TXN_6206679,0,0,0,0,0,0,0,1,1,0,0,2023-05-01,0,0.0,0.125,0.020833333333333332
TXN_2954630,0,0,0,0,1,0,0,0,0,1,0,2023-09-30,1,0.25,1.0,0.375
TXN_1402641,0,0,0,0,0,0,0,1,0,1,0,2023-09-12,1,0.5,0.125,0.14583333333333331
TXN_6405489,0,0,0,0,0,1,0,0,0,1,0,2023-05-04,1,0.5,0.75,0.4583333333333333
TXN_3003311,1,0,0,0,0,0,0,0,0,0,1,2023-08-01,0,1.0,0.5,0.5833333333333333
TXN_3273540,1,0,0,0,0,0,0,0,0,1,0,2023-08-21,1,0.0,0.5,0.08333333333333333
TXN_4570881,0,1,0,0,0,0,0,0,1,0,0,2023-09-14,0,0.0,0.25,0.041666666666666664
TXN_3421404,0,0,0,0,0,0,1,0,0,1,0,2023-05-05,1,0.75,0.75,0.625
TXN_8468509,0,0,0,0,0,1,0,0,0,1,0,2023-06-13,0,0.5,0.75,0.4583333333333333
TXN_9436342,0,0,0,1,0,0,0,0,0,0,1,2023-11-26,0,0.75,0.5,0.4583333333333333
TXN_3110245,1,0,0,0,0,0,0,0,1,0,0,2023-04-21,1,1.0,0.5,0.5833333333333333
TXN_1999100,0,0,0,0,0,0,1,0,0,0,1,2023-11-08,1,0.5,0.75,0.4583333333333333
TXN_3654203,0,1,0,0,0,0,0,0,0,1,0,2023-04-21,0,0.0,0.25,0.041666666666666664
TXN_2406283,0,0,0,1,0,0,0,0,0,0,1,2023-02-24,0,0.75,0.5,0.4583333333333333
TXN_8964166,0,0,0,1,0,0,0,0,1,0,0,2023-11-10,0,1.0,0.5,0.5833333333333333
TXN_1354464,1,0,0,0,0,0,0,0,0,0,1,2023-03-18,0,1.0,0.5,0.5833333333333333
TXN_5582443,0,0,0,0,1,0,0,0,0,1,0,2023-04-13,0,0.5,1.0,0.5833333333333333
TXN_6204081,1,0,0,0,0,0,0,0,0,0,1,2023-07-12,1,0.0,0.5,0.08333333333333333
TXN_4428307,0,0,0,0,1,0,0,0,1,0,0,2023-06-13,0,0.5,1.0,0.5833333333333333
TXN_8647048,0,0,0,0,0,1,0,0,0,1,0,2023-11-03,0,0.25,0.75,0.29166666666666663
TXN_1689024,0,1,0,0,0,0,0,0,0,1,0,2023-04-17,0,1.0,0.25,0.375
TXN_5422928,0,0,0,0,0,0,0,1,0,0,1,2023-09-20,1,0.75,0.125,0.20833333333333331
TXN_9855567,0,0,1,0,0,0,0,0,0,1,0,2023-05-25,0,0.5,0.0,0.08333333333333333
TXN_3311860,0,0,0,1,0,0,0,0,0,0,1,2023-11-21,0,0.0,0.5,0.08333333333333333
TXN_4147675,0,0,0,0,0,0,0,1,0,1,0,2023-01-04,0,0.25,0.125,0.08333333333333333
TXN_7560178,0,0,1,0,0,0,0,0,0,0,1,2023-08-17,0,1.0,0.0,0.16666666666666666
TXN_4677478,1,0,0,0,0,0,0,0,1,0,0,2023-07-09,0,0.75,0.5,0.4583333333333333
TXN_3930990,0,0,0,0,0,0,0,1,0,0,1,2023-02-27,1,0.75,0.125,0.20833333333333331
TXN_8675922,0,0,0,0,1,0,0,0,1,0,0,2023-03-31,0,0.75,1.0,0.7916666666666666
TXN_6621596,0,0,0,0,1,0,0,0,0,1,0,2023-09-25,1,0.25,1.0,0.375
TXN_8076942,0,0,1,0,0,0,0,0,1,0,0,2023-04-29,1,0.25,0.0,0.041666666666666664
TXN_4367689,0,0,1,0,0,0,0,0,1,0,0,2023-09-30,1,0.25,0.0,0.041666666666666664
TXN_2941800,0,0,0,0,1,0,0,0,1,0,0,2023-04-25,0,1.0,1.0,1.0
TXN_7072581,0,0,1,0,0,0,0,0,0,1,0,2023-08-12,0,0.25,0.0,0.041666666666666664
TXN_7809506,0,0,0,0,1,0,0,0,0,0,1,2023-06-05,1,0.25,1.0,0.375
TXN_6884558,0,0,0,1,0,0,0,0,1,0,0,2023-08-14,0,0.0,0.5,0.08333333333333333
TXN_6864420,0,0,1,0,0,0,0,0,0,1,0,2023-06-18,1,0.25,0.0,0.041666666666666664
TXN_3109057,0,0,0,0,0,0,0,1,1,0,0,2023-11-26,1,0.75,0.125,0.20833333333333331
TXN_2257337,0,0,1,0,0,0,0,0,1,0,0,2023-07-24,1,0.75,0.0,0.125
TXN_9417344,0,0,0,0,0,0,0,1,0,0,1,2023-11-09,1,0.5,0.125,0.14583333333333331
TXN_6503884,0,0,0,1,0,0,0,0,1,0,0,2023-05-28,0,0.0,0.5,0.08333333333333333
TXN_9868954,0,0,0,0,0,0,1,0,0,1,0,2023-09-02,1,0.75,0.75,0.625
TXN_2206639,0,1,0,0,0,0,0,0,1,0,0,2023-06-29,1,0.75,0.25,0.29166666666666663
TXN_9337894,0,0,0,0,0,0,0,1,0,0,1,2023-12-30,1,0.25,0.125,0.08333333333333333
TXN_7068361,0,0,0,1,0,0,0,0,0,1,0,2023-12-25,0,1.0,0.5,0.5833333333333333
TXN_1405124,0,0,0,0,0,0,1,0,0,0,1,2023-08-03,1,0.5,0.75,0.4583333333333333
TXN_2395608,0,0,0,0,0,0,0,1,1,0,0,2023-03-16,0,0.5,0.125,0.14583333333333331
TXN_5423024,0,0,0,0,0,0,1,0,0,0,1,2023-04-30,0,0.0,0.75,0.125
TXN_2802630,0,0,1,0,0,0,0,0,1,0,0,2023-06-18,1,0.75,0.0,0.125
TXN_3134595,0,0,0,1,0,0,0,0,0,1,0,2023-02-25,1,0.5,0.5,0.3333333333333333
TXN_2251128,0,0,0,0,0,0,1,0,0,1,0,2023-06-07,0,0.5,0.75,0.4583333333333333
TXN_4213071,0,0,0,0,1,0,0,0,0,1,0,2023-04-10,1,0.0,1.0,0.16666666666666666
TXN_6220280,0,0,0,0,0,0,0,1,0,1,0,2023-02-15,1,0.0,0.125,0.020833333333333332
TXN_4832163,1,0,0,0,0,0,0,0,1,0,0,2023-11-17,1,0.75,0.5,0.4583333333333333
TXN_6663451,1,0,0,0,0,0,0,0,1,0,0,2023-08-05,1,0.0,0.5,0.08333333333333333
TXN_1443928,1,0,0,0,0,0,0,0,1,0,0,2023-12-03,1,0.75,0.5,0.4583333333333333
TXN_1670597,0,1,0,0,0,0,0,0,1,0,0,2023-05-21,1,0.25,0.25,0.125
TXN_3854210,0,0,0,0,0,0,1,0,1,0,0,2023-12-30,0,0.0,0.75,0.125
TXN_2165745,0,1,0,0,0,0,0,0,0,1,0,2023-01-31,0,0.75,0.25,0.29166666666666663
TXN_3082888,0,0,0,0,0,0,0,1,1,0,0,2023-09-20,0,0.0,0.125,0.020833333333333332
TXN_2294397,0,1,0,0,0,0,0,0,0,0,1,2023-02-25,0,1.0,0.25,0.375
TXN_4160784,0,0,1,0,0,0,0,0,1,0,0,2023-05-20,0,1.0,0.0,0.16666666666666666
TXN_7248594,0,1,0,0,0,0,0,0,0,1,0,2023-03-26,0,0.5,0.25,0.20833333333333331
TXN_5031020,0,1,0,0,0,0,0,0,0,1,0,2023-11-25,0,1.0,0.25,0.375
TXN_3059966,0,0,0,0,0,0,1,0,0,0,1,2023-12-24,0,0.0,0.75,0.125
TXN_9287780,0,0,0,0,0,0,1,0,1,0,0,2023-09-02,0,0.25,0.75,0.29166666666666663
TXN_1022220,0,0,0,1,0,0,0,0,0,1,0,2023-08-03,1,0.5,0.5,0.3333333333333333
TXN_7144740,1,0,0,0,0,0,0,0,0,1,0,2023-07-24,0,0.75,0.5,0.4583333333333333
TXN_7666945,0,0,0,0,0,0,0,1,0,1,0,2023-07-07,1,1.0,0.125,0.2708333333333333
TXN_7880000,0,0,0,0,1,0,0,0,0,1,0,2023-01-28,0,0.5,1.0,0.5833333333333333
TXN_4900574,0,0,0,1,0,0,0,0,0,1,0,2023-05-06,1,0.5,0.5,0.3333333333333333
TXN_7838576,0,1,0,0,0,0,0,0,1,0,0,2023-11-11,0,0.5,0.25,0.20833333333333331
TXN_1419188,1,0,0,0,0,0,0,0,0,1,0,2023-11-26,0,1.0,0.5,0.5833333333333333
TXN_1767201,0,0,0,0,1,0,0,0,0,1,0,2023-07-12,0,1.0,1.0,1.0
TXN_2964794,1,0,0,0,0,0,0,0,0,1,0,2023-03-09,1,0.25,0.5,0.20833333333333331
TXN_3936162,0,0,1,0,0,0,0,0,0,0,1,2023-02-26,0,0.0,0.0,0.0
TXN_4432082,0,0,0,1,0,0,0,0,0,0,1,2023-04-20,0,1.0,0.5,0.5833333333333333
TXN_9496791,0,0,0,0,1,0,0,0,0,1,0,2023-07-19,0,0.75,1.0,0.7916666666666666
TXN_4194115,0,0,0,0,0,0,0,1,1,0,0,2023-08-17,1,1.0,0.125,0.2708333333333333
TXN_7741707,0,0,0,0,1,0,0,0,0,0,1,2023-05-09,1,0.5,1.0,0.5833333333333333
TXN_8854471,1,0,0,0,0,0,0,0,0,1,0,2023-12-05,0,1.0,0.5,0.5833333333333333
TXN_4216055,0,0,1,0,0,0,0,0,0,0,1,2023-12-27,0,1.0,0.0,0.16666666666666666
TXN_2320493,0,0,0,0,0,0,1,0,0,0,1,2023-03-22,0,0.0,0.75,0.125
TXN_4835929,0,1,0,0,0,0,0,0,1,0,0,2023-10-03,0,0.25,0.25,0.125
TXN_6755791,0,1,0,0,0,0,0,0,1,0,0,2023-04-01,1,0.25,0.25,0.125
TXN_9861432,0,0,1,0,0,0,0,0,0,0,1,2023-12-09,1,0.25,0.0,0.041666666666666664
TXN_8271278,0,0,0,0,0,0,0,1,0,0,1,2023-07-01,0,0.0,0.125,0.020833333333333332
TXN_2005032,0,0,1,0,0,0,0,0,0,0,1,2023-11-30,1,0.25,0.0,0.041666666666666664
TXN_4208919,0,0,0,0,0,0,1,0,0,0,1,2023-05-30,1,0.5,0.5,0.4583333333333333
TXN_9699083,0,0,0,0,0,0,1,0,1,0,0,2023-02-12,0,0.0,0.75,0.125
TXN_5714767,0,0,0,0,1,0,0,0,0,0,1,2023-03-02,1,0.75,1.0,0.7916666666666666
TXN_5844851,0,0,0,0,0,0,1,0,1,0,0,2023-02-15,0,1.0,0.75,0.7916666666666666
TXN_7243779,0,0,1,0,0,0,0,0,1,0,0,2023-07-09,0,0.0,0.0,0.0
TXN_8141558,1,0,0,0,0,0,0,0,0,1,0,2023-12-05,1,1.0,0.5,0.5833333333333333
TXN_4314314,1,0,0,0,0,0,0,0,1,0,0,2023-01-02,1,0.75,0.5,0.4583333333333333
TXN_4155001,0,0,0,0,0,0,1,0,0,1,0,2023-11-30,1,0.0,0.75,0.125
TXN_1072678,0,0,0,1,0,0,0,0,1,0,0,2023-05-30,0,0.25,0.5,0.20833333333333331
TXN_7981162,1,0,0,0,0,0,0,0,0,1,0,2023-05-30,1,0.5,0.5,0.3333333333333333
TXN_2316206,0,0,1,0,0,0,0,0,0,1,0,2023-01-23,0,0.0,0.0,0.0
TXN_7343342,0,0,1,0,0,0,0,0,1,0,0,2023-12-21,1,0.25,0.0,0.041666666666666664
TXN_4573096,0,1,0,0,0,0,0,0,0,0,1,2023-08-13,0,0.0,0.25,0.041666666666666664
TXN_3577482,1,0,0,0,0,0,0,0,0,0,1,2023-06-01,0,0.75,0.5,0.4583333333333333
TXN_6370625,0,0,0,0,0,1,0,0,0,1,0,2023-08-26,0,0.5,0.75,0.4583333333333333
TXN_7580803,0,0,0,1,0,0,0,0,1,0,0,2023-04-06,0,0.75,0.5,0.4583333333333333
TXN_8306028,0,0,0,0,1,0,0,0,1,0,0,2023-02-27,1,0.0,1.0,0.16666666666666666
TXN_7530692,0,1,0,0,0,0,0,0,0,1,0,2023-06-30,0,0.0,0.25,0.041666666666666664
TXN_4383002,0,1,0,0,0,0,0,0,0,1,0,2023-12-18,0,0.0,0.25,0.041666666666666664
TXN_2939069,0,0,0,0,0,0,1,0,0,1,0,2023-09-06,1,1.0,0.75,0.7916666666666666
TXN_2301001,0,0,0,0,0,0,1,0,0,1,0,2023-01-06,1,0.0,0.75,0.125
TXN_5009924,1,0,0,0,0,0,0,0,0,0,1,2023-09-08,0,0.5,0.5,0.3333333333333333
TXN_9988801,0,0,0,0,0,0,1,0,1,0,0,2023-10-20,0,1.0,0.75,0.7916666666666666
TXN_7895514,1,0,0,0,0,0,0,0,0,0,1,2023-08-06,1,0.75,0.5,0.4583333333333333
TXN_8432045,1,0,0,0,0,0,0,0,0,1,0,2023-11-09,0,0.5,0.5,0.3333333333333333
TXN_8127433,0,0,0,0,0,1,0,0,1,0,0,2023-07-11,1,0.5,0.75,0.4583333333333333
TXN_7640914,0,0,0,0,1,0,0,0,0,1,0,2023-02-12,0,0.0,1.0,0.16666666666666666
TXN_4374963,0,0,0,1,0,0,0,0,1,0,0,2023-07-04,0,0.0,0.5,0.08333333333333333
TXN_3212317,0,0,0,0,1,0,0,0,0,1,0,2023-05-25,1,1.0,1.0,1.0
TXN_7744874,0,1,0,0,0,0,0,0,1,0,0,2023-06-28,1,0.0,0.25,0.041666666666666664
TXN_7768350,0,0,1,0,0,0,0,0,1,0,0,2023-08-19,0,0.0,0.0,0.0
TXN_9128859,0,1,0,0,0,0,0,0,0,1,0,2023-11-28,1,0.25,0.25,0.125
TXN_9375649,0,0,1,0,0,0,0,0,0,1,0,2023-03-06,0,0.75,0.0,0.125
TXN_4401563,0,0,0,1,0,0,0,0,0,0,1,2023-09-20,1,1.0,0.5,0.5833333333333333
TXN_8502946,0,0,0,0,0,0,1,0,1,0,0,2023-09-15,0,0.5,0.75,0.4583333333333333
TXN_8687294,0,0,0,0,0,0,1,0,0,1,0,2023-08-01,0,0.5,0.75,0.4583333333333333
TXN_2176821,0,0,0,0,1,0,0,0,0,0,1,2023-05-05,0,0.5,1.0,0.5833333333333333
TXN_2529216,0,0,0,0,0,0,0,1,0,1,0,2023-03-24,0,0.5,0.125,0.14583333333333331
TXN_8443384,0,0,0,0,0,1,0,0,0,0,1,2023-02-13,0,1.0,0.75,0.7916666666666666
TXN_5053064,0,0,0,0,1,0,0,0,1,0,0,2023-06-19,0,0.5,1.0,0.5833333333333333
TXN_7824739,0,0,1,0,0,0,0,0,0,0,1,2023-07-17,1,0.5,0.0,0.08333333333333333
TXN_7226406,1,0,0,0,0,0,0,0,0,1,0,2023-02-11,1,0.0,0.5,0.08333333333333333
TXN_9793806,0,0,0,0,0,0,0,1,0,0,1,2023-04-25,1,0.5,0.125,0.14583333333333331
TXN_8195843,0,0,1,0,0,0,0,0,0,0,1,2023-06-02,1,0.75,0.0,0.125
TXN_6027923,0,0,0,0,1,0,0,0,0,0,1,2023-07-23,1,0.0,1.0,0.16666666666666666
TXN_5438652,0,0,0,0,0,1,0,0,1,0,0,2023-03-17,1,0.75,0.75,0.625
TXN_8385625,0,0,0,0,0,0,0,1,0,0,1,2023-12-23,1,0.75,0.125,0.20833333333333331
TXN_7814715,0,0,1,0,0,0,0,0,1,0,0,2023-04-24,0,1.0,0.0,0.16666666666666666
TXN_6532452,0,0,0,0,0,0,1,0,1,0,0,2023-02-24,1,1.0,0.75,0.7916666666666666
TXN_9706608,0,0,0,0,0,0,1,0,1,0,0,2023-05-22,0,0.0,0.75,0.125
TXN_5963749,1,0,0,0,0,0,0,0,0,0,1,2023-11-04,0,0.0,0.5,0.08333333333333333
TXN_6885218,0,0,0,0,1,0,0,0,0,1,0,2023-10-23,0,0.0,1.0,0.16666666666666666
TXN_3845871,0,0,0,0,0,1,0,0,1,0,0,2023-10-29,0,0.0,0.75,0.125
TXN_5767392,1,0,0,0,0,0,0,0,0,1,0,2023-10-24,1,1.0,0.5,0.5833333333333333
TXN_3014967,0,0,0,0,1,0,0,0,1,0,0,2023-11-23,1,0.0,1.0,0.16666666666666666
TXN_8685281,0,0,0,0,0,0,0,1,0,0,1,2023-07-30,0,0.0,0.125,0.020833333333333332
TXN_3205079,1,0,0,0,0,0,0,0,0,1,0,2023-11-07,1,1.0,0.5,0.5833333333333333
TXN_1523626,1,0,0,0,0,0,0,0,1,0,0,2023-07-21,1,0.75,0.5,0.4583333333333333
TXN_8944202,0,0,0,0,0,0,1,0,0,1,0,2023-06-08,1,0.5,0.75,0.4583333333333333
TXN_2402993,0,0,1,0,0,0,0,0,1,0,0,2023-06-11,1,1.0,0.0,0.16666666666666666
TXN_1340358,0,0,0,0,0,1,0,0,1,0,0,2023-06-09,1,0.5,0.75,0.4583333333333333
TXN_6959328,0,0,0,0,0,1,0,0,0,1,0,2023-04-23,1,0.5,0.75,0.4583333333333333
TXN_1613996,0,0,0,1,0,0,0,0,0,0,1,2023-10-12,0,0.25,0.5,0.20833333333333331
TXN_9285475,0,0,0,0,0,0,0,1,0,0,1,2023-11-14,1,1.0,0.125,0.2708333333333333
TXN_8077929,0,0,0,0,0,0,0,1,0,0,1,2023-08-06,1,0.5,0.125,0.14583333333333331
TXN_7899009,0,1,0,0,0,0,0,0,1,0,0,2023-03-08,0,0.0,0.25,0.041666666666666664
TXN_9213505,0,0,0,0,0,1,0,0,0,0,1,2023-11-01,1,0.25,0.75,0.29166666666666663
TXN_8724602,0,0,0,1,0,0,0,0,0,1,0,2023-06-26,1,0.75,0.5,0.4583333333333333
TXN_9067597,0,0,0,0,1,0,0,0,1,0,0,2023-11-02,1,0.75,1.0,0.7916666666666666
TXN_9714116,0,0,0,0,0,1,0,0,1,0,0,2023-11-17,0,0.75,0.75,0.625
TXN_8987697,0,0,1,0,0,0,0,0,1,0,0,2023-12-19,0,1.0,0.0,0.16666666666666666
TXN_1940778,0,0,0,0,0,0,0,1,1,0,0,2023-02-01,0,0.25,0.125,0.08333333333333333
TXN_1776070,0,0,0,0,0,1,0,0,1,0,0,2023-09-09,1,0.5,0.75,0.4583333333333333
TXN_4271502,0,0,0,1,0,0,0,0,0,1,0,2023-07-03,1,0.25,0.5,0.20833333333333331
TXN_8124795,0,0,0,0,1,0,0,0,1,0,0,2023-08-11,0,1.0,1.0,1.0
TXN_7860953,0,0,0,0,0,1,0,0,0,0,1,2023-09-10,1,0.0,0.75,0.125
TXN_8164119,0,0,0,0,0,0,0,1,0,1,0,2023-01-07,1,0.5,0.125,0.14583333333333331
TXN_6070523,0,1,0,0,0,0,0,0,1,0,0,2023-04-09,0,0.75,0.25,0.29166666666666663
TXN_7809290,1,0,0,0,0,0,0,0,1,0,0,2023-10-14,1,0.0,0.5,0.08333333333333333
TXN_5332538,0,1,0,0,0,0,0,0,0,1,0,2023-01-15,0,0.5,0.25,0.20833333333333331
TXN_7375024,0,0,1,0,0,0,0,0,1,0,0,2023-12-10,0,0.0,0.0,0.0
TXN_5675095,0,0,0,0,0,1,0,0,0,0,1,2023-05-18,1,0.75,0.75,0.625
TXN_4197851,0,0,0,0,1,0,0,0,0,0,1,2023-02-05,0,0.5,1.0,0.5833333333333333
TXN_7931086,0,0,0,0,0,1,0,0,0,1,0,2023-06-25,1,0.5,0.75,0.4583333333333333
TXN_2536573,0,1,0,0,0,0,0,0,1,0,0,2023-06-24,0,0.25,0.75,0.29166666666666663
TXN_3374262,0,0,0,0,0,0,0,1,0,0,1,2023-04-14,0,0.25,0.125,0.08333333333333333
TXN_9110336,0,0,1,0,0,0,0,0,0,0,1,2023-04-06,1,1.0,0.0,0.16666666666666666
TXN_3901665,0,0,0,1,0,0,0,0,0,1,0,2023-10-19,1,0.0,0.5,0.08333333333333333
TXN_9211917,0,0,0,0,0,0,1,0,0,0,1,2023-12-17,0,0.75,0.75,0.625
TXN_7893709,0,0,0,1,0,0,0,0,0,1,0,2023-03-14,1,0.75,0.5,0.4583333333333333
TXN_4296023,0,0,0,0,0,0,0,1,0,0,1,2023-10-08,0,1.0,0.125,0.2708333333333333
TXN_3403409,1,0,0,0,0,0,0,0,0,0,1,2023-02-22,1,0.25,0.5,0.20833333333333331
TXN_1398511,0,1,0,0,0,0,0,0,0,0,1,2023-12-19,1,1.0,0.25,0.375
TXN_4350854,0,0,1,0,0,0,0,0,1,0,0,2023-01-31,0,0.25,0.0,0.041666666666666664
TXN_1867158,0,0,1,0,0,0,0,0,0,0,1,2023-05-16,1,0.75,0.0,0.125
TXN_2662711,0,0,0,1,0,0,0,0,0,1,0,2023-11-02,1,0.0,0.5,0.08333333333333333
TXN_4439660,0,1,0,0,0,0,0,0,1,0,0,2023-02-06,1,0.5,0.25,0.20833333333333331
TXN_9417252,0,0,0,0,0,1,0,0,0,1,0,2023-08-17,0,0.25,0.75,0.29166666666666663
TXN_7502558,1,0,0,0,0,0,0,0,0,0,1,2023-02-23,0,1.0,0.5,0.5833333333333333
TXN_8453282,0,0,1,0,0,0,0,0,1,0,0,2023-03-08,0,0.5,0.0,0.08333333333333333
TXN_5921766,0,0,0,0,0,0,1,0,0,1,0,2023-11-06,0,0.5,0.75,0.4583333333333333
TXN_7688029,1,0,0,0,0,0,0,0,0,1,0,2023-05-30,0,1.0,0.5,0.5833333333333333
TXN_2000331,0,0,0,0,0,0,1,0,0,0,1,2023-03-30,1,0.5,0.75,0.4583333333333333
TXN_3420633,0,0,0,0,1,0,0,0,0,0,1,2023-04-11,1,0.75,1.0,0.7916666666666666
TXN_3431892,1,0,0,0,0,0,0,0,0,1,0,2023-07-18,0,0.25,0.5,0.20833333333333331
TXN_5220527,0,0,1,0,0,0,0,0,0,0,1,2023-08-06,1,0.75,0.0,0.125
TXN_1205773,0,0,0,0,1,0,0,0,1,0,0,2023-01-27,0,1.0,1.0,1.0
TXN_3061405,0,0,0,0,0,0,1,0,0,0,1,2023-12-01,1,1.0,0.75,0.7916666666666666
TXN_8696857,0,1,0,0,0,0,0,0,0,0,1,2023-10-01,1,0.0,0.25,0.041666666666666664
TXN_9668265,0,0,1,0,0,0,0,0,0,1,0,2023-06-20,0,0.5,0.0,0.08333333333333333
TXN_3638761,0,0,0,1,0,0,0,0,1,0,0,2023-08-12,1,1.0,0.5,0.5833333333333333
TXN_7463102,0,0,0,0,0,0,1,0,1,0,0,2023-11-27,1,1.0,0.75,0.7916666666666666
TXN_5569954,0,0,1,0,0,0,0,0,0,1,0,2023-07-29,0,0.75,0.0,0.125
TXN_4547294,0,0,0,0,0,0,0,1,0,0,1,2023-09-30,0,0.0,0.125,0.020833333333333332
TXN_8430882,0,0,0,0,0,1,0,0,0,0,1,2023-06-17,1,0.25,0.75,0.29166666666666663
TXN_9114647,0,0,0,0,1,0,0,0,0,0,1,2023-11-19,0,1.0,1.0,1.0
TXN_9556442,0,0,0,0,0,1,0,0,0,0,1,2023-01-30,1,0.0,0.75,0.125
TXN_5413433,0,0,0,1,0,0,0,0,0,0,1,2023-06-03,0,0.75,0.5,0.4583333333333333
TXN_9388222,0,0,1,0,0,0,0,0,0,0,1,2023-04-21,0,0.0,0.0,0.0
TXN_6618750,0,0,0,0,0,0,1,0,0,1,0,2023-03-07,0,1.0,0.75,0.7916666666666666
TXN_6712087,1,0,0,0,0,0,0,0,1,0,0,2023-06-06,0,0.25,0.5,0.20833333333333331
TXN_1862184,0,1,0,0,0,0,0,0,0,0,1,2023-01-21,0,0.75,0.25,0.29166666666666663
TXN_6149800,0,0,0,0,0,1,0,0,0,0,1,2023-05-05,1,0.75,0.75,0.625
TXN_6433525,0,0,0,0,0,0,1,0,0,1,0,2023-09-02,0,0.25,0.75,0.29166666666666663
TXN_2642834,0,0,0,0,1,0,0,0,1,0,0,2023-11-13,0,0.25,1.0,0.375
TXN_6745398,0,0,0,0,0,0,0,1,1,0,0,2023-02-28,1,0.75,0.125,0.20833333333333331
TXN_5660949,0,0,1,0,0,0,0,0,0,1,0,2023-01-10,0,0.5,0.0,0.08333333333333333
TXN_9540340,0,0,0,0,0,1,0,0,1,0,0,2023-11-15,1,0.25,0.75,0.29166666666666663
TXN_5200292,0,0,0,0,1,0,0,0,1,0,0,2023-01-12,1,0.75,1.0,0.7916666666666666
TXN_4118960,0,0,0,0,0,0,1,0,0,1,0,2023-09-24,1,1.0,0.75,0.7916666666666666
TXN_2265543,0,0,0,0,1,0,0,0,0,0,1,2023-02-19,1,0.5,1.0,0.5833333333333333
TXN_7360979,0,0,0,0,0,1,0,0,1,0,0,2023-08-16,0,0.0,0.75,0.125
TXN_1849597,0,0,0,0,0,1,0,0,1,0,0,2023-11-01,0,0.25,0.75,0.29166666666666663
TXN_3214521,0,0,0,0,0,0,0,1,0,0,1,2023-06-30,0,0.75,0.125,0.20833333333333331
TXN_5107249,0,0,0,0,0,0,1,0,1,0,0,2023-03-20,0,0.75,0.75,0.625
TXN_1941099,0,0,1,0,0,0,0,0,1,0,0,2023-04-14,1,1.0,0.0,0.16666666666666666
TXN_3228646,0,0,1,0,0,0,0,0,0,1,0,2023-09-19,0,1.0,0.0,0.16666666666666666
TXN_3295578,0,0,0,1,0,0,0,0,1,0,0,2023-05-04,0,0.0,0.5,0.08333333333333333
TXN_3717422,0,0,0,0,1,0,0,0,1,0,0,2023-06-15,0,0.25,1.0,0.375
TXN_5350735,0,0,0,0,0,0,0,1,1,0,0,2023-04-08,1,0.25,0.125,0.08333333333333333
TXN_1128577,0,0,0,0,0,1,0,0,0,0,1,2023-11-23,0,0.0,0.75,0.125
TXN_6533267,0,0,0,0,0,0,0,1,1,0,0,2023-07-14,0,0.5,0.125,0.14583333333333331
TXN_1413310,0,0,0,0,0,0,1,0,0,0,1,2023-04-06,1,0.5,0.75,0.4583333333333333
TXN_4166020,0,0,0,1,0,0,0,0,0,0,1,2023-08-18,0,0.75,0.5,0.4583333333333333
TXN_9496018,0,0,0,0,0,0,0,1,0,0,1,2023-01-05,1,1.0,0.125,0.2708333333333333
TXN_5609139,0,0,0,0,0,0,0,1,0,0,1,2023-10-13,0,0.25,0.125,0.08333333333333333
TXN_5087453,0,0,0,0,0,0,0,1,1,0,0,2023-04-09,1,0.5,0.125,0.14583333333333331
TXN_3312088,1,0,0,0,0,0,0,0,0,0,1,2023-08-17,1,0.0,0.5,0.08333333333333333
TXN_2049313,0,0,0,0,0,0,0,1,0,1,0,2023-12-25,0,0.75,0.125,0.20833333333333331
TXN_4001774,0,0,0,0,0,0,0,1,1,0,0,2023-02-10,1,1.0,0.125,0.2708333333333333
TXN_9627891,0,1,0,0,0,0,0,0,0,1,0,2023-01-09,0,0.25,0.25,0.125
TXN_5584275,0,0,0,0,0,0,1,0,0,1,0,2023-07-10,0,0.0,0.75,0.125
TXN_1873800,0,0,0,0,0,0,1,0,0,1,0,2023-02-01,0,0.5,0.75,0.4583333333333333
TXN_3602823,0,1,0,0,0,0,0,0,0,1,0,2023-08-26,0,0.75,0.25,0.29166666666666663
TXN_5528426,0,0,0,0,0,0,1,0,1,0,0,2023-06-01,1,0.75,0.75,0.625
TXN_7626322,0,0,0,1,0,0,0,0,1,0,0,2023-12-21,1,0.75,0.5,0.4583333333333333
TXN_4432546,0,1,0,0,0,0,0,0,0,0,1,2023-11-29,0,0.25,0.25,0.125
TXN_6372031,0,0,0,1,0,0,0,0,0,0,1,2023-08-11,0,0.5,0.5,0.3333333333333333
TXN_6874059,0,0,0,0,1,0,0,0,0,0,1,2023-01-12,1,0.75,1.0,0.7916666666666666
TXN_3843111,0,0,0,0,0,0,1,0,0,1,0,2023-09-15,0,0.25,0.75,0.29166666666666663
TXN_8916446,0,0,1,0,0,0,0,0,1,0,0,2023-07-19,1,0.25,0.0,0.041666666666666664
TXN_1823906,0,0,0,0,1,0,0,0,0,0,1,2023-06-26,0,0.5,1.0,0.5833333333333333
TXN_2927941,0,0,0,0,0,0,1,0,0,1,0,2023-08-29,1,0.75,0.75,0.625
TXN_5972836,0,0,0,0,0,1,0,0,1,0,0,2023-02-14,1,0.5,0.75,0.4583333333333333
TXN_7484638,0,0,0,0,0,1,0,0,0,0,1,2023-10-17,0,0.5,0.75,0.4583333333333333
TXN_2073647,0,0,0,0,0,1,0,0,1,0,0,2023-09-01,0,0.5,0.75,0.4583333333333333
TXN_1610137,0,1,0,0,0,0,0,0,1,0,0,2023-04-02,1,0.5,0.25,0.20833333333333331
TXN_9094628,0,1,0,0,0,0,0,0,0,0,1,2023-02-13,0,0.25,0.25,0.125
TXN_2262195,0,0,0,0,0,0,1,0,1,0,0,2023-10-13,1,0.5,0.75,0.4583333333333333
TXN_8047234,0,0,0,1,0,0,0,0,0,1,0,2023-08-29,1,0.5,0.5,0.3333333333333333
TXN_7108012,0,0,0,0,0,0,0,1,0,0,1,2023-12-31,1,0.0,0.125,0.020833333333333332
TXN_3272946,0,0,0,0,1,0,0,0,0,1,0,2023-09-06,0,0.5,1.0,0.5833333333333333
TXN_6896663,1,0,0,0,0,0,0,0,1,0,0,2023-05-16,0,0.5,0.5,0.3333333333333333
TXN_7308096,0,0,0,0,0,0,0,1,1,0,0,2023-08-13,1,0.25,0.125,0.08333333333333333
TXN_3607778,0,0,0,0,0,0,1,0,1,0,0,2023-11-20,0,0.25,0.75,0.29166666666666663
TXN_7105069,0,1,0,0,0,0,0,0,1,0,0,2023-12-06,1,0.0,0.25,0.041666666666666664
TXN_7461544,0,0,1,0,0,0,0,0,0,1,0,2023-08-22,0,0.75,0.0,0.125
TXN_5853281,0,1,0,0,0,0,0,0,1,0,0,2023-08-29,0,0.75,0.25,0.29166666666666663
TXN_5488764,0,1,0,0,0,0,0,0,0,0,1,2023-06-30,1,0.75,0.25,0.29166666666666663
TXN_4268746,1,0,0,0,0,0,0,0,0,1,0,2023-01-12,0,1.0,0.5,0.5833333333333333
TXN_1767872,0,0,0,0,1,0,0,0,0,1,0,2023-01-05,0,0.25,1.0,0.375
TXN_9684822,0,0,0,1,0,0,0,0,0,0,1,2023-11-18,1,0.0,0.5,0.08333333333333333
TXN_7208983,0,0,0,0,1,0,0,0,0,0,1,2023-09-28,0,0.0,1.0,0.16666666666666666
TXN_8704128,0,0,0,1,0,0,0,0,0,0,1,2023-02-25,1,1.0,0.5,0.5833333333333333
TXN_7971660,0,0,1,0,0,0,0,0,1,0,0,2023-10-02,1,0.5,0.0,0.08333333333333333
TXN_6179190,0,1,0,0,0,0,0,0,0,0,1,2023-07-23,1,0.0,0.25,0.041666666666666664
TXN_9271577,1,0,0,0,0,0,0,0,0,1,0,2023-04-13,0,0.25,0.5,0.20833333333333331
TXN_3016203,0,0,0,0,1,0,0,0,1,0,0,2023-06-16,0,0.0,1.0,0.16666666666666666
TXN_6440555,0,0,0,0,0,0,1,0,1,0,0,2023-07-11,0,0.0,0.75,0.125
TXN_5635779,0,0,0,1,0,0,0,0,1,0,0,2023-07-01,0,1.0,0.5,0.5833333333333333
TXN_1022126,0,0,0,0,0,0,0,1,0,0,1,2023-09-14,1,0.5,0.125,0.14583333333333331
TXN_9839214,0,0,0,1,0,0,0,0,0,0,1,2023-12-25,0,0.0,0.5,0.08333333333333333
TXN_7368194,0,0,0,0,0,0,1,0,0,1,0,2023-10-29,0,0.25,0.75,0.29166666666666663
TXN_1328230,0,0,0,0,0,1,0,0,1,0,0,2023-02-03,0,1.0,0.75,0.7916666666666666
TXN_9789310,0,0,0,0,0,1,0,0,0,1,0,2023-05-09,0,0.75,0.75,0.625
TXN_6425706,0,0,0,1,0,0,0,0,1,0,0,2023-12-09,1,0.0,0.5,0.08333333333333333
TXN_5996973,0,0,0,0,0,1,0,0,1,0,0,2023-05-02,0,1.0,0.75,0.7916666666666666
TXN_2561970,0,0,0,0,0,1,0,0,0,1,0,2023-03-16,0,0.5,0.75,0.4583333333333333
TXN_7137256,0,0,0,0,0,1,0,0,1,0,0,2023-06-22,0,0.25,0.75,0.29166666666666663
TXN_5926982,0,1,0,0,0,0,0,0,1,0,0,2023-05-16,1,0.75,0.25,0.29166666666666663
TXN_3398611,0,0,0,0,0,1,0,0,1,0,0,2023-10-01,0,1.0,0.75,0.7916666666666666
TXN_4539758,0,0,0,0,0,1,0,0,1,0,0,2023-06-01,0,0.5,0.75,0.4583333333333333
TXN_6259087,0,0,0,0,0,1,0,0,0,0,1,2023-12-27,0,0.25,0.75,0.29166666666666663
TXN_8152941,0,1,0,0,0,0,0,0,0,0,1,2023-05-17,1,0.5,0.25,0.20833333333333331
TXN_2987590,0,0,0,0,0,1,0,0,1,0,0,2023-02-17,0,1.0,0.75,0.7916666666666666
TXN_6687029,0,0,0,0,0,1,0,0,0,1,0,2023-08-23,0,0.25,0.75,0.29166666666666663
TXN_1199898,0,0,0,0,0,0,1,0,0,1,0,2023-10-26,0,0.0,0.75,0.125
TXN_4787990,0,0,1,0,0,0,0,0,0,0,1,2023-02-04,0,0.5,0.0,0.08333333333333333
TXN_9606045,0,0,0,0,0,0,0,1,0,0,1,2023-10-14,0,0.25,0.125,0.08333333333333333
TXN_1569248,0,0,0,0,0,0,0,1,0,1,0,2023-11-14,0,0.0,0.125,0.020833333333333332
TXN_1151605,0,1,0,0,0,0,0,0,0,0,1,2023-05-02,1,0.0,0.25,0.041666666666666664
TXN_4602430,0,0,0,0,0,1,0,0,0,1,0,2023-01-31,0,0.5,0.75,0.4583333333333333
TXN_3232043,0,0,0,0,0,0,0,1,1,0,0,2023-07-05,0,0.25,0.125,0.08333333333333333
TXN_3251340,0,0,0,0,1,0,0,0,0,0,1,2023-06-18,0,0.75,1.0,0.7916666666666666
TXN_7412782,0,0,1,0,0,0,0,0,0,0,1,2023-03-28,1,0.25,0.0,0.041666666666666664
TXN_5663260,0,0,0,0,0,1,0,0,0,0,1,2023-10-08,0,0.75,0.75,0.625
TXN_5570967,0,1,0,0,0,0,0,0,0,1,0,2023-12-12,0,0.0,0.25,0.041666666666666664
TXN_8271541,0,0,0,0,0,0,1,0,0,0,1,2023-09-07,1,0.25,0.75,0.29166666666666663
TXN_2238658,0,0,0,0,0,0,0,1,1,0,0,2023-08-11,1,0.5,0.125,0.14583333333333331
TXN_2564718,0,0,0,0,1,0,0,0,0,1,0,2023-10-10,1,1.0,1.0,1.0
TXN_9050127,0,0,0,0,0,1,0,0,0,1,0,2023-02-26,1,1.0,0.75,0.7916666666666666
TXN_6533450,0,0,0,0,0,0,1,0,0,1,0,2023-11-22,0,0.0,0.75,0.125
TXN_8046891,0,1,0,0,0,0,0,0,0,1,0,2023-02-24,1,0.0,0.25,0.041666666666666664
TXN_7770487,0,0,0,0,0,0,1,0,1,0,0,2023-08-09,0,0.0,0.75,0.125
TXN_2279313,0,0,1,0,0,0,0,0,0,0,1,2023-08-23,0,0.25,0.0,0.041666666666666664
TXN_9943050,0,0,0,0,0,0,0,1,0,0,1,2023-05-16,1,0.0,0.125,0.020833333333333332
TXN_2694605,0,0,1,0,0,0,0,0,0,1,0,2023-11-09,1,0.25,0.0,0.041666666666666664
TXN_2161957,0,0,1,0,0,0,0,0,0,0,1,2023-05-19,1,0.25,0.0,0.041666666666666664
TXN_3647474,0,1,0,0,0,0,0,0,1,0,0,2023-05-05,1,0.75,0.25,0.29166666666666663
TXN_4877601,0,0,1,0,0,0,0,0,0,0,1,2023-07-14,1,0.25,0.0,0.041666666666666664
TXN_7868470,0,0,0,1,0,0,0,0,0,0,1,2023-04-14,1,0.5,0.5,0.3333333333333333
TXN_1927704,0,0,0,0,1,0,0,0,0,0,1,2023-01-05,0,0.25,1.0,0.375
TXN_4819416,0,0,0,0,1,0,0,0,1,0,0,2023-06-01,0,0.5,1.0,0.5833333333333333
TXN_8076152,0,0,0,0,0,0,0,1,0,0,1,2023-12-18,0,0.75,0.125,0.20833333333333331
TXN_9409405,0,1,0,0,0,0,0,0,0,0,1,2023-02-11,0,0.5,0.25,0.20833333333333331
TXN_4055876,0,0,0,0,1,0,0,0,0,1,0,2023-10-15,0,0.5,1.0,0.5833333333333333
TXN_1929398,0,0,0,0,0,1,0,0,0,0,1,2023-02-23,0,0.0,0.75,0.125
TXN_2131494,0,0,0,0,1,0,0,0,1,0,0,2023-02-27,0,0.25,1.0,0.375
TXN_3093284,0,1,0,0,0,0,0,0,0,0,1,2023-01-01,0,0.75,0.25,0.29166666666666663
TXN_3679245,0,0,0,0,0,0,1,0,1,0,0,2023-09-16,0,0.75,0.75,0.625
TXN_2276426,0,0,0,1,0,0,0,0,0,1,0,2023-10-21,0,1.0,0.5,0.5833333333333333
TXN_9608095,0,1,0,0,0,0,0,0,0,1,0,2023-12-07,0,0.0,0.25,0.041666666666666664
TXN_9587704,0,0,0,1,0,0,0,0,1,0,0,2023-07-29,1,1.0,0.5,0.5833333333333333
TXN_9863114,0,0,0,1,0,0,0,0,0,1,0,2023-02-01,1,1.0,0.5,0.5833333333333333
TXN_2372348,1,0,0,0,0,0,0,0,0,0,1,2023-01-05,1,0.25,0.5,0.20833333333333331
TXN_6660602,0,0,0,0,1,0,0,0,1,0,0,2023-05-20,1,0.75,1.0,0.7916666666666666
TXN_3386311,0,0,0,1,0,0,0,0,1,0,0,2023-11-30,0,0.0,0.5,0.08333333333333333
TXN_7049149,0,0,0,0,0,1,0,0,1,0,0,2023-08-27,1,0.75,0.75,0.625
TXN_4112230,0,0,0,0,0,0,1,0,0,1,0,2023-11-19,1,1.0,0.75,0.7916666666666666
TXN_1675510,0,0,0,0,0,1,0,0,0,0,1,2023-09-09,0,0.5,0.75,0.4583333333333333
TXN_5853158,0,0,0,0,0,0,1,0,1,0,0,2023-09-25,1,0.75,0.75,0.625
TXN_4187673,0,0,0,1,0,0,0,0,0,0,1,2023-04-02,1,0.25,0.5,0.20833333333333331
TXN_3017494,0,0,0,0,0,0,0,1,0,1,0,2023-11-21,1,0.0,0.125,0.020833333333333332
TXN_8086161,0,0,0,0,0,1,0,0,1,0,0,2023-03-10,0,0.25,0.75,0.29166666666666663
TXN_5729112,0,1,0,0,0,0,0,0,0,1,0,2023-06-30,0,0.0,0.25,0.041666666666666664
TXN_4613595,0,0,0,0,1,0,0,0,0,1,0,2023-07-07,1,0.5,1.0,0.5833333333333333
TXN_4152991,0,0,0,0,0,1,0,0,0,0,1,2023-12-17,1,1.0,0.75,0.7916666666666666
TXN_1196324,0,0,0,0,0,0,0,1,0,1,0,2023-09-26,0,0.75,0.125,0.20833333333333331
TXN_5944318,0,0,1,0,0,0,0,0,1,0,0,2023-01-23,0,0.0,0.0,0.0
TXN_5148823,0,0,0,1,0,0,0,0,0,0,1,2023-03-27,0,0.0,0.5,0.08333333333333333
TXN_2887528,0,0,0,1,0,0,0,0,1,0,0,2023-04-23,0,0.25,0.5,0.20833333333333331
TXN_7312736,0,0,1,0,0,0,0,0,0,0,1,2023-12-02,1,0.25,0.0,0.041666666666666664
TXN_5775717,0,0,0,0,0,0,0,1,1,0,0,2023-08-02,1,0.5,0.125,0.14583333333333331
TXN_4442095,0,0,0,0,1,0,0,0,0,0,1,2023-02-18,1,0.75,1.0,0.7916666666666666
TXN_6621007,1,0,0,0,0,0,0,0,0,0,1,2023-03-05,1,0.25,0.5,0.20833333333333331
TXN_6740691,0,0,0,0,0,0,0,1,1,0,0,2023-07-06,0,0.0,0.125,0.020833333333333332
TXN_2548742,0,0,0,0,1,0,0,0,0,0,1,2023-07-03,0,1.0,1.0,1.0
TXN_4359568,0,1,0,0,0,0,0,0,0,0,1,2023-12-21,1,0.5,0.25,0.20833333333333331
TXN_3941164,0,1,0,0,0,0,0,0,0,0,1,2023-04-16,1,0.75,0.25,0.29166666666666663
TXN_5244931,0,1,0,0,0,0,0,0,0,0,1,2023-09-30,0,0.0,0.25,0.041666666666666664
TXN_8181326,0,0,0,0,0,0,0,1,1,0,0,2023-02-28,0,1.0,0.125,0.2708333333333333
TXN_8912589,0,0,0,0,0,0,1,0,1,0,0,2023-10-19,1,0.5,0.75,0.4583333333333333
TXN_1234390,1,0,0,0,0,0,0,0,0,0,1,2023-06-02,1,0.25,0.5,0.20833333333333331
TXN_5336437,0,0,0,0,0,0,0,1,0,1,0,2023-05-07,1,1.0,0.125,0.2708333333333333
TXN_6271633,0,0,0,1,0,0,0,0,0,0,1,2023-03-07,0,0.25,0.5,0.20833333333333331
TXN_4805204,0,0,0,0,0,0,0,1,0,0,1,2023-04-25,0,1.0,0.125,0.2708333333333333
TXN_3094786,0,0,0,0,0,1,0,0,0,1,0,2023-01-16,1,0.75,0.75,0.625
TXN_7082667,0,0,0,0,1,0,0,0,1,0,0,2023-08-03,0,0.75,1.0,0.7916666666666666
TXN_4807049,0,0,1,0,0,0,0,0,0,1,0,2023-06-07,0,0.0,0.0,0.0
TXN_1840584,1,0,0,0,0,0,0,0,0,0,1,2023-05-28,0,1.0,0.5,0.5833333333333333
TXN_8030379,0,0,0,0,1,0,0,0,1,0,0,2023-07-21,0,0.75,1.0,0.7916666666666666
TXN_7746634,1,0,0,0,0,0,0,0,0,0,1,2023-07-04,0,1.0,0.5,0.5833333333333333
TXN_2361290,0,0,0,0,1,0,0,0,1,0,0,2023-07-16,0,0.75,1.0,0.7916666666666666
TXN_7133645,0,0,0,0,0,1,0,0,0,1,0,2023-04-19,1,1.0,0.75,0.7916666666666666
TXN_3654299,0,1,0,0,0,0,0,0,1,0,0,2023-09-19,1,0.0,0.25,0.041666666666666664
TXN_8811945,0,0,0,0,1,0,0,0,1,0,0,2023-02-18,1,0.0,1.0,0.16666666666666666
TXN_8659963,1,0,0,0,0,0,0,0,1,0,0,2023-01-21,1,0.75,0.5,0.4583333333333333
TXN_3676131,0,1,0,0,0,0,0,0,0,0,1,2023-09-11,1,0.5,0.25,0.20833333333333331
TXN_2935758,0,0,0,0,0,0,1,0,0,1,0,2023-09-03,0,0.0,0.75,0.125
TXN_1711730,0,0,0,1,0,0,0,0,0,1,0,2023-06-01,1,1.0,0.5,0.5833333333333333
TXN_8659575,0,0,0,0,0,0,0,1,0,0,1,2023-12-17,1,0.25,0.125,0.08333333333333333
TXN_5360210,0,0,0,0,0,0,0,1,1,0,0,2023-06-29,1,1.0,0.125,0.2708333333333333
TXN_7970325,1,0,0,0,0,0,0,0,0,1,0,2023-03-13,1,0.25,0.5,0.20833333333333331
TXN_8521037,0,0,0,0,0,1,0,0,0,1,0,2023-11-21,0,0.0,0.75,0.125
TXN_5473680,0,1,0,0,0,0,0,0,0,1,0,2023-12-24,1,0.5,0.25,0.20833333333333331
TXN_6830192,0,0,0,1,0,0,0,0,0,0,1,2023-08-02,0,0.5,0.5,0.3333333333333333
TXN_5999810,0,0,0,0,0,1,0,0,0,1,0,2023-06-19,1,0.75,0.75,0.625
TXN_6677631,0,0,0,0,0,0,0,1,0,0,1,2023-12-14,0,1.0,0.125,0.2708333333333333
TXN_9775900,0,0,0,1,0,0,0,0,0,0,1,2023-08-29,0,0.75,0.5,0.4583333333333333
TXN_2097072,0,0,0,0,0,0,0,1,0,1,0,2023-12-01,0,0.75,0.125,0.20833333333333331
TXN_2408143,0,1,0,0,0,0,0,0,0,0,1,2023-11-15,1,0.25,0.25,0.125
TXN_6383779,0,1,0,0,0,0,0,0,0,1,0,2023-11-29,0,0.0,0.25,0.041666666666666664
TXN_1342359,1,0,0,0,0,0,0,0,1,0,0,2023-07-14,1,0.75,0.5,0.4583333333333333
TXN_6975499,0,1,0,0,0,0,0,0,0,0,1,2023-07-03,0,0.0,0.25,0.041666666666666664
TXN_9861083,0,0,0,0,0,1,0,0,0,1,0,2023-01-21,0,1.0,0.75,0.7916666666666666
TXN_8100384,0,0,0,0,0,1,0,0,1,0,0,2023-11-08,1,0.0,0.75,0.125
TXN_3762778,0,1,0,0,0,0,0,0,1,0,0,2023-06-14,1,1.0,0.25,0.375
TXN_4548698,0,0,0,0,1,0,0,0,1,0,0,2023-03-04,1,0.25,1.0,0.375
TXN_8735820,0,0,0,0,0,0,0,1,0,1,0,2023-12-08,1,0.25,0.125,0.08333333333333333
TXN_8803798,0,0,0,0,0,0,1,0,0,0,1,2023-07-14,1,0.75,0.75,0.625
TXN_1950008,0,0,0,0,0,0,1,0,0,0,1,2023-07-24,0,0.75,0.75,0.625
TXN_3894173,0,0,0,0,0,1,0,0,0,0,1,2023-10-07,1,1.0,0.75,0.7916666666666666
TXN_3630892,0,0,1,0,0,0,0,0,0,1,0,2023-01-31,1,0.75,0.0,0.125
TXN_7436097,0,1,0,0,0,0,0,0,0,0,1,2023-10-25,1,1.0,0.25,0.375
TXN_4307602,0,0,1,0,0,0,0,0,1,0,0,2023-12-30,0,0.75,0.0,0.125
TXN_2394502,0,0,1,0,0,0,0,0,0,0,1,2023-12-22,0,0.75,0.0,0.125
TXN_5308047,0,0,1,0,0,0,0,0,0,1,0,2023-10-28,0,0.0,0.0,0.0
TXN_5929797,0,0,0,0,0,1,0,0,0,1,0,2023-05-12,0,0.0,0.75,0.125
TXN_1228927,0,0,0,0,0,0,0,1,0,1,0,2023-11-28,0,0.25,0.125,0.08333333333333333
TXN_6486912,0,0,0,0,0,0,0,1,1,0,0,2023-05-10,1,0.25,0.125,0.08333333333333333
TXN_3447069,0,0,0,1,0,0,0,0,0,1,0,2023-03-11,0,0.25,0.5,0.20833333333333331
TXN_8219298,0,0,0,1,0,0,0,0,0,1,0,2023-09-01,0,1.0,0.5,0.5833333333333333
TXN_1010950,0,0,1,0,0,0,0,0,0,0,1,2023-01-07,1,0.0,0.0,0.0
TXN_6376329,1,0,0,0,0,0,0,0,0,0,1,2023-03-30,1,0.0,0.5,0.08333333333333333
TXN_1897783,0,0,0,0,0,0,1,0,1,0,0,2023-02-02,1,0.5,0.75,0.4583333333333333
TXN_4831525,0,0,1,0,0,0,0,0,0,1,0,2023-08-05,1,0.5,0.0,0.08333333333333333
TXN_2767034,0,0,0,0,1,0,0,0,1,0,0,2023-08-12,0,0.75,1.0,0.7916666666666666
TXN_9365766,1,0,0,0,0,0,0,0,0,0,1,2023-02-13,0,0.75,0.5,0.4583333333333333
TXN_5680396,0,0,0,0,0,1,0,0,0,0,1,2023-12-21,1,0.25,0.75,0.29166666666666663
TXN_3071092,0,1,0,0,0,0,0,0,1,0,0,2023-09-08,1,0.25,0.25,0.125
TXN_6205234,1,0,0,0,0,0,0,0,0,0,1,2023-04-09,0,1.0,0.5,0.5833333333333333
TXN_4489757,0,0,0,0,0,0,1,0,0,1,0,2023-05-03,0,1.0,0.75,0.7916666666666666
TXN_8362750,0,0,0,0,1,0,0,0,0,0,1,2023-04-01,0,0.75,1.0,0.7916666666666666
TXN_2422584,0,0,0,0,0,0,0,1,1,0,0,2023-11-28,0,0.0,0.125,0.020833333333333332
TXN_3966911,0,0,0,0,0,0,0,1,0,1,0,2023-07-16,1,0.5,0.125,0.14583333333333331
TXN_6880338,1,0,0,0,0,0,0,0,0,0,1,2023-11-06,1,0.5,0.5,0.3333333333333333
TXN_9362958,0,0,0,1,0,0,0,0,1,0,0,2023-07-19,0,0.0,0.5,0.08333333333333333
TXN_6815741,0,0,0,0,0,0,1,0,0,0,1,2023-03-13,0,0.25,0.75,0.29166666666666663
TXN_4032956,0,1,0,0,0,0,0,0,0,1,0,2023-03-15,0,1.0,0.25,0.375
TXN_7894069,0,0,0,1,0,0,0,0,0,0,1,2023-11-20,0,0.25,0.5,0.20833333333333331
TXN_5296578,0,1,0,0,0,0,0,0,0,1,0,2023-04-15,1,0.0,0.25,0.041666666666666664
TXN_2522047,0,0,0,0,1,0,0,0,0,0,1,2023-12-05,1,0.0,1.0,0.16666666666666666
TXN_8211303,0,0,0,0,1,0,0,0,1,0,0,2023-08-26,1,1.0,1.0,1.0
TXN_8472252,0,0,0,0,0,0,1,0,0,0,1,2023-02-04,1,0.0,0.75,0.125
TXN_2435025,0,0,0,1,0,0,0,0,1,0,0,2023-10-08,0,0.0,0.5,0.08333333333333333
TXN_5179156,0,1,0,0,0,0,0,0,0,0,1,2023-10-25,0,1.0,0.25,0.375
TXN_4197090,0,0,0,1,0,0,0,0,0,1,0,2023-11-17,1,0.5,0.5,0.3333333333333333
TXN_4209626,0,0,0,0,0,0,1,0,0,1,0,2023-07-04,1,1.0,0.75,0.7916666666666666
TXN_8639995,0,0,0,0,0,1,0,0,1,0,0,2023-04-18,1,0.5,0.75,0.4583333333333333
TXN_1777171,0,1,0,0,0,0,0,0,0,0,1,2023-08-17,0,0.25,0.25,0.125
TXN_5706734,0,0,0,1,0,0,0,0,1,0,0,2023-09-09,0,0.0,0.5,0.08333333333333333
TXN_6228847,0,0,0,0,0,0,1,0,1,0,0,2023-01-13,1,0.5,0.75,0.4583333333333333
TXN_6479368,0,0,0,0,0,0,1,0,0,1,0,2023-09-08,1,0.25,0.75,0.29166666666666663
TXN_6991528,0,0,1,0,0,0,0,0,0,0,1,2023-08-17,1,0.5,0.0,0.08333333333333333
TXN_2154866,0,0,0,0,0,0,0,1,0,1,0,2023-08-11,1,0.25,0.125,0.08333333333333333
TXN_1333524,1,0,0,0,0,0,0,0,0,1,0,2023-05-05,1,0.25,0.5,0.20833333333333331
TXN_4367044,0,0,0,0,0,0,1,0,1,0,0,2023-05-02,0,0.0,0.75,0.125
TXN_8903514,0,0,0,0,1,0,0,0,0,0,1,2023-09-14,1,0.75,1.0,0.7916666666666666
TXN_5762828,0,0,0,0,0,0,0,1,0,0,1,2023-03-23,0,0.25,0.125,0.08333333333333333
TXN_2099497,0,0,0,1,0,0,0,0,1,0,0,2023-02-27,1,0.0,0.5,0.08333333333333333
TXN_5679935,0,1,0,0,0,0,0,0,0,1,0,2023-07-19,0,0.25,0.25,0.125
TXN_5236861,0,1,0,0,0,0,0,0,1,0,0,2023-10-27,1,0.75,0.25,0.29166666666666663
TXN_9433035,0,0,0,0,0,1,0,0,1,0,0,2023-03-26,0,0.0,0.75,0.125
TXN_4239051,0,0,0,1,0,0,0,0,1,0,0,2023-09-30,0,0.25,0.5,0.20833333333333331
TXN_2970600,0,0,0,0,1,0,0,0,0,1,0,2023-08-18,0,0.0,1.0,0.16666666666666666
TXN_6226412,0,0,0,1,0,0,0,0,0,1,0,2023-03-20,1,0.5,0.5,0.3333333333333333
TXN_2634805,0,0,1,0,0,0,0,0,0,0,1,2023-06-25,1,0.75,0.0,0.125
TXN_7543525,0,0,0,0,0,0,0,1,0,1,0,2023-03-22,1,0.75,0.125,0.20833333333333331
TXN_2571835,0,0,0,0,1,0,0,0,1,0,0,2023-03-03,0,0.5,1.0,0.5833333333333333
TXN_5376589,0,1,0,0,0,0,0,0,1,0,0,2023-07-30,1,1.0,0.25,0.375
TXN_3984842,0,0,0,0,0,0,0,1,0,1,0,2023-03-22,1,0.75,0.125,0.20833333333333331
TXN_1191068,0,0,0,0,1,0,0,0,1,0,0,2023-05-19,1,0.0,1.0,0.16666666666666666
TXN_9154713,0,1,0,0,0,0,0,0,0,1,0,2023-03-13,0,0.75,0.25,0.29166666666666663
TXN_2897727,0,0,0,0,0,0,1,0,0,1,0,2023-02-15,1,1.0,0.75,0.7916666666666666
TXN_3801179,0,0,0,1,0,0,0,0,1,0,0,2023-12-07,0,0.25,0.5,0.20833333333333331
TXN_7116267,0,0,0,0,0,0,1,0,1,0,0,2023-07-29,1,0.75,0.75,0.625
TXN_9878237,1,0,0,0,0,0,0,0,0,1,0,2023-10-06,1,0.0,0.5,0.08333333333333333
TXN_2153838,0,0,0,0,0,0,0,1,0,0,1,2023-12-19,0,0.75,0.125,0.20833333333333331
TXN_7835785,0,0,0,0,1,0,0,0,1,0,0,2023-10-12,0,0.0,1.0,0.16666666666666666
TXN_5335079,1,0,0,0,0,0,0,0,1,0,0,2023-02-20,0,0.0,0.5,0.08333333333333333
TXN_7521634,0,0,1,0,0,0,0,0,0,1,0,2023-01-22,1,0.5,0.0,0.08333333333333333
TXN_2174821,0,1,0,0,0,0,0,0,0,1,0,2023-11-08,1,0.0,0.25,0.041666666666666664
TXN_5951573,0,0,0,0,1,0,0,0,1,0,0,2023-12-22,1,0.5,1.0,0.5833333333333333
TXN_4612146,1,0,0,0,0,0,0,0,1,0,0,2023-12-31,1,0.5,0.5,0.3333333333333333
TXN_7954368,1,0,0,0,0,0,0,0,0,1,0,2023-10-06,1,0.5,0.5,0.3333333333333333
TXN_7898391,0,0,0,0,1,0,0,0,0,1,0,2023-02-26,0,0.75,1.0,0.7916666666666666
TXN_5746800,0,1,0,0,0,0,0,0,0,1,0,2023-07-04,1,0.75,0.25,0.29166666666666663
TXN_4630658,0,0,0,0,0,0,1,0,1,0,0,2023-07-10,1,0.0,0.75,0.125
TXN_6096492,0,0,0,0,0,1,0,0,1,0,0,2023-12-23,1,1.0,0.75,0.7916666666666666
TXN_8918905,0,0,1,0,0,0,0,0,0,0,1,2023-06-05,0,1.0,0.0,0.16666666666666666
TXN_5906365,0,0,1,0,0,0,0,0,0,0,1,2023-03-13,0,0.0,0.0,0.0
TXN_3956062,0,1,0,0,0,0,0,0,0,1,0,2023-06-04,1,0.5,0.25,0.20833333333333331
TXN_6610487,0,1,0,0,0,0,0,0,0,0,1,2023-09-18,1,1.0,0.25,0.375
TXN_1381818,0,0,0,1,0,0,0,0,0,1,0,2023-12-09,0,0.75,0.5,0.4583333333333333
TXN_7821658,0,1,0,0,0,0,0,0,0,0,1,2023-09-03,0,1.0,0.25,0.375
TXN_6396940,0,0,1,0,0,0,0,0,0,1,0,2023-02-26,1,0.25,0.0,0.041666666666666664
TXN_2556368,0,0,0,0,0,0,1,0,0,0,1,2023-10-26,1,0.0,0.75,0.125
TXN_7655838,0,0,0,1,0,0,0,0,0,0,1,2023-01-22,0,0.5,0.5,0.3333333333333333
TXN_7241859,0,0,1,0,0,0,0,0,0,1,0,2023-09-24,0,0.0,0.0,0.0
TXN_2807590,0,0,0,0,0,0,1,0,1,0,0,2023-09-05,1,0.75,0.75,0.625
TXN_7252860,0,0,1,0,0,0,0,0,0,0,1,2023-06-18,1,0.5,0.0,0.08333333333333333
TXN_5381129,0,0,1,0,0,0,0,0,1,0,0,2023-04-20,1,1.0,0.0,0.16666666666666666
TXN_1474329,0,0,0,0,0,0,1,0,0,0,1,2023-03-02,1,0.25,0.75,0.29166666666666663
TXN_5935394,0,1,0,0,0,0,0,0,0,0,1,2023-04-16,0,0.75,0.25,0.29166666666666663
TXN_1488458,0,1,0,0,0,0,0,0,0,0,1,2023-08-21,1,0.75,0.25,0.29166666666666663
TXN_7964661,1,0,0,0,0,0,0,0,1,0,0,2023-04-01,1,0.5,0.5,0.3333333333333333
TXN_2798736,0,0,0,0,0,1,0,0,0,0,1,2023-01-15,0,0.25,0.75,0.29166666666666663
TXN_5007051,0,0,0,0,1,0,0,0,0,0,1,2023-12-26,1,0.25,1.0,0.375
TXN_2325141,0,0,0,0,0,0,0,1,0,0,1,2023-08-26,1,0.5,0.125,0.14583333333333331
TXN_1489194,0,1,0,0,0,0,0,0,0,0,1,2023-07-18,1,0.5,0.25,0.20833333333333331
TXN_9531201,0,0,0,0,0,1,0,0,0,1,0,2023-05-28,0,0.25,0.75,0.29166666666666663
TXN_7627772,0,0,0,0,0,1,0,0,0,1,0,2023-10-22,1,0.75,0.75,0.625
TXN_4349970,0,0,1,0,0,0,0,0,0,1,0,2023-05-25,0,1.0,0.0,0.16666666666666666
TXN_3936883,0,1,0,0,0,0,0,0,0,0,1,2023-09-08,0,0.25,0.25,0.125
TXN_1817275,0,0,0,0,1,0,0,0,1,0,0,2023-09-02,0,0.25,1.0,0.375
TXN_8018272,0,0,0,0,0,0,1,0,0,0,1,2023-03-01,1,0.75,0.75,0.625
TXN_3617989,0,0,0,0,0,1,0,0,0,1,0,2023-09-29,1,0.5,0.75,0.4583333333333333
TXN_1566564,0,0,1,0,0,0,0,0,0,1,0,2023-09-08,1,0.5,0.0,0.08333333333333333
TXN_5170047,0,0,0,0,1,0,0,0,1,0,0,2023-12-15,1,0.75,1.0,0.7916666666666666
TXN_6513163,1,0,0,0,0,0,0,0,0,0,1,2023-04-01,1,0.25,0.5,0.20833333333333331
TXN_7014478,0,0,0,0,0,0,1,0,1,0,0,2023-04-26,1,1.0,0.75,0.7916666666666666
TXN_9929732,0,0,0,0,0,1,0,0,0,1,0,2023-10-04,1,0.75,0.75,0.625
TXN_2346362,0,0,0,1,0,0,0,0,0,1,0,2023-12-30,0,0.75,0.5,0.4583333333333333
TXN_6748232,0,0,0,0,0,0,1,0,0,1,0,2023-02-01,0,0.25,0.75,0.29166666666666663
TXN_9039882,0,0,0,0,0,0,1,0,1,0,0,2023-08-31,0,0.75,0.75,0.625
TXN_7440057,0,0,0,1,0,0,0,0,0,1,0,2023-07-05,1,0.0,0.5,0.08333333333333333
TXN_9894831,1,0,0,0,0,0,0,0,1,0,0,2023-07-05,1,1.0,0.5,0.5833333333333333
TXN_2911863,0,0,0,0,0,1,0,0,0,1,0,2023-07-09,1,0.25,0.75,0.29166666666666663
TXN_1991987,1,0,0,0,0,0,0,0,0,1,0,2023-10-22,0,0.5,0.5,0.3333333333333333
TXN_7232524,0,0,1,0,0,0,0,0,1,0,0,2023-12-23,0,0.5,0.0,0.08333333333333333
TXN_5315665,0,0,0,0,0,0,0,1,0,1,0,2023-02-09,0,0.5,0.125,0.14583333333333331
TXN_7476348,0,1,0,0,0,0,0,0,0,1,0,2023-10-09,0,0.25,0.25,0.125
TXN_4165923,0,0,0,0,0,1,0,0,1,0,0,2023-03-14,1,0.5,0.75,0.4583333333333333
TXN_1467367,0,0,0,0,0,1,0,0,1,0,0,2023-02-18,0,0.5,0.75,0.4583333333333333
TXN_2018943,0,0,0,0,0,0,1,0,0,0,1,2023-05-27,1,1.0,0.75,0.7916666666666666
TXN_4234636,0,0,0,0,0,0,1,0,0,1,0,2023-01-30,0,0.0,0.75,0.125
TXN_4750383,0,1,0,0,0,0,0,0,1,0,0,2023-06-30,1,0.25,0.25,0.125
TXN_5100579,0,0,1,0,0,0,0,0,1,0,0,2023-10-08,1,0.25,0.0,0.041666666666666664
TXN_1701465,1,0,0,0,0,0,0,0,1,0,0,2023-06-15,0,0.0,0.5,0.08333333333333333
TXN_8941409,1,0,0,0,0,0,0,0,1,0,0,2023-11-12,1,0.5,0.5,0.3333333333333333
TXN_9598764,0,0,0,1,0,0,0,0,0,1,0,2023-09-06,0,0.25,0.5,0.20833333333333331
TXN_2834323,0,0,0,0,0,0,0,1,0,0,1,2023-05-13,1,0.0,0.125,0.020833333333333332
TXN_2480488,0,0,0,1,0,0,0,0,1,0,0,2023-03-01,1,0.25,0.5,0.20833333333333331
TXN_6158834,0,1,0,0,0,0,0,0,0,1,0,2023-09-23,1,0.25,0.25,0.125
TXN_2345326,0,0,1,0,0,0,0,0,0,0,1,2023-01-29,1,0.5,0.0,0.08333333333333333
TXN_8872103,0,0,0,0,0,0,1,0,0,0,1,2023-07-02,0,0.5,0.75,0.4583333333333333
TXN_9773646,1,0,0,0,0,0,0,0,0,1,0,2023-04-01,1,0.75,0.5,0.4583333333333333
TXN_1442096,0,0,1,0,0,0,0,0,0,1,0,2023-06-27,0,0.5,0.0,0.08333333333333333
TXN_2337888,0,1,0,0,0,0,0,0,0,1,0,2023-02-10,0,0.0,0.25,0.041666666666666664
TXN_8297751,0,0,0,0,1,0,0,0,1,0,0,2023-04-08,1,0.5,1.0,0.5833333333333333
TXN_9675838,1,0,0,0,0,0,0,0,0,0,1,2023-02-06,1,0.25,0.5,0.20833333333333331
TXN_9241048,1,0,0,0,0,0,0,0,0,1,0,2023-08-27,0,0.75,0.5,0.4583333333333333
TXN_1978687,0,0,0,1,0,0,0,0,0,0,1,2023-12-13,0,0.25,0.5,0.20833333333333331
TXN_7548260,0,0,0,1,0,0,0,0,1,0,0,2023-02-27,1,0.25,0.5,0.20833333333333331
TXN_7047040,0,0,0,0,1,0,0,0,0,1,0,2023-02-16,0,0.25,1.0,0.375
TXN_1234907,0,0,0,1,0,0,0,0,0,1,0,2023-05-02,0,0.0,0.5,0.08333333333333333
TXN_8821839,0,0,0,0,0,1,0,0,0,0,1,2023-11-11,1,1.0,0.75,0.7916666666666666
TXN_7543765,1,0,0,0,0,0,0,0,1,0,0,2023-10-26,0,0.0,0.5,0.08333333333333333
TXN_7317475,0,0,0,0,1,0,0,0,1,0,0,2023-06-21,1,0.75,1.0,0.7916666666666666
TXN_9786525,1,0,0,0,0,0,0,0,0,1,0,2023-02-19,1,1.0,0.5,0.5833333333333333
TXN_9874256,0,0,0,1,0,0,0,0,0,0,1,2023-02-17,0,0.5,0.5,0.3333333333333333
TXN_3120637,0,0,0,0,0,1,0,0,0,1,0,2023-08-11,1,0.5,0.75,0.4583333333333333
TXN_6754546,1,0,0,0,0,0,0,0,1,0,0,2023-02-19,1,0.5,0.5,0.3333333333333333
TXN_1317114,0,0,1,0,0,0,0,0,0,0,1,2023-11-06,1,0.25,0.0,0.041666666666666664
TXN_3897788,0,0,0,1,0,0,0,0,0,0,1,2023-10-26,0,1.0,0.5,0.5833333333333333
TXN_8046087,1,0,0,0,0,0,0,0,0,1,0,2023-04-15,1,0.25,0.5,0.20833333333333331
TXN_6655017,0,0,0,0,0,0,1,0,1,0,0,2023-12-04,1,0.75,0.75,0.625
TXN_6610162,1,0,0,0,0,0,0,0,0,0,1,2023-03-18,0,0.75,0.5,0.4583333333333333
TXN_7478306,0,0,0,0,0,0,0,1,0,0,1,2023-06-14,0,0.25,0.125,0.08333333333333333
TXN_3163567,0,0,0,0,1,0,0,0,0,0,1,2023-06-01,1,0.25,1.0,0.375
TXN_6420900,0,0,0,0,0,0,0,1,1,0,0,2023-09-18,0,0.5,0.125,0.14583333333333331
TXN_2526267,0,0,0,0,0,1,0,0,1,0,0,2023-04-06,0,1.0,0.75,0.7916666666666666
TXN_3954378,0,0,0,0,0,0,0,1,1,0,0,2023-08-21,1,0.75,0.125,0.20833333333333331
TXN_5138053,0,0,0,0,0,1,0,0,0,0,1,2023-02-16,1,1.0,0.75,0.7916666666666666
TXN_9890279,0,0,0,0,0,0,1,0,1,0,0,2023-09-06,0,0.75,0.75,0.625
TXN_3456057,0,0,0,0,0,1,0,0,0,0,1,2023-01-26,1,0.0,0.75,0.125
TXN_9626920,0,0,0,0,0,0,0,1,0,0,1,2023-12-16,0,0.25,0.125,0.08333333333333333
TXN_7213830,1,0,0,0,0,0,0,0,0,1,0,2023-08-04,1,1.0,0.5,0.5833333333333333
TXN_4224350,0,0,0,0,0,0,0,1,0,0,1,2023-07-09,0,0.25,0.125,0.08333333333333333
TXN_7763212,0,0,0,0,0,1,0,0,0,1,0,2023-01-10,0,0.0,0.75,0.125
TXN_6889357,0,0,0,0,1,0,0,0,1,0,0,2023-03-08,1,0.0,1.0,0.16666666666666666
TXN_8565218,1,0,0,0,0,0,0,0,0,0,1,2023-05-03,1,0.0,0.5,0.08333333333333333
TXN_8235675,0,0,0,0,0,0,0,1,0,1,0,2023-08-08,0,0.0,0.125,0.020833333333333332
TXN_6323915,0,0,0,0,0,0,0,1,0,1,0,2023-02-09,0,0.5,0.125,0.14583333333333331
TXN_4704321,1,0,0,0,0,0,0,0,1,0,0,2023-01-01,0,0.5,0.5,0.3333333333333333
TXN_3232227,0,0,1,0,0,0,0,0,1,0,0,2023-03-30,1,0.75,0.0,0.125
TXN_2931403,0,0,0,1,0,0,0,0,0,1,0,2023-05-29,0,0.25,0.5,0.20833333333333331
TXN_8036247,0,1,0,0,0,0,0,0,0,1,0,2023-09-29,1,0.0,0.25,0.041666666666666664
TXN_4143264,0,0,0,0,1,0,0,0,0,1,0,2023-08-17,1,0.0,1.0,0.16666666666666666
TXN_3709117,0,0,0,0,0,0,1,0,1,0,0,2023-02-04,1,1.0,0.75,0.7916666666666666
TXN_5124519,0,0,0,0,0,0,1,0,0,1,0,2023-09-07,0,0.5,0.75,0.4583333333333333
TXN_1529845,0,0,0,1,0,0,0,0,0,1,0,2023-01-25,0,0.5,0.5,0.3333333333333333
TXN_4615245,0,0,0,0,0,1,0,0,1,0,0,2023-04-26,0,0.75,0.75,0.625
TXN_1464694,0,0,0,0,0,1,0,0,1,0,0,2023-07-23,0,0.0,0.75,0.125
TXN_2674372,0,0,1,0,0,0,0,0,0,1,0,2023-11-14,1,0.75,0.0,0.125
TXN_7215900,0,1,0,0,0,0,0,0,1,0,0,2023-08-26,1,0.5,0.25,0.20833333333333331
TXN_5578380,0,0,0,0,0,0,0,1,0,1,0,2023-12-01,0,0.75,0.125,0.20833333333333331
TXN_6622980,0,0,0,0,1,0,0,0,0,0,1,2023-09-26,1,0.75,1.0,0.7916666666666666
TXN_5744026,0,0,0,0,1,0,0,0,0,0,1,2023-04-03,0,0.75,1.0,0.7916666666666666
TXN_1759314,0,0,0,0,1,0,0,0,0,1,0,2023-08-23,1,1.0,1.0,1.0
TXN_2050630,0,0,1,0,0,0,0,0,1,0,0,2023-01-18,1,0.5,0.0,0.08333333333333333
TXN_3447575,0,0,0,0,0,1,0,0,0,1,0,2023-01-17,1,0.75,0.75,0.625
TXN_1131785,0,0,0,0,0,1,0,0,1,0,0,2023-12-19,0,0.0,0.75,0.125
TXN_8572783,0,0,0,0,1,0,0,0,0,0,1,2023-03-29,0,0.5,1.0,0.5833333333333333
TXN_7928378,0,1,0,0,0,0,0,0,1,0,0,2023-07-04,1,0.5,0.75,0.4583333333333333
TXN_4284507,0,0,0,0,0,0,1,0,0,1,0,2023-07-17,1,0.75,0.75,0.625
TXN_9819697,0,0,0,0,0,0,1,0,0,0,1,2023-05-16,0,0.5,0.75,0.4583333333333333
TXN_1731476,0,0,0,0,0,1,0,0,0,0,1,2023-04-19,1,0.0,0.75,0.125
TXN_4152262,0,0,0,0,1,0,0,0,0,0,1,2023-06-19,0,0.25,1.0,0.375
TXN_1721342,0,0,0,0,0,0,1,0,0,0,1,2023-08-23,0,1.0,0.75,0.7916666666666666
TXN_7278328,0,0,0,0,0,0,1,0,0,1,0,2023-01-29,1,0.0,0.75,0.125
TXN_6037924,0,1,0,0,0,0,0,0,1,0,0,2023-11-14,1,0.75,0.25,0.29166666666666663
TXN_7046631,0,1,0,0,0,0,0,0,0,0,1,2023-05-18,0,0.75,0.25,0.29166666666666663
TXN_7979028,0,0,0,0,0,1,0,0,1,0,0,2023-07-12,1,0.5,0.75,0.4583333333333333
TXN_2474395,0,0,0,0,0,0,1,0,0,0,1,2023-12-28,1,0.75,0.75,0.625
TXN_9168898,0,0,0,1,0,0,0,0,1,0,0,2023-09-28,1,0.25,0.5,0.20833333333333331
TXN_9675940,0,0,0,1,0,0,0,0,0,1,0,2023-06-02,0,1.0,0.5,0.5833333333333333
TXN_3618603,0,0,0,0,1,0,0,0,1,0,0,2023-03-19,1,0.75,1.0,0.7916666666666666
TXN_9653377,0,0,0,0,0,1,0,0,0,0,1,2023-07-31,1,0.25,0.75,0.29166666666666663
TXN_1326993,0,0,1,0,0,0,0,0,0,1,0,2023-12-30,0,0.5,0.0,0.08333333333333333
TXN_7427357,1,0,0,0,0,0,0,0,0,0,1,2023-10-31,0,0.75,0.5,0.4583333333333333
TXN_5806624,0,0,1,0,0,0,0,0,0,1,0,2023-07-09,0,1.0,0.0,0.16666666666666666
TXN_8329144,0,0,0,0,0,0,1,0,0,0,1,2023-03-04,0,0.25,0.75,0.29166666666666663
TXN_6670371,0,0,0,0,0,0,0,1,0,1,0,2023-05-01,1,0.5,0.125,0.14583333333333331
TXN_8708588,0,1,0,0,0,0,0,0,0,0,1,2023-06-03,1,1.0,0.25,0.375
TXN_6755874,0,0,0,0,0,0,1,0,1,0,0,2023-04-12,0,0.5,0.75,0.4583333333333333
TXN_7777864,0,0,1,0,0,0,0,0,0,1,0,2023-02-06,0,0.5,0.0,0.08333333333333333
TXN_1309055,0,1,0,0,0,0,0,0,0,1,0,2023-11-09,1,0.25,0.25,0.125
TXN_2250398,1,0,0,0,0,0,0,0,0,0,1,2023-05-31,1,0.5,0.5,0.3333333333333333
TXN_8698717,0,1,0,0,0,0,0,0,0,0,1,2023-05-11,1,0.75,0.25,0.29166666666666663
TXN_2302259,0,0,0,1,0,0,0,0,0,1,0,2023-09-20,1,0.5,0.5,0.3333333333333333
TXN_7004494,0,1,0,0,0,0,0,0,1,0,0,2023-03-17,1,0.75,0.25,0.29166666666666663
TXN_1302920,0,1,0,0,0,0,0,0,1,0,0,2023-08-16,1,0.25,0.25,0.125
TXN_8175702,0,0,0,0,0,0,0,1,1,0,0,2023-08-27,1,0.0,0.125,0.020833333333333332
TXN_4921865,0,0,0,0,0,0,0,1,0,0,1,2023-02-06,0,0.25,0.125,0.08333333333333333
TXN_7755372,0,0,0,1,0,0,0,0,0,0,1,2023-01-10,1,1.0,0.5,0.5833333333333333
TXN_7218134,1,0,0,0,0,0,0,0,1,0,0,2023-01-14,1,1.0,0.5,0.5833333333333333
TXN_2897794,0,0,1,0,0,0,0,0,0,1,0,2023-01-29,1,0.75,0.0,0.125
TXN_5743616,1,0,0,0,0,0,0,0,0,1,0,2023-12-14,1,0.75,0.5,0.4583333333333333
TXN_4623642,0,0,0,0,0,1,0,0,1,0,0,2023-09-12,1,0.0,0.75,0.125
TXN_6047710,0,0,0,0,0,0,1,0,1,0,0,2023-06-16,1,0.5,0.75,0.4583333333333333
TXN_2813872,0,0,0,0,1,0,0,0,0,1,0,2023-05-01,1,0.0,1.0,0.16666666666666666
TXN_1891978,0,0,0,0,1,0,0,0,0,0,1,2023-09-13,0,0.75,1.0,0.7916666666666666
TXN_6626928,0,0,0,0,0,1,0,0,1,0,0,2023-05-10,0,0.25,0.75,0.29166666666666663
TXN_6320502,0,0,0,1,0,0,0,0,0,1,0,2023-08-16,1,0.75,0.5,0.4583333333333333
TXN_1797690,1,0,0,0,0,0,0,0,0,1,0,2023-08-10,1,1.0,0.5,0.5833333333333333
TXN_4587806,0,0,1,0,0,0,0,0,0,0,1,2023-07-27,1,0.75,0.0,0.125
TXN_7735127,0,0,0,0,0,0,1,0,0,1,0,2023-02-22,1,0.0,0.75,0.125
TXN_9831537,1,0,0,0,0,0,0,0,0,1,0,2023-08-07,1,0.75,0.5,0.4583333333333333
TXN_7866805,0,0,0,0,0,1,0,0,0,0,1,2023-03-14,0,0.5,0.75,0.4583333333333333
TXN_1760092,0,1,0,0,0,0,0,0,0,1,0,2023-04-15,1,0.0,0.25,0.041666666666666664
TXN_1887555,0,0,0,1,0,0,0,0,1,0,0,2023-01-08,0,0.25,0.5,0.20833333333333331
TXN_9872258,0,0,0,1,0,0,0,0,1,0,0,2023-07-24,1,0.75,0.5,0.4583333333333333
TXN_2437725,0,0,0,0,0,1,0,0,0,1,0,2023-01-27,1,0.75,0.75,0.625
TXN_3240077,0,0,0,0,0,1,0,0,1,0,0,2023-12-14,0,0.75,0.75,0.625
TXN_6581580,0,1,0,0,0,0,0,0,1,0,0,2023-06-18,0,0.5,0.25,0.20833333333333331
TXN_6440109,1,0,0,0,0,0,0,0,1,0,0,2023-09-09,0,0.25,0.5,0.20833333333333331
TXN_8790282,0,1,0,0,0,0,0,0,1,0,0,2023-10-18,1,0.5,0.25,0.20833333333333331
TXN_7581760,0,1,0,0,0,0,0,0,0,0,1,2023-08-13,0,0.5,0.25,0.20833333333333331
TXN_2903973,1,0,0,0,0,0,0,0,0,1,0,2023-12-26,1,0.25,0.5,0.20833333333333331
TXN_9107842,0,0,0,0,0,0,0,1,1,0,0,2023-12-04,1,0.25,0.125,0.08333333333333333
TXN_8306630,0,0,0,0,0,1,0,0,0,1,0,2023-04-26,0,0.25,0.75,0.29166666666666663
TXN_2194660,0,0,0,0,1,0,0,0,0,0,1,2023-10-01,1,0.0,1.0,0.16666666666666666
TXN_4612207,0,0,0,1,0,0,0,0,0,0,1,2023-01-21,0,1.0,0.5,0.5833333333333333
TXN_1811216,0,0,0,0,0,1,0,0,0,0,1,2023-01-18,1,0.0,0.75,0.125
TXN_3739424,0,0,0,1,0,0,0,0,0,1,0,2023-06-03,0,0.0,0.5,0.08333333333333333
TXN_9487384,1,0,0,0,0,0,0,0,0,1,0,2023-11-27,0,0.0,0.5,0.08333333333333333
TXN_2205690,0,0,1,0,0,0,0,0,1,0,0,2023-03-02,0,1.0,0.0,0.16666666666666666
TXN_9219961,0,1,0,0,0,0,0,0,0,1,0,2023-04-04,1,1.0,0.25,0.375
TXN_6425954,0,0,0,0,0,1,0,0,1,0,0,2023-03-28,0,0.25,0.75,0.29166666666666663
TXN_9131153,0,0,0,0,0,0,1,0,1,0,0,2023-11-17,1,0.5,0.75,0.4583333333333333
TXN_1332623,0,0,1,0,0,0,0,0,0,0,1,2023-07-15,1,0.25,0.0,0.041666666666666664
TXN_9248370,0,0,1,0,0,0,0,0,0,1,0,2023-02-17,0,0.25,0.0,0.041666666666666664
TXN_5549522,0,0,0,1,0,0,0,0,0,0,1,2023-12-16,1,1.0,0.5,0.5833333333333333
TXN_4234750,0,0,0,1,0,0,0,0,1,0,0,2023-09-03,1,0.25,0.5,0.20833333333333331
TXN_9694799,0,0,0,0,0,0,0,1,1,0,0,2023-04-14,1,0.5,0.125,0.14583333333333331
TXN_6733436,0,0,0,1,0,0,0,0,0,1,0,2023-02-02,1,0.25,0.5,0.20833333333333331
TXN_4423879,0,0,0,1,0,0,0,0,0,1,0,2023-02-12,1,1.0,0.5,0.5833333333333333
TXN_8496788,0,0,0,1,0,0,0,0,1,0,0,2023-06-14,0,0.75,0.5,0.4583333333333333
TXN_3131168,0,0,0,0,0,1,0,0,1,0,0,2023-03-24,0,0.5,0.75,0.4583333333333333
TXN_1995528,0,1,0,0,0,0,0,0,1,0,0,2023-06-24,0,1.0,0.25,0.375
TXN_2311707,0,0,0,0,0,0,0,1,1,0,0,2023-08-03,0,1.0,0.125,0.2708333333333333
TXN_9617269,0,1,0,0,0,0,0,0,0,0,1,2023-08-21,1,0.0,0.25,0.041666666666666664
TXN_1727281,0,0,0,1,0,0,0,0,0,1,0,2023-01-05,1,0.75,0.5,0.4583333333333333
TXN_2437112,0,0,1,0,0,0,0,0,1,0,0,2023-04-06,1,0.5,0.0,0.08333333333333333
TXN_8240436,0,0,0,0,1,0,0,0,1,0,0,2023-07-05,0,1.0,1.0,1.0
TXN_4177796,0,0,0,1,0,0,0,0,1,0,0,2023-04-17,1,0.75,0.5,0.4583333333333333
TXN_9761314,0,0,0,0,0,0,1,0,0,1,0,2023-12-14,1,0.75,0.75,0.625
TXN_2905118,0,0,0,0,0,0,0,1,0,0,1,2023-03-04,1,1.0,0.125,0.2708333333333333
TXN_8058105,0,0,0,0,0,0,0,1,1,0,0,2023-03-07,0,0.5,0.125,0.14583333333333331
TXN_5005793,0,0,0,0,0,1,0,0,0,1,0,2023-01-21,0,0.75,0.75,0.625
TXN_2840861,0,0,0,0,0,0,0,1,0,0,1,2023-05-31,1,0.25,0.125,0.08333333333333333
TXN_1088497,0,0,0,0,0,1,0,0,0,0,1,2023-07-05,1,0.0,0.75,0.125
TXN_4083872,0,0,0,0,1,0,0,0,0,0,1,2023-08-05,1,0.25,1.0,0.375
TXN_5296083,0,0,0,0,0,1,0,0,0,0,1,2023-12-08,0,0.5,0.75,0.4583333333333333
TXN_3052953,0,1,0,0,0,0,0,0,0,0,1,2023-02-28,1,1.0,0.25,0.375
TXN_2017793,0,0,0,0,0,0,0,1,0,0,1,2023-07-18,1,0.5,0.125,0.14583333333333331
TXN_4064326,0,0,1,0,0,0,0,0,1,0,0,2023-01-07,1,0.25,0.0,0.041666666666666664
TXN_8749775,1,0,0,0,0,0,0,0,1,0,0,2023-10-30,1,1.0,0.5,0.5833333333333333
TXN_6541284,0,0,0,0,0,0,0,1,1,0,0,2023-03-01,1,0.75,0.125,0.20833333333333331
TXN_7937905,0,0,0,0,1,0,0,0,1,0,0,2023-10-15,0,1.0,1.0,1.0
TXN_1311519,0,0,0,0,0,0,1,0,1,0,0,2023-01-28,1,1.0,0.75,0.7916666666666666
TXN_8209509,0,0,1,0,0,0,0,0,0,1,0,2023-11-09,1,0.75,0.0,0.125
TXN_3413156,0,0,0,1,0,0,0,0,0,1,0,2023-10-16,0,0.0,0.5,0.08333333333333333
TXN_3130302,0,0,0,0,0,0,1,0,0,1,0,2023-10-28,0,0.5,0.75,0.4583333333333333
TXN_7418152,0,0,1,0,0,0,0,0,1,0,0,2023-09-21,1,0.75,0.0,0.125
TXN_7991782,0,0,0,1,0,0,0,0,0,1,0,2023-01-11,0,0.25,0.5,0.20833333333333331
TXN_2822949,0,0,0,0,0,0,1,0,0,0,1,2023-11-19,1,0.25,0.75,0.29166666666666663
TXN_5868082,0,1,0,0,0,0,0,0,0,1,0,2023-10-22,0,1.0,0.25,0.375
TXN_1559521,0,1,0,0,0,0,0,0,0,1,0,2023-07-05,0,1.0,0.25,0.375
TXN_2250898,0,0,0,0,0,0,1,0,0,1,0,2023-12-23,0,0.5,0.75,0.4583333333333333
TXN_2947622,0,0,0,0,0,0,1,0,0,1,0,2023-08-06,0,1.0,0.75,0.7916666666666666
TXN_1413335,0,0,0,0,1,0,0,0,0,0,1,2023-05-17,1,0.0,1.0,0.16666666666666666
TXN_7086603,1,0,0,0,0,0,0,0,0,1,0,2023-03-18,1,0.75,0.5,0.4583333333333333
TXN_6919325,1,0,0,0,0,0,0,0,1,0,0,2023-02-05,0,0.5,0.5,0.3333333333333333
TXN_7286934,0,0,0,0,0,0,1,0,0,1,0,2023-03-27,0,0.25,0.75,0.29166666666666663
TXN_5213014,0,0,0,0,0,1,0,0,0,1,0,2023-05-09,1,0.5,0.75,0.4583333333333333
TXN_3121483,0,0,0,0,1,0,0,0,0,0,1,2023-01-06,1,0.25,1.0,0.375
TXN_1670848,1,0,0,0,0,0,0,0,0,1,0,2023-08-04,0,0.25,0.5,0.20833333333333331
TXN_7595042,0,0,0,0,1,0,0,0,1,0,0,2023-04-03,1,0.0,1.0,0.16666666666666666
TXN_3447594,0,0,0,0,1,0,0,0,0,0,1,2023-02-24,0,0.0,1.0,0.16666666666666666
TXN_9250024,0,0,1,0,0,0,0,0,0,0,1,2023-03-21,0,0.25,0.0,0.041666666666666664
TXN_1353266,0,0,0,0,0,0,1,0,0,0,1,2023-08-30,1,0.0,0.75,0.125
TXN_3950331,0,0,0,0,0,0,0,1,0,0,1,2023-03-02,1,1.0,0.125,0.2708333333333333
TXN_3766657,0,0,0,0,0,0,1,0,0,1,0,2023-08-16,1,1.0,0.75,0.7916666666666666
TXN_6034596,0,0,0,0,1,0,0,0,0,1,0,2023-04-07,1,0.0,1.0,0.16666666666666666
TXN_7233393,0,0,0,1,0,0,0,0,0,1,0,2023-11-22,0,1.0,0.5,0.5833333333333333
TXN_8273645,0,0,0,1,0,0,0,0,1,0,0,2023-11-02,1,0.25,0.5,0.20833333333333331
TXN_2474286,0,0,0,1,0,0,0,0,0,0,1,2023-12-09,0,0.25,0.5,0.20833333333333331
TXN_5145016,0,0,0,0,0,1,0,0,1,0,0,2023-08-02,1,0.0,0.75,0.125
TXN_6700141,0,0,0,0,0,1,0,0,1,0,0,2023-04-12,1,0.0,0.75,0.125
TXN_4006771,0,0,1,0,0,0,0,0,0,1,0,2023-02-06,0,0.5,0.0,0.08333333333333333
TXN_4406290,0,1,0,0,0,0,0,0,0,0,1,2023-07-02,0,1.0,0.25,0.375
TXN_2714524,0,0,0,0,0,1,0,0,1,0,0,2023-01-02,1,0.75,0.75,0.625
TXN_3585097,0,1,0,0,0,0,0,0,0,0,1,2023-05-31,1,0.5,0.25,0.20833333333333331
TXN_5432582,0,0,0,1,0,0,0,0,0,1,0,2023-08-30,0,0.5,0.5,0.3333333333333333
TXN_5367923,0,0,0,0,0,1,0,0,0,1,0,2023-04-19,1,0.75,0.75,0.625
TXN_4030519,0,0,0,0,0,0,1,0,0,0,1,2023-01-22,1,0.25,0.75,0.29166666666666663
TXN_8716594,0,0,0,0,1,0,0,0,0,1,0,2023-08-26,1,0.75,1.0,0.7916666666666666
TXN_5159483,0,0,0,1,0,0,0,0,0,0,1,2023-05-24,0,0.25,0.5,0.20833333333333331
TXN_6347482,0,0,0,0,0,0,0,1,0,0,1,2023-07-10,0,0.25,0.125,0.08333333333333333
TXN_4688236,0,1,0,0,0,0,0,0,1,0,0,2023-07-05,0,0.75,0.25,0.29166666666666663
TXN_7021722,0,0,0,0,0,0,0,1,0,0,1,2023-07-27,1,0.5,0.125,0.14583333333333331
TXN_1466002,0,0,0,1,0,0,0,0,1,0,0,2023-11-23,1,0.5,0.5,0.3333333333333333
TXN_4878020,1,0,0,0,0,0,0,0,0,0,1,2023-03-17,0,0.5,0.5,0.3333333333333333
TXN_3158921,0,0,0,0,0,1,0,0,0,0,1,2023-04-16,0,0.0,0.75,0.125
TXN_8555334,0,1,0,0,0,0,0,0,1,0,0,2023-06-16,0,0.0,0.25,0.041666666666666664
TXN_9749790,0,0,0,0,0,0,0,1,1,0,0,2023-10-17,1,0.5,0.125,0.14583333333333331
TXN_7476268,0,0,0,1,0,0,0,0,0,1,0,2023-06-07,0,0.25,0.5,0.20833333333333331
TXN_2741928,1,0,0,0,0,0,0,0,0,0,1,2023-10-06,0,0.0,0.5,0.08333333333333333
TXN_8477945,0,0,1,0,0,0,0,0,0,1,0,2023-07-19,0,0.75,0.0,0.125
TXN_2838958,0,1,0,0,0,0,0,0,1,0,0,2023-03-10,1,0.0,0.25,0.041666666666666664
TXN_4937411,0,0,0,1,0,0,0,0,0,1,0,2023-08-21,1,0.0,0.5,0.08333333333333333
TXN_1293509,0,0,0,1,0,0,0,0,1,0,0,2023-03-04,0,0.5,0.5,0.3333333333333333
TXN_1124655,0,0,0,0,1,0,0,0,1,0,0,2023-10-23,0,0.5,1.0,0.5833333333333333
TXN_1367723,0,1,0,0,0,0,0,0,1,0,0,2023-10-25,0,0.5,0.25,0.20833333333333331
TXN_1710476,0,0,0,1,0,0,0,0,0,0,1,2023-05-22,1,0.75,0.5,0.4583333333333333
TXN_2248497,0,0,0,0,1,0,0,0,1,0,0,2023-03-07,1,0.25,1.0,0.375
TXN_9403754,1,0,0,0,0,0,0,0,0,1,0,2023-06-19,1,1.0,0.5,0.5833333333333333
TXN_2457189,0,0,0,0,0,1,0,0,0,0,1,2023-08-28,1,0.5,0.75,0.4583333333333333
TXN_2495788,0,0,1,0,0,0,0,0,0,1,0,2023-12-16,1,0.25,0.0,0.041666666666666664
TXN_7528294,0,0,0,1,0,0,0,0,0,0,1,2023-09-27,1,0.5,0.5,0.3333333333333333
TXN_2844982,0,0,1,0,0,0,0,0,0,0,1,2023-03-04,1,0.0,0.0,0.0
TXN_9345439,0,1,0,0,0,0,0,0,1,0,0,2023-08-07,1,0.25,0.25,0.125
TXN_4558455,0,0,0,0,1,0,0,0,0,1,0,2023-08-10,0,0.5,1.0,0.5833333333333333
TXN_6347567,0,0,0,1,0,0,0,0,1,0,0,2023-03-31,0,1.0,0.5,0.5833333333333333
TXN_9710430,0,0,0,0,0,1,0,0,0,1,0,2023-01-10,1,0.5,0.75,0.4583333333333333
TXN_8859035,1,0,0,0,0,0,0,0,0,0,1,2023-01-19,1,0.5,0.5,0.3333333333333333
TXN_7131251,0,0,0,0,0,0,0,1,0,1,0,2023-06-28,0,0.25,0.125,0.08333333333333333
TXN_9577339,1,0,0,0,0,0,0,0,0,0,1,2023-03-10,1,0.25,0.5,0.20833333333333331
TXN_9206049,0,0,1,0,0,0,0,0,0,1,0,2023-09-17,0,0.0,0.0,0.0
TXN_8748070,0,0,1,0,0,0,0,0,0,1,0,2023-07-31,0,0.25,0.0,0.041666666666666664
TXN_1079241,0,0,0,1,0,0,0,0,0,0,1,2023-07-16,1,0.5,0.5,0.3333333333333333
TXN_8250845,0,0,1,0,0,0,0,0,1,0,0,2023-12-09,0,0.0,0.0,0.0
TXN_7878520,0,0,0,0,0,1,0,0,0,0,1,2023-08-29,1,0.5,0.75,0.4583333333333333
TXN_8990101,0,0,0,0,0,0,1,0,1,0,0,2023-11-25,0,1.0,0.75,0.7916666666666666
TXN_8789137,0,0,0,0,0,1,0,0,0,1,0,2023-09-25,1,0.0,0.75,0.125
TXN_1236779,0,0,0,1,0,0,0,0,0,1,0,2023-12-29,0,0.5,0.5,0.3333333333333333
TXN_6846861,0,0,0,0,0,0,1,0,0,0,1,2023-11-26,0,0.75,0.75,0.625
TXN_7682621,0,0,0,0,0,1,0,0,1,0,0,2023-11-07,1,0.75,0.75,0.625
TXN_2770536,0,0,0,0,0,0,1,0,1,0,0,2023-11-03,0,0.25,0.75,0.29166666666666663
TXN_3291900,0,0,0,0,0,0,1,0,1,0,0,2023-05-04,1,0.75,0.75,0.625
TXN_1390917,0,0,0,0,0,1,0,0,0,1,0,2023-01-16,0,0.0,0.75,0.125
TXN_5406411,0,0,0,0,0,0,1,0,0,1,0,2023-04-14,0,1.0,0.75,0.7916666666666666
TXN_4628338,0,1,0,0,0,0,0,0,1,0,0,2023-12-25,0,0.25,0.25,0.041666666666666664
TXN_4532280,0,1,0,0,0,0,0,0,0,1,0,2023-01-10,1,1.0,0.25,0.375
TXN_2879543,0,0,0,1,0,0,0,0,0,0,1,2023-03-30,1,1.0,0.5,0.5833333333333333
TXN_7334418,0,0,1,0,0,0,0,0,0,0,1,2023-03-24,0,0.25,0.0,0.041666666666666664
TXN_7927109,0,0,0,0,0,0,0,1,1,0,0,2023-04-18,0,0.0,0.125,0.020833333333333332
TXN_9352814,0,0,0,0,0,0,0,1,1,0,0,2023-09-10,0,0.75,0.125,0.20833333333333331
TXN_8872984,0,0,0,0,1,0,0,0,0,1,0,2023-08-23,0,1.0,1.0,1.0
TXN_8305586,0,1,0,0,0,0,0,0,1,0,0,2023-01-06,1,0.75,0.25,0.29166666666666663
TXN_6501091,0,0,0,1,0,0,0,0,0,0,1,2023-05-07,1,0.25,0.5,0.20833333333333331
TXN_8197935,0,0,0,0,0,1,0,0,1,0,0,2023-03-28,0,1.0,0.75,0.7916666666666666
TXN_8349096,0,0,1,0,0,0,0,0,0,0,1,2023-12-12,0,1.0,0.0,0.16666666666666666
TXN_1721366,0,0,0,0,0,0,1,0,0,0,1,2023-04-09,0,1.0,0.75,0.7916666666666666
TXN_3924170,0,0,0,0,0,0,0,1,0,1,0,2023-08-07,0,0.5,0.125,0.14583333333333331
TXN_6206421,0,0,0,0,0,1,0,0,1,0,0,2023-04-06,0,0.25,0.75,0.29166666666666663
TXN_3740465,0,0,1,0,0,0,0,0,0,0,1,2023-03-08,1,0.75,0.0,0.125
TXN_5227798,0,0,0,0,1,0,0,0,1,0,0,2023-09-02,1,0.75,1.0,0.7916666666666666
TXN_9374286,0,1,0,0,0,0,0,0,1,0,0,2023-08-07,0,1.0,0.25,0.375
TXN_6577619,0,0,0,0,1,0,0,0,0,1,0,2023-07-22,0,0.5,1.0,0.5833333333333333
TXN_5154112,1,0,0,0,0,0,0,0,0,1,0,2023-02-21,1,0.5,0.5,0.3333333333333333
TXN_5209716,0,0,1,0,0,0,0,0,1,0,0,2023-10-06,1,1.0,0.0,0.16666666666666666
TXN_6412590,0,0,0,0,1,0,0,0,0,0,1,2023-06-12,1,0.0,1.0,0.16666666666666666
TXN_1577802,0,0,0,1,0,0,0,0,0,1,0,2023-11-29,0,0.25,0.5,0.20833333333333331
TXN_3202346,0,0,0,0,1,0,0,0,1,0,0,2023-11-19,0,0.25,1.0,0.375
TXN_2141924,0,0,0,0,1,0,0,0,1,0,0,2023-11-27,0,1.0,1.0,1.0
TXN_6775972,0,1,0,0,0,0,0,0,0,1,0,2023-09-15,1,0.5,0.25,0.20833333333333331
TXN_8799599,0,1,0,0,0,0,0,0,0,1,0,2023-09-10,0,0.0,0.25,0.041666666666666664
TXN_2866735,0,0,1,0,0,0,0,0,1,0,0,2023-03-13,1,0.75,0.0,0.125
TXN_2199500,0,0,0,0,0,0,1,0,0,1,0,2023-04-04,0,0.0,0.75,0.125
TXN_3402368,0,0,0,0,0,0,0,1,0,0,1,2023-02-01,0,0.25,0.125,0.08333333333333333
TXN_8279269,0,0,0,0,0,0,1,0,0,0,1,2023-06-14,1,0.75,0.75,0.625
TXN_2829951,0,0,0,0,0,0,1,0,0,1,0,2023-06-28,1,0.75,0.75,0.625
TXN_6748374,0,0,0,0,1,0,0,0,0,1,0,2023-07-24,1,0.0,1.0,0.16666666666666666
TXN_5056971,0,0,0,0,0,0,0,1,1,0,0,2023-08-22,1,0.75,0.125,0.20833333333333331
TXN_8675052,0,0,1,0,0,0,0,0,0,1,0,2023-11-23,0,0.5,0.0,0.08333333333333333
TXN_6481150,0,0,0,0,1,0,0,0,0,0,1,2023-03-30,0,0.75,1.0,0.7916666666666666
TXN_2371827,0,0,1,0,0,0,0,0,1,0,0,2023-04-03,0,1.0,0.0,0.16666666666666666
TXN_3677109,1,0,0,0,0,0,0,0,0,0,1,2023-12-02,0,1.0,0.5,0.5833333333333333
TXN_5457767,1,0,0,0,0,0,0,0,1,0,0,2023-08-14,0,0.5,0.5,0.3333333333333333
TXN_1704642,1,0,0,0,0,0,0,0,0,0,1,2023-06-02,0,1.0,0.5,0.5833333333333333
TXN_3661311,0,0,0,1,0,0,0,0,0,0,1,2023-04-30,1,0.25,0.5,0.20833333333333331
TXN_5520841,1,0,0,0,0,0,0,0,0,0,1,2023-09-04,1,0.0,0.5,0.08333333333333333
TXN_6443522,0,0,0,0,0,0,1,0,0,0,1,2023-06-22,0,0.75,0.75,0.625
TXN_4907008,0,1,0,0,0,0,0,0,0,1,0,2023-10-30,0,0.5,0.25,0.20833333333333331
TXN_9833793,0,0,1,0,0,0,0,0,0,0,1,2023-12-01,1,0.0,0.0,0.0
TXN_6297375,0,1,0,0,0,0,0,0,1,0,0,2023-07-16,1,1.0,0.25,0.3333333333333333
TXN_1641000,0,0,0,0,0,1,0,0,1,0,0,2023-08-19,1,0.25,0.75,0.29166666666666663
TXN_8588174,0,0,0,0,1,0,0,0,0,0,1,2023-02-07,0,0.5,1.0,0.5833333333333333
TXN_1228888,0,0,1,0,0,0,0,0,0,1,0,2023-10-05,0,0.0,0.0,0.0
TXN_2917349,0,0,0,0,0,0,0,1,0,0,1,2023-01-15,0,0.75,0.125,0.20833333333333331
TXN_8099578,0,1,0,0,0,0,0,0,1,0,0,2023-03-02,1,0.5,0.25,0.20833333333333331
TXN_9949241,0,0,0,0,1,0,0,0,1,0,0,2023-07-26,0,0.0,1.0,0.16666666666666666
TXN_5662517,0,0,0,0,0,0,0,1,0,1,0,2023-01-05,1,0.25,0.125,0.08333333333333333
TXN_3221795,0,0,0,0,0,1,0,0,1,0,0,2023-10-01,0,1.0,0.75,0.7916666666666666
TXN_8432624,0,0,0,1,0,0,0,0,1,0,0,2023-06-24,1,0.5,0.5,0.3333333333333333
TXN_1883231,0,0,0,1,0,0,0,0,0,1,0,2023-10-21,0,1.0,0.5,0.5833333333333333
TXN_2490699,0,1,0,0,0,0,0,0,1,0,0,2023-10-05,0,0.0,0.25,0.041666666666666664
TXN_1898102,1,0,0,0,0,0,0,0,0,1,0,2023-10-17,1,0.75,0.5,0.4583333333333333
TXN_9614646,0,1,0,0,0,0,0,0,0,1,0,2023-03-18,0,0.5,0.25,0.20833333333333331
TXN_6142529,0,0,0,0,0,0,0,1,0,1,0,2023-07-21,0,1.0,0.125,0.2708333333333333
TXN_9279935,0,1,0,0,0,0,0,0,0,0,1,2023-06-02,0,0.25,0.25,0.125
TXN_3233211,0,0,0,0,0,0,0,1,1,0,0,2023-06-07,1,0.25,0.125,0.08333333333333333
TXN_1607650,0,0,1,0,0,0,0,0,0,0,1,2023-04-27,0,0.25,0.0,0.041666666666666664
TXN_1873852,0,0,0,1,0,0,0,0,0,0,1,2023-07-07,1,0.5,0.5,0.3333333333333333
TXN_2501656,1,0,0,0,0,0,0,0,0,0,1,2023-07-02,1,1.0,0.5,0.5833333333333333
TXN_6125085,0,0,0,1,0,0,0,0,0,0,1,2023-05-24,1,0.5,0.5,0.3333333333333333
TXN_8917809,0,0,0,0,1,0,0,0,1,0,0,2023-07-29,0,1.0,1.0,1.0
TXN_8850815,0,0,0,0,0,0,1,0,1,0,0,2023-07-23,0,1.0,0.75,0.7916666666666666
TXN_6959065,0,1,0,0,0,0,0,0,0,0,1,2023-05-05,1,1.0,0.25,0.375
TXN_4784154,0,0,0,0,0,0,0,1,0,1,0,2023-09-06,0,1.0,0.125,0.2708333333333333
TXN_1893337,1,0,0,0,0,0,0,0,0,0,1,2023-05-16,1,0.25,0.5,0.20833333333333331
TXN_4865947,0,0,0,0,0,0,0,1,1,0,0,2023-12-29,1,0.25,0.125,0.08333333333333333
TXN_5468350,0,0,0,0,1,0,0,0,0,1,0,2023-11-01,0,0.75,1.0,0.7916666666666666
TXN_6907555,0,0,0,0,0,0,0,1,0,1,0,2023-09-21,1,0.25,0.125,0.08333333333333333
TXN_2437751,0,0,0,0,0,1,0,0,0,1,0,2023-03-18,0,0.0,0.75,0.125
TXN_8285283,0,0,0,1,0,0,0,0,0,0,1,2023-09-21,0,1.0,0.5,0.5833333333333333
TXN_4795208,0,0,0,0,0,1,0,0,0,0,1,2023-05-03,1,0.25,0.75,0.29166666666666663
TXN_5426405,0,0,0,0,0,0,0,1,0,1,0,2023-11-26,0,1.0,0.125,0.2708333333333333
TXN_6794035,0,0,0,0,0,1,0,0,0,0,1,2023-11-04,1,0.0,0.75,0.125
TXN_6265760,1,0,0,0,0,0,0,0,0,1,0,2023-06-21,1,0.0,0.5,0.08333333333333333
TXN_9905396,0,0,0,0,1,0,0,0,1,0,0,2023-08-20,0,0.0,1.0,0.16666666666666666
TXN_1955127,0,0,0,1,0,0,0,0,0,0,1,2023-02-18,0,1.0,0.5,0.5833333333333333
TXN_1296879,1,0,0,0,0,0,0,0,1,0,0,2023-11-17,1,0.0,0.5,0.08333333333333333
TXN_8882176,0,0,1,0,0,0,0,0,1,0,0,2023-03-28,1,0.75,0.0,0.125
TXN_7052672,0,0,0,1,0,0,0,0,0,0,1,2023-06-29,0,0.0,0.5,0.08333333333333333
TXN_3492861,0,0,1,0,0,0,0,0,1,0,0,2023-11-09,0,1.0,0.0,0.16666666666666666
TXN_3655322,0,0,0,1,0,0,0,0,0,0,1,2023-10-03,1,0.5,0.5,0.3333333333333333
TXN_7584389,0,1,0,0,0,0,0,0,1,0,0,2023-03-09,1,0.75,0.25,0.29166666666666663
TXN_5734319,0,1,0,0,0,0,0,0,1,0,0,2023-06-01,1,1.0,0.25,0.375
TXN_2535662,0,0,0,1,0,0,0,0,1,0,0,2023-05-01,0,0.0,0.5,0.08333333333333333
TXN_8436360,0,0,0,1,0,0,0,0,1,0,0,2023-12-16,0,0.25,0.5,0.20833333333333331
TXN_1370465,0,0,1,0,0,0,0,0,0,0,1,2023-03-25,1,0.75,0.0,0.125
TXN_7343660,0,0,0,0,1,0,0,0,0,1,0,2023-08-06,0,1.0,1.0,1.0
TXN_7777602,0,0,0,0,1,0,0,0,1,0,0,2023-04-26,1,0.0,1.0,0.16666666666666666
TXN_3430805,0,0,0,1,0,0,0,0,0,1,0,2023-11-12,1,0.75,0.5,0.4583333333333333
TXN_3886176,0,0,1,0,0,0,0,0,1,0,0,2023-07-27,1,0.75,0.0,0.125
TXN_8219472,0,0,1,0,0,0,0,0,0,1,0,2023-11-09,0,0.75,0.0,0.125
TXN_7171303,0,0,0,0,0,1,0,0,1,0,0,2023-04-30,0,0.0,0.75,0.125
TXN_2330694,0,0,0,0,1,0,0,0,1,0,0,2023-05-31,0,0.5,1.0,0.5833333333333333
TXN_4476076,0,0,0,0,0,0,1,0,0,0,1,2023-03-26,1,0.25,0.75,0.29166666666666663
TXN_4183749,1,0,0,0,0,0,0,0,0,1,0,2023-01-25,1,0.75,0.5,0.4583333333333333
TXN_8132145,0,0,0,0,0,0,0,1,0,0,1,2023-08-04,1,0.0,0.125,0.020833333333333332
TXN_9286960,0,0,1,0,0,0,0,0,1,0,0,2023-12-26,0,0.5,0.0,0.08333333333333333
TXN_6901619,0,0,0,0,0,0,0,1,0,0,1,2023-10-16,0,0.25,0.125,0.08333333333333333
TXN_6699343,0,0,0,1,0,0,0,0,1,0,0,2023-10-31,1,0.5,0.5,0.3333333333333333
TXN_4461853,1,0,0,0,0,0,0,0,0,1,0,2023-07-19,0,1.0,0.5,0.5833333333333333
TXN_2184573,0,0,0,0,0,0,0,1,0,0,1,2023-04-26,1,0.75,0.125,0.20833333333333331
TXN_4779439,0,0,0,1,0,0,0,0,0,1,0,2023-08-23,0,0.75,0.5,0.4583333333333333
TXN_1789504,0,0,0,0,1,0,0,0,0,1,0,2023-06-12,1,0.0,1.0,0.16666666666666666
TXN_6337189,1,0,0,0,0,0,0,0,0,1,0,2023-04-11,1,0.0,0.5,0.08333333333333333
TXN_6071905,1,0,0,0,0,0,0,0,1,0,0,2023-11-06,0,0.0,0.5,0.08333333333333333
TXN_7847913,0,0,0,0,0,0,1,0,0,0,1,2023-05-17,0,0.5,0.75,0.4583333333333333
TXN_1792405,0,0,0,0,0,0,0,1,0,0,1,2023-07-06,1,0.5,0.125,0.14583333333333331
TXN_6101067,0,0,0,0,0,0,1,0,0,1,0,2023-09-05,1,0.0,0.75,0.125
TXN_2260070,0,0,0,0,1,0,0,0,1,0,0,2023-10-06,0,0.0,1.0,0.16666666666666666
TXN_5641209,0,0,0,0,1,0,0,0,1,0,0,2023-12-03,1,0.5,1.0,0.5833333333333333
TXN_3994585,1,0,0,0,0,0,0,0,0,0,1,2023-07-24,0,0.5,0.5,0.3333333333333333
TXN_5202752,0,0,0,0,0,0,1,0,0,1,0,2023-05-08,1,1.0,0.75,0.7916666666666666
TXN_8714850,0,0,0,1,0,0,0,0,1,0,0,2023-04-30,0,1.0,0.5,0.5833333333333333
TXN_3504925,0,0,0,0,0,0,1,0,1,0,0,2023-09-21,1,1.0,0.75,0.7916666666666666
TXN_4919285,0,1,0,0,0,0,0,0,1,0,0,2023-10-15,1,0.75,0.25,0.29166666666666663
TXN_4876398,0,0,0,0,1,0,0,0,1,0,0,2023-04-21,0,0.25,1.0,0.375
TXN_5456362,0,0,0,0,0,0,1,0,0,1,0,2023-07-06,0,0.75,0.75,0.625
TXN_4377249,0,1,0,0,0,0,0,0,0,0,1,2023-07-26,0,0.5,0.25,0.20833333333333331
TXN_6566716,0,1,0,0,0,0,0,0,0,1,0,2023-01-01,0,0.0,0.25,0.041666666666666664
TXN_1571824,0,0,1,0,0,0,0,0,1,0,0,2023-10-16,1,0.75,0.0,0.125
TXN_3920273,0,0,0,0,0,0,1,0,0,0,1,2023-09-05,0,0.75,0.75,0.625
TXN_8222593,0,0,0,0,0,1,0,0,0,1,0,2023-05-11,1,0.75,0.75,0.625
TXN_5054719,0,0,0,0,0,1,0,0,0,1,0,2023-04-17,0,0.25,0.75,0.29166666666666663
TXN_2242015,0,0,0,0,0,0,0,1,1,0,0,2023-08-26,0,0.25,0.125,0.08333333333333333
TXN_5208377,0,0,0,0,0,0,0,1,0,0,1,2023-03-06,1,0.25,0.125,0.08333333333333333
TXN_1322520,0,0,0,0,1,0,0,0,1,0,0,2023-07-12,0,1.0,1.0,1.0
TXN_7268387,0,0,0,1,0,0,0,0,0,1,0,2023-04-09,1,0.5,0.5,0.3333333333333333
TXN_6268823,0,0,0,0,0,0,1,0,0,0,1,2023-04-18,1,0.25,0.75,0.29166666666666663
TXN_5578828,0,0,1,0,0,0,0,0,1,0,0,2023-05-12,0,0.75,0.0,0.125
TXN_5727550,0,1,0,0,0,0,0,0,0,0,1,2023-10-11,1,0.5,0.25,0.20833333333333331
TXN_9597063,0,1,0,0,0,0,0,0,0,0,1,2023-07-20,0,0.25,0.25,0.125
TXN_6867132,1,0,0,0,0,0,0,0,1,0,0,2023-02-01,0,0.25,0.5,0.20833333333333331
TXN_1971865,1,0,0,0,0,0,0,0,0,0,1,2023-04-11,1,0.0,0.5,0.08333333333333333
TXN_6067546,0,0,0,0,0,0,0,1,0,0,1,2023-08-25,1,1.0,0.125,0.2708333333333333
TXN_3699636,0,0,0,0,1,0,0,0,0,0,1,2023-01-12,0,0.5,1.0,0.5833333333333333
TXN_6724588,0,0,0,1,0,0,0,0,0,0,1,2023-10-16,0,0.25,0.5,0.20833333333333331
TXN_2929426,0,0,0,0,1,0,0,0,1,0,0,2023-01-29,1,1.0,1.0,1.0
TXN_9669749,0,0,0,0,1,0,0,0,0,1,0,2023-03-26,0,0.75,1.0,0.7916666666666666
TXN_9105374,0,0,0,1,0,0,0,0,0,0,1,2023-01-25,0,0.75,0.5,0.4583333333333333
TXN_6553641,0,0,0,0,1,0,0,0,1,0,0,2023-01-16,0,0.0,1.0,0.16666666666666666
TXN_3346749,0,0,0,0,0,0,0,1,0,0,1,2023-05-06,1,0.25,0.125,0.08333333333333333
TXN_5594043,1,0,0,0,0,0,0,0,1,0,0,2023-06-22,0,0.75,0.5,0.4583333333333333
TXN_1170807,0,0,0,0,0,0,1,0,0,1,0,2023-09-15,0,1.0,0.75,0.7916666666666666
TXN_2882571,1,0,0,0,0,0,0,0,0,1,0,2023-05-24,0,0.0,0.5,0.08333333333333333
TXN_6640488,0,0,0,0,0,0,0,1,0,1,0,2023-04-01,1,0.5,0.125,0.14583333333333331
TXN_7621512,0,0,0,0,1,0,0,0,0,0,1,2023-07-24,0,0.75,1.0,0.7916666666666666
TXN_9529846,0,0,0,0,0,0,1,0,0,1,0,2023-09-23,1,1.0,0.75,0.7916666666666666
TXN_3338458,1,0,0,0,0,0,0,0,1,0,0,2023-10-27,1,1.0,0.5,0.5833333333333333
TXN_3104867,0,0,0,1,0,0,0,0,0,0,1,2023-03-28,1,0.5,0.5,0.3333333333333333
TXN_9286019,0,0,0,0,0,0,1,0,1,0,0,2023-05-28,1,0.75,0.75,0.625
TXN_1923263,0,0,0,0,0,1,0,0,0,0,1,2023-03-12,0,0.75,0.75,0.625
TXN_3172621,0,0,0,0,0,1,0,0,0,1,0,2023-10-15,1,0.75,0.75,0.625
TXN_5830991,0,0,1,0,0,0,0,0,1,0,0,2023-11-07,1,0.75,0.0,0.125
TXN_8719561,1,0,0,0,0,0,0,0,0,0,1,2023-09-13,0,0.5,0.5,0.3333333333333333
TXN_7396497,0,0,0,0,0,1,0,0,0,1,0,2023-02-10,0,1.0,0.75,0.7916666666666666
TXN_7629728,0,1,0,0,0,0,0,0,0,0,1,2023-12-15,0,0.75,0.25,0.29166666666666663
TXN_2831842,1,0,0,0,0,0,0,0,1,0,0,2023-05-20,1,0.25,0.5,0.20833333333333331
TXN_8903958,0,0,0,1,0,0,0,0,0,0,1,2023-11-12,1,0.25,0.5,0.20833333333333331
TXN_8951525,0,0,0,1,0,0,0,0,0,0,1,2023-06-08,0,0.5,0.5,0.3333333333333333
TXN_7511261,0,0,0,1,0,0,0,0,0,1,0,2023-03-26,0,0.5,0.5,0.3333333333333333
TXN_3896128,1,0,0,0,0,0,0,0,0,0,1,2023-01-04,0,0.0,0.5,0.08333333333333333
TXN_6554101,0,0,0,0,0,0,1,0,1,0,0,2023-02-15,1,0.5,0.75,0.4583333333333333
TXN_3500571,0,0,0,1,0,0,0,0,0,0,1,2023-05-03,1,0.5,0.5,0.3333333333333333
TXN_6761273,0,0,0,1,0,0,0,0,0,0,1,2023-10-13,0,1.0,0.5,0.5833333333333333
TXN_6076602,0,0,0,0,0,0,0,1,0,1,0,2023-02-07,0,0.75,0.125,0.20833333333333331
TXN_9196658,0,0,1,0,0,0,0,0,0,1,0,2023-06-12,1,0.0,0.0,0.0
TXN_7330330,0,0,1,0,0,0,0,0,0,1,0,2023-10-16,0,0.25,0.0,0.041666666666666664
TXN_8953489,0,0,0,1,0,0,0,0,0,0,1,2023-10-14,0,1.0,0.5,0.5833333333333333
TXN_2340643,0,0,0,0,1,0,0,0,1,0,0,2023-01-05,0,1.0,1.0,1.0
TXN_4397349,0,0,0,0,0,1,0,0,1,0,0,2023-06-08,1,0.25,0.75,0.29166666666666663
TXN_1072984,0,0,0,0,0,0,0,1,0,0,1,2023-01-11,0,0.75,0.125,0.20833333333333331
TXN_3238759,0,0,0,0,0,1,0,0,0,0,1,2023-07-20,0,1.0,0.75,0.7916666666666666
TXN_9802771,0,0,0,0,0,0,1,0,0,0,1,2023-02-11,0,0.25,0.75,0.29166666666666663
TXN_3858607,0,0,0,0,1,0,0,0,0,0,1,2023-12-02,0,1.0,1.0,1.0
TXN_3585602,0,0,0,1,0,0,0,0,1,0,0,2023-04-17,0,0.25,0.5,0.20833333333333331
TXN_8096618,0,1,0,0,0,0,0,0,0,0,1,2023-02-20,0,0.75,0.25,0.29166666666666663
TXN_8363711,0,0,0,0,0,0,1,0,1,0,0,2023-05-21,0,0.25,0.75,0.29166666666666663
TXN_2639283,0,0,0,1,0,0,0,0,0,0,1,2023-08-13,1,1.0,0.5,0.5833333333333333
TXN_1505837,0,0,0,0,0,1,0,0,0,1,0,2023-12-15,0,0.5,0.75,0.4583333333333333
TXN_2566299,0,0,0,1,0,0,0,0,1,0,0,2023-08-20,1,0.25,0.5,0.20833333333333331
TXN_7292790,0,0,1,0,0,0,0,0,1,0,0,2023-06-13,0,0.75,0.0,0.125
TXN_7631496,0,0,1,0,0,0,0,0,0,0,1,2023-11-05,0,0.5,0.0,0.08333333333333333
TXN_6251282,0,0,0,1,0,0,0,0,1,0,0,2023-11-15,1,0.75,0.5,0.4583333333333333
TXN_6266750,0,0,0,0,0,1,0,0,1,0,0,2023-04-21,0,0.0,0.75,0.125
TXN_6770844,0,0,0,1,0,0,0,0,0,0,1,2023-05-08,0,0.0,0.5,0.08333333333333333
TXN_4152460,0,0,0,0,0,1,0,0,1,0,0,2023-05-01,1,0.5,0.75,0.4583333333333333
TXN_4699911,0,1,0,0,0,0,0,0,0,0,1,2023-07-21,1,0.25,0.25,0.125
TXN_3472433,0,1,0,0,0,0,0,0,0,1,0,2023-10-29,1,0.75,0.25,0.29166666666666663
TXN_7179827,0,0,0,1,0,0,0,0,0,1,0,2023-06-28,0,0.75,0.5,0.4583333333333333
TXN_7568112,0,0,0,0,1,0,0,0,1,0,0,2023-06-29,0,1.0,1.0,1.0
TXN_9800351,0,0,0,0,0,0,0,1,1,0,0,2023-06-16,0,0.5,0.125,0.14583333333333331
TXN_4216821,0,0,0,0,0,0,0,1,1,0,0,2023-07-02,1,0.25,0.125,0.08333333333333333
TXN_6378070,0,0,0,0,0,0,1,0,0,0,1,2023-09-26,1,0.5,0.75,0.4583333333333333
TXN_2889185,0,0,0,0,0,1,0,0,1,0,0,2023-10-21,1,0.25,0.75,0.29166666666666663
TXN_5188872,1,0,0,0,0,0,0,0,1,0,0,2023-07-21,0,0.5,0.5,0.3333333333333333
TXN_9927220,0,0,0,1,0,0,0,0,1,0,0,2023-09-14,1,1.0,0.5,0.5833333333333333
TXN_5118799,0,0,1,0,0,0,0,0,1,0,0,2023-04-23,1,0.25,0.0,0.041666666666666664
TXN_2110490,0,0,0,0,1,0,0,0,1,0,0,2023-08-29,0,0.0,1.0,0.16666666666666666
TXN_7187578,0,0,0,0,1,0,0,0,0,0,1,2023-11-20,0,1.0,1.0,1.0
TXN_4914203,0,1,0,0,0,0,0,0,0,1,0,2023-12-02,0,0.0,0.25,0.041666666666666664
TXN_6046363,0,0,0,0,0,0,1,0,0,0,1,2023-03-20,1,1.0,0.75,0.7916666666666666
TXN_2920578,0,0,0,0,0,0,1,0,1,0,0,2023-09-06,1,0.75,0.75,0.625
TXN_7117210,0,0,0,1,0,0,0,0,0,0,1,2023-09-25,0,0.75,0.5,0.4583333333333333
TXN_5823330,0,0,0,0,1,0,0,0,0,0,1,2023-10-19,0,0.5,1.0,0.5833333333333333
TXN_8155540,0,0,0,0,1,0,0,0,0,1,0,2023-03-19,1,1.0,1.0,1.0
TXN_2418609,0,0,0,0,0,1,0,0,0,0,1,2023-09-06,0,0.25,0.75,0.29166666666666663
TXN_8570149,0,0,0,0,0,0,0,1,0,1,0,2023-06-03,0,0.0,0.125,0.020833333333333332
TXN_4382802,0,0,0,0,0,1,0,0,0,0,1,2023-07-17,1,0.0,0.75,0.125
TXN_9970964,0,0,0,0,0,0,1,0,0,1,0,2023-07-07,1,0.25,0.75,0.29166666666666663
TXN_5946779,0,0,0,0,0,1,0,0,1,0,0,2023-05-25,0,0.0,0.75,0.125
TXN_2253622,0,0,0,0,0,1,0,0,0,0,1,2023-09-30,1,1.0,0.75,0.7916666666666666
TXN_8982328,0,0,0,1,0,0,0,0,0,1,0,2023-10-20,0,0.0,0.5,0.08333333333333333
TXN_9969706,1,0,0,0,0,0,0,0,0,0,1,2023-03-17,0,1.0,0.5,0.5833333333333333
TXN_1915046,0,0,0,0,0,1,0,0,0,1,0,2023-04-12,1,1.0,0.75,0.7916666666666666
TXN_4624019,0,0,1,0,0,0,0,0,1,0,0,2023-02-12,0,0.0,0.0,0.0
TXN_1773856,1,0,0,0,0,0,0,0,0,0,1,2023-08-11,1,0.25,0.5,0.20833333333333331
TXN_6667083,1,0,0,0,0,0,0,0,1,0,0,2023-03-19,1,0.0,0.5,0.08333333333333333
TXN_8639879,0,0,0,0,1,0,0,0,0,1,0,2023-03-09,1,0.25,1.0,0.375
TXN_5144090,0,1,0,0,0,0,0,0,0,0,1,2023-05-15,1,1.0,0.25,0.375
TXN_1322421,0,0,0,1,0,0,0,0,0,1,0,2023-03-05,1,0.75,0.5,0.4583333333333333
TXN_4474441,0,1,0,0,0,0,0,0,0,1,0,2023-08-23,0,0.75,0.25,0.29166666666666663
TXN_6598343,0,0,0,1,0,0,0,0,0,1,0,2023-07-10,0,0.75,0.5,0.4583333333333333
TXN_1297663,0,0,0,0,0,0,1,0,0,1,0,2023-09-12,0,1.0,0.75,0.7916666666666666
TXN_4972634,0,0,0,0,0,1,0,0,0,1,0,2023-07-22,0,1.0,0.75,0.7916666666666666
TXN_7362776,0,0,1,0,0,0,0,0,0,1,0,2023-01-26,0,1.0,0.0,0.16666666666666666
TXN_8159772,1,0,0,0,0,0,0,0,0,1,0,2023-10-02,0,0.0,0.5,0.08333333333333333
TXN_7137800,0,0,0,0,0,0,0,1,0,1,0,2023-02-22,1,0.0,0.125,0.020833333333333332
TXN_4360970,0,0,0,0,0,0,0,1,0,0,1,2023-06-28,1,0.5,0.125,0.14583333333333331
TXN_6529863,0,0,0,0,1,0,0,0,0,1,0,2023-08-16,1,0.5,1.0,0.5833333333333333
TXN_3886583,0,0,0,0,0,0,0,1,0,0,1,2023-05-03,0,0.5,0.125,0.14583333333333331
TXN_9315004,0,0,0,0,0,1,0,0,0,0,1,2023-12-21,0,1.0,0.75,0.7916666666666666
TXN_1624458,0,0,0,0,0,0,0,1,0,0,1,2023-03-26,0,0.75,0.125,0.20833333333333331
TXN_4039864,1,0,0,0,0,0,0,0,1,0,0,2023-07-24,0,0.25,0.5,0.20833333333333331
TXN_8901988,0,0,0,0,0,0,0,1,0,0,1,2023-01-21,0,1.0,0.125,0.2708333333333333
TXN_8103754,0,0,0,0,1,0,0,0,1,0,0,2023-01-29,1,1.0,1.0,1.0
TXN_6318017,0,0,0,0,0,0,0,1,1,0,0,2023-06-23,0,0.5,0.125,0.14583333333333331
TXN_9608271,0,1,0,0,0,0,0,0,1,0,0,2023-10-24,1,0.25,0.25,0.125
TXN_4583009,0,0,0,0,1,0,0,0,0,1,0,2023-01-08,0,1.0,1.0,1.0
TXN_2536821,0,0,0,0,1,0,0,0,1,0,0,2023-12-01,1,1.0,1.0,1.0
TXN_5820621,0,0,1,0,0,0,0,0,1,0,0,2023-12-01,0,1.0,0.0,0.16666666666666666
TXN_2878994,0,0,0,0,0,1,0,0,1,0,0,2023-05-19,0,0.0,0.75,0.125
TXN_8014973,0,0,0,0,1,0,0,0,0,0,1,2023-08-09,0,0.5,1.0,0.5833333333333333
TXN_6492477,0,1,0,0,0,0,0,0,0,0,1,2023-02-03,0,1.0,0.25,0.375
TXN_8549600,0,1,0,0,0,0,0,0,0,0,1,2023-11-19,1,0.5,0.25,0.20833333333333331
TXN_4496616,0,0,0,0,1,0,0,0,0,1,0,2023-10-07,1,1.0,1.0,1.0
TXN_3190538,0,1,0,0,0,0,0,0,0,0,1,2023-06-03,1,0.25,0.25,0.125
TXN_8863649,0,0,1,0,0,0,0,0,0,1,0,2023-03-05,0,0.0,0.0,0.0
TXN_8078312,0,0,1,0,0,0,0,0,0,1,0,2023-09-24,0,0.0,0.0,0.0
TXN_6306644,0,0,0,1,0,0,0,0,0,0,1,2023-06-15,1,0.25,0.5,0.20833333333333331
TXN_9836829,0,0,1,0,0,0,0,0,1,0,0,2023-10-15,1,1.0,0.0,0.16666666666666666
TXN_8942829,0,0,0,0,1,0,0,0,1,0,0,2023-03-11,0,1.0,1.0,1.0
TXN_1604072,0,1,0,0,0,0,0,0,0,0,1,2023-01-01,0,0.25,0.25,0.125
TXN_3673322,0,0,0,0,1,0,0,0,0,1,0,2023-04-24,1,0.25,1.0,0.375
TXN_1830432,0,0,1,0,0,0,0,0,0,0,1,2023-11-02,1,0.5,0.0,0.08333333333333333
TXN_4314504,1,0,0,0,0,0,0,0,1,0,0,2023-06-01,0,0.0,0.5,0.08333333333333333
TXN_2880516,0,0,0,0,0,0,0,1,1,0,0,2023-03-26,0,0.0,0.125,0.020833333333333332
TXN_4649079,0,0,1,0,0,0,0,0,1,0,0,2023-07-26,1,0.75,0.0,0.125
TXN_6383336,1,0,0,0,0,0,0,0,1,0,0,2023-01-21,1,0.25,0.5,0.20833333333333331
TXN_7605163,0,0,0,0,1,0,0,0,0,0,1,2023-08-15,1,0.0,1.0,0.16666666666666666
TXN_2294603,0,0,0,0,0,0,0,1,0,1,0,2023-09-02,1,0.0,0.125,0.020833333333333332
TXN_7097760,0,1,0,0,0,0,0,0,0,0,1,2023-10-24,0,0.5,0.25,0.20833333333333331
TXN_1998357,1,0,0,0,0,0,0,0,0,0,1,2023-08-10,1,0.25,0.5,0.20833333333333331
TXN_1220061,0,0,0,0,0,1,0,0,0,0,1,2023-09-03,0,0.5,0.75,0.4583333333333333
TXN_9944500,0,0,0,0,0,0,1,0,1,0,0,2023-01-03,0,0.25,0.75,0.625
TXN_1329167,0,0,0,0,0,0,0,1,0,1,0,2023-01-14,1,1.0,0.125,0.2708333333333333
TXN_3463337,0,0,0,1,0,0,0,0,0,1,0,2023-09-20,0,1.0,0.5,0.5833333333333333
TXN_8016623,0,0,0,0,0,0,0,1,1,0,0,2023-05-09,1,0.25,0.125,0.08333333333333333
TXN_9525078,0,0,0,0,1,0,0,0,0,0,1,2023-07-23,1,1.0,1.0,1.0
TXN_2841233,0,0,1,0,0,0,0,0,1,0,0,2023-12-01,1,0.0,0.0,0.0
TXN_1458905,0,0,0,0,0,1,0,0,0,0,1,2023-02-19,1,0.0,0.75,0.125
TXN_3977520,0,1,0,0,0,0,0,0,0,0,1,2023-08-08,1,1.0,0.25,0.375
TXN_3330279,1,0,0,0,0,0,0,0,0,1,0,2023-11-13,0,0.0,0.5,0.08333333333333333
TXN_6234882,0,0,1,0,0,0,0,0,0,1,0,2023-01-01,1,0.75,0.0,0.125
TXN_9970653,0,0,0,0,0,0,1,0,0,0,1,2023-12-30,1,1.0,0.75,0.7916666666666666
TXN_4185160,0,1,0,0,0,0,0,0,0,1,0,2023-05-04,0,0.25,0.25,0.125
TXN_6093955,0,0,0,0,0,0,0,1,0,0,1,2023-01-01,1,1.0,0.125,0.29166666666666663
TXN_2074343,0,0,0,0,0,0,1,0,0,0,1,2023-05-30,0,0.5,0.75,0.4583333333333333
TXN_7994903,0,0,0,0,0,0,1,0,0,1,0,2023-01-09,0,0.75,0.75,0.625
TXN_3109161,0,0,0,0,0,1,0,0,0,0,1,2023-09-11,1,0.5,0.75,0.4583333333333333
TXN_2185727,0,0,0,0,1,0,0,0,0,0,1,2023-10-08,0,0.75,1.0,0.7916666666666666
TXN_8971366,0,0,0,1,0,0,0,0,0,0,1,2023-08-24,0,0.25,0.5,0.20833333333333331
TXN_3669866,0,0,0,0,0,0,0,1,0,0,1,2023-05-10,0,0.5,0.125,0.14583333333333331
TXN_9395223,0,0,1,0,0,0,0,0,0,1,0,2023-12-29,0,0.75,0.0,0.125
TXN_7963892,0,0,0,0,1,0,0,0,0,0,1,2023-08-15,1,0.0,1.0,0.16666666666666666
TXN_6325639,0,0,0,1,0,0,0,0,0,1,0,2023-07-19,0,0.5,0.5,0.3333333333333333
TXN_3856510,0,0,0,0,0,0,1,0,1,0,0,2023-10-21,1,1.0,0.75,0.7916666666666666
TXN_4779192,0,0,1,0,0,0,0,0,0,0,1,2023-11-06,1,1.0,0.0,0.16666666666666666
TXN_4163126,0,0,0,0,0,1,0,0,0,0,1,2023-11-15,1,0.5,0.75,0.4583333333333333
TXN_5808719,0,0,0,1,0,0,0,0,1,0,0,2023-10-01,0,0.0,0.5,0.08333333333333333
TXN_2817210,1,0,0,0,0,0,0,0,0,1,0,2023-11-10,0,0.75,0.5,0.4583333333333333
TXN_1985396,0,0,0,0,0,1,0,0,1,0,0,2023-01-23,0,0.5,0.75,0.4583333333333333
TXN_7625340,0,0,1,0,0,0,0,0,0,1,0,2023-01-20,0,0.25,0.0,0.041666666666666664
TXN_1533652,0,0,0,0,0,0,0,1,1,0,0,2023-08-17,0,0.5,0.125,0.14583333333333331
TXN_6345619,1,0,0,0,0,0,0,0,0,0,1,2023-12-09,1,1.0,0.5,0.5833333333333333
TXN_3218971,0,0,0,0,0,1,0,0,0,1,0,2023-06-13,1,1.0,0.75,0.7916666666666666
TXN_8127681,0,0,0,0,0,0,1,0,0,1,0,2023-09-02,1,0.0,0.75,0.125
TXN_7328604,0,0,0,0,1,0,0,0,0,1,0,2023-02-25,0,0.25,1.0,0.375
TXN_4574757,0,0,0,1,0,0,0,0,0,0,1,2023-08-05,0,0.25,0.5,0.20833333333333331
TXN_9505924,1,0,0,0,0,0,0,0,1,0,0,2023-03-17,1,0.75,0.5,0.4583333333333333
TXN_9482559,0,0,1,0,0,0,0,0,0,1,0,2023-08-04,0,0.0,0.0,0.0
TXN_7705153,0,0,0,0,0,0,0,1,0,0,1,2023-01-25,0,0.0,0.125,0.020833333333333332
TXN_7037557,0,0,0,0,1,0,0,0,1,0,0,2023-05-02,0,0.75,1.0,0.7916666666666666
TXN_9517548,0,1,0,0,0,0,0,0,1,0,0,2023-01-25,1,0.5,0.25,0.20833333333333331
TXN_4467046,0,0,0,0,1,0,0,0,0,0,1,2023-09-27,1,0.75,1.0,0.7916666666666666
TXN_5074212,0,0,0,1,0,0,0,0,0,0,1,2023-05-14,0,1.0,0.5,0.5833333333333333
TXN_8167530,1,0,0,0,0,0,0,0,1,0,0,2023-03-08,0,0.5,0.5,0.3333333333333333
TXN_2158361,1,0,0,0,0,0,0,0,1,0,0,2023-07-27,1,0.25,0.5,0.20833333333333331
TXN_5492822,0,1,0,0,0,0,0,0,0,0,1,2023-12-16,1,0.75,0.25,0.29166666666666663
TXN_8538125,1,0,0,0,0,0,0,0,0,0,1,2023-05-30,0,1.0,0.5,0.5833333333333333
TXN_1091115,0,0,0,0,0,1,0,0,1,0,0,2023-11-04,1,1.0,0.75,0.7916666666666666
TXN_5350286,0,0,0,0,0,1,0,0,0,1,0,2023-02-18,0,1.0,0.75,0.7916666666666666
TXN_1534223,1,0,0,0,0,0,0,0,0,1,0,2023-01-30,1,0.5,0.5,0.3333333333333333
TXN_6403951,0,0,0,0,0,0,0,1,0,1,0,2023-07-13,1,0.5,0.125,0.14583333333333331
TXN_7961171,0,0,0,1,0,0,0,0,1,0,0,2023-01-27,0,0.5,0.5,0.3333333333333333
TXN_6312039,1,0,0,0,0,0,0,0,0,0,1,2023-09-29,0,1.0,0.5,0.5833333333333333
TXN_6177334,0,0,0,1,0,0,0,0,0,1,0,2023-02-15,0,0.0,0.5,0.08333333333333333
TXN_7466297,0,0,1,0,0,0,0,0,0,0,1,2023-07-13,0,0.0,0.0,0.0
TXN_2693278,0,0,0,0,0,0,0,1,0,1,0,2023-11-26,0,0.5,0.125,0.14583333333333331
TXN_3561149,0,0,0,1,0,0,0,0,0,0,1,2023-05-20,1,0.75,0.5,0.4583333333333333
TXN_2227825,0,0,0,0,0,1,0,0,0,1,0,2023-06-05,0,1.0,0.75,0.7916666666666666
TXN_9965686,1,0,0,0,0,0,0,0,0,1,0,2023-10-02,1,0.75,0.5,0.4583333333333333
TXN_5303413,0,1,0,0,0,0,0,0,0,0,1,2023-06-21,0,0.0,0.25,0.041666666666666664
TXN_5328814,0,0,0,0,0,0,0,1,1,0,0,2023-10-18,0,0.5,0.125,0.14583333333333331
TXN_9658354,0,0,0,0,0,0,0,1,0,1,0,2023-11-12,0,0.5,0.125,0.14583333333333331
TXN_8538315,0,1,0,0,0,0,0,0,0,0,1,2023-07-27,1,0.0,0.25,0.041666666666666664
TXN_2334962,0,0,0,1,0,0,0,0,0,1,0,2023-01-31,1,1.0,0.5,0.5833333333333333
TXN_9321776,1,0,0,0,0,0,0,0,1,0,0,2023-04-23,0,0.0,0.5,0.08333333333333333
TXN_2574545,0,1,0,0,0,0,0,0,1,0,0,2023-12-27,0,0.25,0.25,0.125
TXN_7625537,0,0,0,1,0,0,0,0,1,0,0,2023-12-09,1,0.5,0.5,0.3333333333333333
TXN_8722491,0,0,0,0,0,0,1,0,1,0,0,2023-04-24,1,0.75,0.75,0.625
TXN_4129569,0,0,1,0,0,0,0,0,0,0,1,2023-08-27,1,0.75,0.0,0.125
TXN_6018020,0,0,1,0,0,0,0,0,0,1,0,2023-01-12,1,0.25,0.0,0.041666666666666664
TXN_3305132,1,0,0,0,0,0,0,0,0,1,0,2023-01-30,1,0.75,0.5,0.4583333333333333
TXN_7951885,0,0,0,0,1,0,0,0,0,1,0,2023-12-08,0,0.5,1.0,0.5833333333333333
TXN_9090875,1,0,0,0,0,0,0,0,0,0,1,2023-04-19,0,0.25,0.5,0.20833333333333331
TXN_9175684,0,0,0,0,0,0,0,1,0,0,1,2023-09-16,1,0.5,0.125,0.14583333333333331
TXN_1640649,0,0,1,0,0,0,0,0,0,1,0,2023-12-05,0,0.75,0.0,0.125
TXN_9845746,1,0,0,0,0,0,0,0,0,0,1,2023-09-23,0,0.0,0.5,0.08333333333333333
TXN_1547704,0,1,0,0,0,0,0,0,1,0,0,2023-02-14,0,1.0,0.25,0.375
TXN_3422774,0,0,0,0,0,0,1,0,0,0,1,2023-07-09,0,0.25,0.75,0.29166666666666663
TXN_8477415,0,0,0,0,1,0,0,0,0,1,0,2023-05-01,0,0.25,1.0,0.375
TXN_1039367,0,0,0,0,0,1,0,0,1,0,0,2023-03-12,1,0.5,0.75,0.4583333333333333
TXN_5433982,0,0,0,0,1,0,0,0,0,0,1,2023-07-07,1,1.0,1.0,1.0
TXN_4469550,0,0,0,1,0,0,0,0,0,1,0,2023-05-10,0,0.5,0.5,0.3333333333333333
TXN_2838588,0,1,0,0,0,0,0,0,0,1,0,2023-01-28,0,0.25,0.25,0.125
TXN_6135727,0,0,0,1,0,0,0,0,0,0,1,2023-12-15,1,0.75,0.5,0.4583333333333333
TXN_3660227,0,0,0,1,0,0,0,0,0,1,0,2023-05-13,1,0.75,0.5,0.4583333333333333
TXN_5640232,0,0,0,0,0,1,0,0,0,0,1,2023-04-08,1,0.75,0.75,0.625
TXN_4064310,0,0,0,0,0,0,0,1,1,0,0,2023-07-24,1,0.75,0.125,0.20833333333333331
TXN_7418562,0,0,0,0,0,1,0,0,0,1,0,2023-01-15,0,0.75,0.75,0.625
TXN_2978326,0,0,0,0,0,0,1,0,1,0,0,2023-12-02,0,0.5,0.75,0.4583333333333333
TXN_9616828,0,1,0,0,0,0,0,0,0,0,1,2023-12-20,1,0.25,0.25,0.125
TXN_1522122,0,0,1,0,0,0,0,0,0,1,0,2023-02-14,0,1.0,0.0,0.16666666666666666
TXN_2360229,0,0,0,0,0,1,0,0,0,0,1,2023-06-18,1,0.0,0.75,0.125
TXN_7840510,1,0,0,0,0,0,0,0,0,0,1,2023-08-07,1,0.75,0.5,0.4583333333333333
TXN_5285666,0,1,0,0,0,0,0,0,1,0,0,2023-03-20,1,1.0,0.25,0.375
TXN_5029453,0,0,0,0,0,1,0,0,0,0,1,2023-06-24,0,0.25,0.75,0.29166666666666663
TXN_6117421,1,0,0,0,0,0,0,0,1,0,0,2023-05-04,1,0.25,0.5,0.20833333333333331
TXN_8759461,0,0,0,0,0,0,0,1,1,0,0,2023-01-31,0,0.25,0.125,0.08333333333333333
TXN_2962728,0,0,0,0,1,0,0,0,0,1,0,2023-12-05,0,0.75,1.0,0.7916666666666666
TXN_6527482,0,0,0,1,0,0,0,0,1,0,0,2023-08-27,1,0.0,0.5,0.08333333333333333
TXN_4256200,0,0,0,0,0,0,0,1,0,0,1,2023-06-29,1,1.0,0.125,0.2708333333333333
TXN_6276679,0,0,1,0,0,0,0,0,0,0,1,2023-11-08,1,0.5,0.0,0.08333333333333333
TXN_2507188,0,1,0,0,0,0,0,0,0,1,0,2023-02-04,0,0.0,0.25,0.041666666666666664
TXN_9386165,0,0,0,0,0,1,0,0,0,0,1,2023-06-01,0,0.25,0.75,0.29166666666666663
TXN_6064232,0,0,0,0,0,0,0,1,0,1,0,2023-04-09,1,0.25,0.125,0.08333333333333333
TXN_3604017,1,0,0,0,0,0,0,0,0,0,1,2023-09-21,0,0.75,0.5,0.4583333333333333
TXN_3486548,0,0,0,0,0,0,0,1,0,0,1,2023-07-08,0,0.0,0.125,0.020833333333333332
TXN_1465584,0,0,0,0,0,1,0,0,0,1,0,2023-04-29,0,0.0,0.75,0.125
TXN_9285925,1,0,0,0,0,0,0,0,1,0,0,2023-06-20,0,1.0,0.5,0.5833333333333333
TXN_7662502,1,0,0,0,0,0,0,0,1,0,0,2023-03-06,0,0.0,0.5,0.08333333333333333
TXN_3212505,0,0,0,0,0,1,0,0,0,1,0,2023-07-15,0,0.5,0.75,0.4583333333333333
TXN_7331903,0,0,0,0,1,0,0,0,1,0,0,2023-05-23,1,0.0,1.0,0.16666666666666666
TXN_2311188,1,0,0,0,0,0,0,0,0,0,1,2023-09-07,0,0.25,0.5,0.20833333333333331
TXN_6344806,0,0,0,1,0,0,0,0,0,1,0,2023-05-08,0,0.5,0.5,0.3333333333333333
TXN_4891221,0,0,1,0,0,0,0,0,1,0,0,2023-12-09,1,1.0,0.0,0.16666666666666666
TXN_1316036,1,0,0,0,0,0,0,0,1,0,0,2023-10-27,1,0.25,0.5,0.20833333333333331
TXN_7419274,0,0,0,1,0,0,0,0,1,0,0,2023-12-18,1,0.25,0.5,0.20833333333333331
TXN_2178059,0,0,0,0,0,1,0,0,0,1,0,2023-03-24,0,0.75,0.75,0.625
TXN_2205071,0,1,0,0,0,0,0,0,0,1,0,2023-11-23,0,1.0,0.25,0.375
TXN_5790078,0,0,0,1,0,0,0,0,0,0,1,2023-04-16,1,0.75,0.5,0.4583333333333333
TXN_4119210,0,0,0,0,0,0,0,1,1,0,0,2023-05-02,0,0.5,0.125,0.14583333333333331
TXN_2349072,0,0,0,0,0,0,1,0,1,0,0,2023-09-06,1,1.0,0.75,0.7916666666666666
TXN_3670103,0,0,0,0,0,0,0,1,0,0,1,2023-04-30,0,0.25,0.125,0.08333333333333333
TXN_1933628,1,0,0,0,0,0,0,0,1,0,0,2023-08-27,0,0.25,0.5,0.20833333333333331
TXN_6444911,0,0,0,1,0,0,0,0,0,1,0,2023-02-11,0,1.0,0.5,0.5833333333333333
TXN_4186842,0,0,0,1,0,0,0,0,1,0,0,2023-10-29,1,1.0,0.5,0.5833333333333333
TXN_2194305,0,0,0,0,0,1,0,0,0,1,0,2023-09-16,1,0.25,0.75,0.29166666666666663
TXN_2002049,0,1,0,0,0,0,0,0,1,0,0,2023-03-17,1,1.0,0.25,0.375
TXN_4837447,1,0,0,0,0,0,0,0,0,0,1,2023-11-06,1,0.25,0.5,0.20833333333333331
TXN_5517185,0,0,0,0,0,0,1,0,0,0,1,2023-11-05,1,0.5,0.75,0.4583333333333333
TXN_9658905,0,0,0,0,0,0,0,1,1,0,0,2023-05-16,1,1.0,0.125,0.2708333333333333
TXN_3373997,0,0,0,0,1,0,0,0,1,0,0,2023-02-01,1,0.75,1.0,0.7916666666666666
TXN_1950343,0,0,1,0,0,0,0,0,0,0,1,2023-07-25,1,0.25,0.0,0.041666666666666664
TXN_4477016,0,0,0,0,0,1,0,0,1,0,0,2023-04-12,0,0.75,0.75,0.625
TXN_2644403,0,0,0,0,0,0,0,1,0,1,0,2023-12-22,1,0.75,0.125,0.20833333333333331
TXN_7006741,0,0,0,0,0,1,0,0,0,0,1,2023-12-30,0,0.25,0.75,0.29166666666666663
TXN_7246698,0,0,0,0,0,1,0,0,0,0,1,2023-06-22,0,0.5,0.75,0.4583333333333333
TXN_8063016,0,0,1,0,0,0,0,0,1,0,0,2023-02-27,0,0.0,0.0,0.0
TXN_9215670,0,1,0,0,0,0,0,0,1,0,0,2023-05-04,1,0.5,0.25,0.20833333333333331
TXN_6780463,0,0,0,0,0,0,0,1,1,0,0,2023-10-26,0,0.5,0.125,0.14583333333333331
TXN_5975573,0,0,1,0,0,0,0,0,0,0,1,2023-01-20,1,0.0,0.0,0.0
TXN_5560669,0,0,0,0,1,0,0,0,0,1,0,2023-06-30,1,1.0,1.0,1.0
TXN_4046095,0,0,0,1,0,0,0,0,0,0,1,2023-10-12,1,0.25,0.5,0.20833333333333331
TXN_6559598,0,0,0,1,0,0,0,0,0,0,1,2023-05-08,1,0.0,0.5,0.08333333333333333
TXN_9707159,1,0,0,0,0,0,0,0,0,1,0,2023-11-10,0,1.0,0.5,0.5833333333333333
TXN_9983518,0,0,0,0,0,0,0,1,0,1,0,2023-07-18,0,0.25,0.125,0.08333333333333333
TXN_1714348,0,0,0,0,0,1,0,0,1,0,0,2023-12-31,1,0.25,0.75,0.29166666666666663
TXN_8211288,0,0,0,0,0,0,1,0,1,0,0,2023-04-23,0,0.0,0.75,0.125
TXN_7035067,0,0,0,0,1,0,0,0,1,0,0,2023-09-29,1,0.25,1.0,0.375
TXN_6335423,0,1,0,0,0,0,0,0,0,1,0,2023-06-18,0,0.25,0.25,0.125
TXN_9475783,0,0,0,0,0,1,0,0,0,1,0,2023-02-11,1,1.0,0.75,0.7916666666666666
TXN_4108869,0,0,0,0,0,0,1,0,0,0,1,2023-05-02,0,1.0,0.75,0.7916666666666666
TXN_6011341,0,0,0,1,0,0,0,0,0,1,0,2023-12-21,0,0.75,0.5,0.4583333333333333
TXN_5257531,0,0,0,0,0,0,0,1,0,0,1,2023-04-10,1,0.25,0.125,0.08333333333333333
TXN_1645743,0,0,1,0,0,0,0,0,0,0,1,2023-07-02,1,0.75,0.0,0.125
TXN_8167311,0,0,0,0,1,0,0,0,1,0,0,2023-10-09,1,0.0,1.0,0.16666666666666666
TXN_2377667,0,0,0,0,0,0,1,0,0,0,1,2023-10-27,1,0.5,0.75,0.4583333333333333
TXN_9554670,0,0,0,1,0,0,0,0,0,1,0,2023-06-20,0,0.75,0.5,0.4583333333333333
TXN_3312574,0,0,1,0,0,0,0,0,0,0,1,2023-11-03,1,0.25,0.0,0.041666666666666664
TXN_9208629,1,0,0,0,0,0,0,0,0,0,1,2023-03-30,1,0.0,0.5,0.08333333333333333
TXN_6846085,0,0,1,0,0,0,0,0,0,0,1,2023-02-26,0,0.75,0.0,0.125
TXN_5430200,0,0,0,0,0,1,0,0,0,1,0,2023-11-12,1,0.5,0.75,0.4583333333333333
TXN_5135172,0,0,0,0,1,0,0,0,0,0,1,2023-12-10,0,0.75,1.0,0.7916666666666666
TXN_2282416,0,0,0,0,0,0,0,1,0,0,1,2023-04-29,1,0.75,0.125,0.20833333333333331
TXN_6716151,0,0,0,0,0,1,0,0,0,0,1,2023-01-26,1,0.5,0.75,0.4583333333333333
TXN_5303258,0,0,0,0,0,1,0,0,0,0,1,2023-09-28,0,0.75,0.75,0.625
TXN_2947683,1,0,0,0,0,0,0,0,0,0,1,2023-05-14,0,0.5,0.5,0.3333333333333333
TXN_8831659,0,0,0,0,0,1,0,0,0,1,0,2023-01-29,0,0.0,0.75,0.125
TXN_8980495,0,0,0,0,0,0,1,0,0,1,0,2023-11-17,1,0.75,0.75,0.625
TXN_9129298,0,1,0,0,0,0,0,0,0,1,0,2023-12-19,0,0.0,0.25,0.041666666666666664
TXN_2188342,0,1,0,0,0,0,0,0,1,0,0,2023-09-10,0,0.5,0.25,0.20833333333333331
TXN_3843943,0,0,0,0,0,0,0,1,1,0,0,2023-07-01,1,1.0,0.125,0.2708333333333333
TXN_4989644,0,0,0,1,0,0,0,0,0,0,1,2023-11-13,1,1.0,0.5,0.5833333333333333
TXN_9456357,1,0,0,0,0,0,0,0,0,1,0,2023-02-21,0,0.5,0.5,0.3333333333333333
TXN_9549021,0,0,0,0,1,0,0,0,0,0,1,2023-11-25,0,0.25,1.0,0.375
TXN_9263030,0,0,0,0,0,1,0,0,1,0,0,2023-07-03,1,1.0,0.75,0.7916666666666666
TXN_9732454,0,0,0,0,0,0,1,0,0,1,0,2023-07-28,0,1.0,0.75,0.7916666666666666
TXN_4129476,0,1,0,0,0,0,0,0,1,0,0,2023-10-24,1,0.25,0.25,0.125
TXN_7060691,0,0,0,0,1,0,0,0,0,1,0,2023-10-25,0,1.0,1.0,1.0
TXN_8048357,0,0,0,0,1,0,0,0,1,0,0,2023-05-29,0,0.75,1.0,0.7916666666666666
TXN_5528787,0,0,0,1,0,0,0,0,0,0,1,2023-10-22,1,0.25,0.5,0.20833333333333331
TXN_8952145,1,0,0,0,0,0,0,0,0,1,0,2023-01-28,1,0.5,0.5,0.3333333333333333
TXN_8062811,0,1,0,0,0,0,0,0,1,0,0,2023-04-07,1,0.25,0.25,0.125
TXN_9710982,0,0,0,0,0,1,0,0,0,0,1,2023-03-03,0,0.75,0.75,0.625
TXN_2020445,0,0,0,0,0,0,1,0,1,0,0,2023-03-06,0,0.25,0.75,0.29166666666666663
TXN_7855761,0,0,1,0,0,0,0,0,1,0,0,2023-01-10,0,0.0,0.0,0.0
TXN_9455977,0,0,0,0,0,0,0,1,0,0,1,2023-03-10,1,0.0,0.125,0.020833333333333332
TXN_6684056,0,0,0,0,0,0,1,0,0,1,0,2023-09-14,0,0.25,0.75,0.29166666666666663
TXN_6085326,1,0,0,0,0,0,0,0,1,0,0,2023-08-22,0,0.25,0.5,0.20833333333333331
TXN_4528522,0,1,0,0,0,0,0,0,0,0,1,2023-12-04,1,1.0,0.25,0.375
TXN_7049861,1,0,0,0,0,0,0,0,1,0,0,2023-01-20,0,1.0,0.5,0.5833333333333333
TXN_7312448,0,0,0,0,0,0,0,1,0,0,1,2023-01-16,1,0.0,0.125,0.020833333333333332
TXN_2201857,0,0,0,0,0,0,1,0,0,0,1,2023-02-19,1,0.0,0.75,0.125
TXN_4982382,0,0,0,0,1,0,0,0,1,0,0,2023-01-05,1,0.0,1.0,0.16666666666666666
TXN_9001844,0,0,0,0,0,1,0,0,1,0,0,2023-08-02,1,0.0,0.75,0.125
TXN_9104710,0,0,0,0,1,0,0,0,1,0,0,2023-03-20,1,1.0,1.0,1.0
TXN_8266662,0,1,0,0,0,0,0,0,0,1,0,2023-04-09,0,1.0,0.25,0.375
TXN_9178213,0,1,0,0,0,0,0,0,0,0,1,2023-02-27,1,0.25,0.25,0.125
TXN_7755216,0,0,0,0,1,0,0,0,1,0,0,2023-02-03,0,1.0,1.0,1.0
TXN_2241162,0,0,0,1,0,0,0,0,1,0,0,2023-08-09,0,0.5,0.5,0.3333333333333333
TXN_5757933,0,0,0,0,0,0,0,1,1,0,0,2023-02-20,0,0.0,0.125,0.020833333333333332
TXN_8859144,1,0,0,0,0,0,0,0,0,0,1,2023-01-15,1,0.0,0.5,0.08333333333333333
TXN_8740257,1,0,0,0,0,0,0,0,0,0,1,2023-06-09,0,1.0,0.5,0.5833333333333333
TXN_4271034,0,0,0,0,0,0,1,0,0,0,1,2023-02-28,0,0.5,0.75,0.4583333333333333
TXN_2741424,0,0,0,0,0,0,0,1,0,1,0,2023-05-03,0,0.75,0.125,0.20833333333333331
TXN_4709135,0,0,0,0,0,1,0,0,0,1,0,2023-10-15,1,0.25,0.75,0.29166666666666663
TXN_6676143,0,0,0,0,0,1,0,0,1,0,0,2023-05-21,0,1.0,0.75,0.7916666666666666
TXN_2199647,0,0,0,0,1,0,0,0,1,0,0,2023-05-05,1,0.0,1.0,0.16666666666666666
TXN_3016079,0,0,0,0,0,0,1,0,0,0,1,2023-09-24,1,0.5,0.75,0.4583333333333333
TXN_3140950,0,0,0,1,0,0,0,0,0,1,0,2023-10-14,1,1.0,0.5,0.5833333333333333
TXN_6881662,0,0,0,0,1,0,0,0,0,0,1,2023-07-10,1,0.25,1.0,0.375
TXN_4238818,0,1,0,0,0,0,0,0,0,0,1,2023-04-05,1,0.25,0.25,0.125
TXN_2146829,0,0,0,0,1,0,0,0,1,0,0,2023-12-26,1,0.75,1.0,0.7916666666666666
TXN_8131537,0,0,0,0,0,0,1,0,0,1,0,2023-12-03,1,0.25,0.75,0.29166666666666663
TXN_9812021,0,0,0,0,0,0,0,1,0,1,0,2023-02-12,0,1.0,0.125,0.2708333333333333
TXN_7947711,0,0,0,0,1,0,0,0,0,0,1,2023-12-06,1,0.5,1.0,0.5833333333333333
TXN_6774688,0,0,0,0,1,0,0,0,0,1,0,2023-01-18,0,0.0,1.0,0.16666666666666666
TXN_3949676,0,0,0,1,0,0,0,0,0,1,0,2023-12-21,0,0.75,0.5,0.4583333333333333
TXN_4283693,0,0,0,0,1,0,0,0,1,0,0,2023-01-05,0,0.25,1.0,0.375
TXN_2274945,0,0,0,0,0,1,0,0,1,0,0,2023-03-29,0,0.75,0.75,0.625
TXN_5757196,0,0,0,1,0,0,0,0,0,1,0,2023-11-15,0,1.0,0.5,0.5833333333333333
TXN_6787259,0,0,0,0,0,1,0,0,0,1,0,2023-08-18,0,0.25,0.75,0.29166666666666663
TXN_7062893,0,0,0,0,0,0,1,0,0,0,1,2023-10-15,0,0.25,0.75,0.29166666666666663
TXN_7482834,0,0,0,0,0,1,0,0,0,1,0,2023-05-16,0,1.0,0.75,0.7916666666666666
TXN_8533584,0,0,1,0,0,0,0,0,1,0,0,2023-03-11,1,0.25,0.0,0.041666666666666664
TXN_4311369,0,0,0,0,0,0,1,0,0,0,1,2023-08-18,1,0.25,0.75,0.29166666666666663
TXN_7123353,0,0,1,0,0,0,0,0,0,1,0,2023-02-08,0,0.75,0.0,0.125
TXN_8230414,0,0,0,0,0,1,0,0,1,0,0,2023-11-20,1,0.75,0.75,0.625
TXN_3738314,0,0,0,0,0,1,0,0,0,0,1,2023-08-06,1,0.75,0.75,0.625
TXN_3200434,1,0,0,0,0,0,0,0,0,0,1,2023-02-18,0,0.75,0.5,0.4583333333333333
TXN_7485706,0,0,1,0,0,0,0,0,0,1,0,2023-11-15,1,1.0,0.0,0.16666666666666666
TXN_9908225,0,0,0,0,0,0,1,0,0,1,0,2023-01-04,0,1.0,0.75,0.7916666666666666
TXN_7163533,0,0,0,0,0,0,1,0,0,1,0,2023-08-17,1,0.75,0.75,0.625
TXN_6867995,0,0,1,0,0,0,0,0,0,0,1,2023-10-15,0,0.5,0.0,0.08333333333333333
TXN_9563685,0,0,0,0,1,0,0,0,0,1,0,2023-07-28,1,0.0,1.0,0.16666666666666666
TXN_3345675,0,0,1,0,0,0,0,0,1,0,0,2023-09-23,1,0.75,0.0,0.125
TXN_9890734,0,0,0,0,0,0,1,0,0,1,0,2023-04-17,1,0.75,0.75,0.625
TXN_7697294,0,0,0,0,0,0,1,0,0,1,0,2023-01-17,1,0.5,0.75,0.4583333333333333
TXN_5256055,0,0,0,0,1,0,0,0,0,1,0,2023-02-07,1,1.0,1.0,1.0
TXN_3399674,0,0,0,0,0,0,1,0,0,0,1,2023-12-09,1,1.0,0.75,0.7916666666666666
TXN_6067979,0,0,0,0,0,1,0,0,0,1,0,2023-07-29,0,0.0,0.75,0.125
TXN_4340811,1,0,0,0,0,0,0,0,1,0,0,2023-04-15,0,1.0,0.5,0.5833333333333333
TXN_6515226,0,0,0,1,0,0,0,0,0,0,1,2023-01-05,1,0.0,0.5,0.08333333333333333
TXN_6069730,0,0,0,1,0,0,0,0,1,0,0,2023-02-05,0,0.0,0.5,0.08333333333333333
TXN_2396191,0,0,0,1,0,0,0,0,0,1,0,2023-05-12,1,0.75,0.5,0.4583333333333333
TXN_5223162,0,0,0,1,0,0,0,0,0,0,1,2023-10-29,1,0.5,0.5,0.3333333333333333
TXN_4224401,0,0,0,0,1,0,0,0,0,0,1,2023-12-18,0,0.5,1.0,0.5833333333333333
TXN_9298882,0,0,0,0,0,1,0,0,0,1,0,2023-01-13,1,0.5,0.75,0.4583333333333333
TXN_1048616,0,0,0,0,0,0,0,1,1,0,0,2023-10-10,0,0.0,0.125,0.020833333333333332
TXN_5896141,0,0,0,0,0,0,1,0,1,0,0,2023-03-08,0,1.0,0.75,0.7916666666666666
TXN_8549341,1,0,0,0,0,0,0,0,1,0,0,2023-06-09,1,1.0,0.5,0.5833333333333333
TXN_6929664,0,1,0,0,0,0,0,0,0,1,0,2023-03-05,1,0.0,0.25,0.041666666666666664
TXN_1570632,0,0,0,0,0,1,0,0,0,0,1,2023-02-28,1,1.0,0.75,0.7916666666666666
TXN_4650811,0,0,0,0,0,0,0,1,1,0,0,2023-09-26,1,1.0,0.125,0.2708333333333333
TXN_9858152,0,0,0,0,0,0,1,0,0,0,1,2023-01-28,0,0.25,0.75,0.29166666666666663
TXN_2666773,0,0,0,1,0,0,0,0,0,1,0,2023-06-29,1,0.5,0.5,0.3333333333333333
TXN_1387062,0,0,0,0,0,0,1,0,0,1,0,2023-08-22,0,1.0,0.75,0.7916666666666666
TXN_4060332,0,0,0,0,0,0,1,0,0,1,0,2023-07-10,1,0.5,0.75,0.4583333333333333
TXN_2780349,0,1,0,0,0,0,0,0,1,0,0,2023-11-12,0,1.0,0.25,0.375
TXN_5923474,1,0,0,0,0,0,0,0,1,0,0,2023-02-20,0,0.75,0.5,0.4583333333333333
TXN_2905218,0,0,0,0,0,0,1,0,1,0,0,2023-09-03,0,1.0,0.75,0.7916666666666666
TXN_2041190,0,0,0,1,0,0,0,0,0,0,1,2023-11-04,1,0.0,0.5,0.08333333333333333
TXN_8269366,0,0,0,0,0,1,0,0,0,0,1,2023-10-31,0,0.0,0.75,0.125
TXN_8277583,0,0,1,0,0,0,0,0,0,0,1,2023-08-15,1,1.0,0.0,0.16666666666666666
TXN_3785049,0,0,0,0,0,1,0,0,0,0,1,2023-11-26,0,0.75,0.75,0.625
TXN_8819928,0,1,0,0,0,0,0,0,0,0,1,2023-06-03,1,1.0,0.25,0.375
TXN_2078317,0,0,0,0,0,0,0,1,1,0,0,2023-09-21,0,0.0,0.125,0.020833333333333332
TXN_8657361,0,1,0,0,0,0,0,0,0,0,1,2023-01-24,1,0.75,0.25,0.29166666666666663
TXN_4442954,0,1,0,0,0,0,0,0,1,0,0,2023-12-15,0,0.25,0.25,0.125
TXN_8076449,0,0,0,1,0,0,0,0,1,0,0,2023-10-28,1,0.5,0.5,0.3333333333333333
TXN_1560873,0,0,1,0,0,0,0,0,0,0,1,2023-07-19,1,0.25,0.0,0.041666666666666664
TXN_7057481,0,0,0,0,0,0,1,0,1,0,0,2023-07-11,0,0.5,0.75,0.4583333333333333
TXN_6869767,0,0,0,0,0,0,1,0,0,0,1,2023-06-06,1,0.25,0.75,0.29166666666666663
TXN_3705445,0,0,1,0,0,0,0,0,1,0,0,2023-09-13,0,1.0,0.125,0.16666666666666666
TXN_9714665,0,0,0,0,1,0,0,0,0,0,1,2023-11-11,1,0.0,1.0,0.16666666666666666
TXN_4155770,0,0,0,0,1,0,0,0,0,0,1,2023-09-20,0,1.0,1.0,1.0
TXN_1828494,0,0,0,1,0,0,0,0,0,0,1,2023-07-21,1,0.25,0.5,0.20833333333333331
TXN_5992635,0,1,0,0,0,0,0,0,0,0,1,2023-07-01,1,0.75,0.25,0.29166666666666663
TXN_6011304,1,0,0,0,0,0,0,0,1,0,0,2023-11-20,1,0.75,0.5,0.4583333333333333
TXN_6223157,0,0,0,0,1,0,0,0,0,1,0,2023-09-13,1,0.0,1.0,0.16666666666666666
TXN_8526084,1,0,0,0,0,0,0,0,0,1,0,2023-03-05,1,1.0,0.5,0.5833333333333333
TXN_3509609,0,0,0,0,0,0,1,0,0,0,1,2023-12-25,1,0.5,0.75,0.4583333333333333
TXN_4276442,1,0,0,0,0,0,0,0,0,1,0,2023-01-25,0,0.75,0.5,0.4583333333333333
TXN_4532475,0,1,0,0,0,0,0,0,0,0,1,2023-04-23,1,0.0,0.25,0.041666666666666664
TXN_7956243,1,0,0,0,0,0,0,0,1,0,0,2023-05-23,1,0.75,0.5,0.4583333333333333
TXN_4798335,0,0,0,0,0,1,0,0,0,0,1,2023-02-16,1,1.0,0.75,0.7916666666666666
TXN_9336674,0,0,0,0,1,0,0,0,0,0,1,2023-01-18,0,0.75,1.0,0.7916666666666666
TXN_5257169,0,0,0,1,0,0,0,0,0,1,0,2023-01-12,1,0.75,0.5,0.4583333333333333
TXN_5929633,1,0,0,0,0,0,0,0,1,0,0,2023-02-27,0,0.5,0.5,0.3333333333333333
TXN_9323014,0,0,1,0,0,0,0,0,0,0,1,2023-08-15,0,0.5,0.0,0.08333333333333333
TXN_5764902,0,0,0,0,0,0,0,1,0,0,1,2023-03-22,1,1.0,0.125,0.2708333333333333
TXN_1473693,0,0,0,0,0,0,1,0,0,1,0,2023-05-14,1,0.75,0.75,0.625
TXN_3827851,0,1,0,0,0,0,0,0,0,0,1,2023-01-09,0,0.0,0.25,0.041666666666666664
TXN_9087746,0,1,0,0,0,0,0,0,0,0,1,2023-04-03,0,0.75,0.25,0.29166666666666663
TXN_3709853,0,0,0,0,0,0,1,0,0,1,0,2023-08-21,1,0.25,0.75,0.29166666666666663
TXN_9665245,0,0,1,0,0,0,0,0,0,1,0,2023-10-17,1,0.0,0.0,0.0
TXN_9486849,1,0,0,0,0,0,0,0,1,0,0,2023-03-17,1,0.0,0.5,0.08333333333333333
TXN_7581536,0,0,0,0,0,0,1,0,1,0,0,2023-12-29,0,0.25,0.75,0.29166666666666663
TXN_1408709,0,0,0,0,0,0,1,0,1,0,0,2023-04-14,1,1.0,0.75,0.7916666666666666
TXN_6494850,0,1,0,0,0,0,0,0,1,0,0,2023-07-08,0,0.25,0.25,0.125
TXN_4003040,0,0,1,0,0,0,0,0,0,1,0,2023-09-12,0,0.75,0.0,0.125
TXN_1021087,0,0,0,0,0,1,0,0,0,1,0,2023-11-01,0,0.0,0.75,0.125
TXN_1082717,0,0,0,1,0,0,0,0,0,0,1,2023-12-13,0,0.5,0.25,0.3333333333333333
TXN_2530326,0,0,0,0,0,1,0,0,0,0,1,2023-05-06,0,1.0,0.75,0.7916666666666666
TXN_1309653,0,0,0,0,1,0,0,0,1,0,0,2023-11-29,0,0.25,1.0,0.375
TXN_9781679,0,0,0,0,0,1,0,0,0,1,0,2023-09-08,1,0.25,0.75,0.29166666666666663
TXN_8208915,0,0,0,1,0,0,0,0,1,0,0,2023-05-09,0,0.25,0.5,0.20833333333333331
TXN_5499117,0,0,0,0,1,0,0,0,0,0,1,2023-07-16,1,0.75,1.0,0.7916666666666666
TXN_8566499,0,0,0,0,1,0,0,0,0,0,1,2023-12-27,0,1.0,1.0,1.0
TXN_8510450,0,0,0,1,0,0,0,0,1,0,0,2023-01-04,1,0.75,0.5,0.4583333333333333
TXN_9370771,0,0,0,1,0,0,0,0,1,0,0,2023-08-21,0,1.0,0.5,0.5833333333333333
TXN_5914284,0,1,0,0,0,0,0,0,0,1,0,2023-06-25,1,0.25,0.25,0.125
TXN_9590819,0,1,0,0,0,0,0,0,1,0,0,2023-11-21,0,0.5,0.25,0.20833333333333331
TXN_9878649,0,0,0,0,0,0,1,0,1,0,0,2023-09-18,1,1.0,0.75,0.7916666666666666
TXN_5909816,0,0,0,1,0,0,0,0,1,0,0,2023-09-19,1,1.0,0.5,0.5833333333333333
TXN_9461980,0,0,0,0,1,0,0,0,0,1,0,2023-04-14,0,0.0,1.0,0.16666666666666666
TXN_8090470,0,0,0,0,0,1,0,0,0,0,1,2023-11-18,1,0.75,0.75,0.625
TXN_9041473,0,0,0,0,0,0,1,0,0,0,1,2023-03-08,0,0.25,0.75,0.29166666666666663
TXN_6052534,0,0,0,0,1,0,0,0,1,0,0,2023-02-19,1,0.75,1.0,0.7916666666666666
TXN_1392546,1,0,0,0,0,0,0,0,0,0,1,2023-12-06,0,0.25,0.5,0.20833333333333331
TXN_8128146,1,0,0,0,0,0,0,0,1,0,0,2023-05-16,0,0.25,0.5,0.20833333333333331
TXN_2119325,1,0,0,0,0,0,0,0,0,0,1,2023-11-13,0,1.0,0.5,0.5833333333333333
TXN_9067752,0,0,0,0,0,0,1,0,0,0,1,2023-04-24,1,0.25,0.75,0.29166666666666663
TXN_8211133,0,0,0,0,0,0,0,1,0,1,0,2023-08-31,1,0.25,0.125,0.08333333333333333
TXN_2331025,0,0,1,0,0,0,0,0,1,0,0,2023-04-28,0,0.25,0.0,0.041666666666666664
TXN_3543133,0,0,0,0,0,0,0,1,1,0,0,2023-04-08,1,0.25,0.125,0.08333333333333333
TXN_2640771,0,0,1,0,0,0,0,0,0,0,1,2023-01-27,1,0.25,0.0,0.041666666666666664
TXN_1103883,0,0,1,0,0,0,0,0,0,1,0,2023-08-09,1,1.0,0.0,0.16666666666666666
TXN_8593064,0,0,0,0,0,0,1,0,1,0,0,2023-03-12,1,0.75,0.75,0.625
TXN_1803599,0,0,0,0,0,1,0,0,0,0,1,2023-08-30,1,0.0,0.75,0.125
TXN_2873573,0,1,0,0,0,0,0,0,0,1,0,2023-01-11,0,0.5,0.25,0.20833333333333331
TXN_9223045,0,0,0,0,0,0,0,1,0,1,0,2023-10-29,0,1.0,0.125,0.2708333333333333
TXN_9502424,0,0,0,1,0,0,0,0,1,0,0,2023-09-06,0,0.75,0.5,0.4583333333333333
TXN_8659330,0,0,0,0,0,0,0,1,0,1,0,2023-08-20,1,0.75,0.125,0.20833333333333331
TXN_5615754,0,0,0,0,0,0,1,0,0,0,1,2023-04-16,1,1.0,0.75,0.7916666666666666
TXN_2898571,0,0,0,0,0,0,1,0,0,0,1,2023-05-10,1,0.5,0.75,0.4583333333333333
TXN_1584851,0,0,0,0,0,0,1,0,0,1,0,2023-04-10,1,0.0,0.75,0.125
TXN_9430262,0,1,0,0,0,0,0,0,1,0,0,2023-03-16,0,1.0,0.25,0.375
TXN_9042309,0,1,0,0,0,0,0,0,1,0,0,2023-12-03,1,0.25,0.25,0.125
TXN_4816652,0,0,0,0,0,1,0,0,0,0,1,2023-07-17,1,0.0,0.75,0.125
TXN_8127929,0,0,1,0,0,0,0,0,0,1,0,2023-10-08,1,1.0,0.0,0.16666666666666666
TXN_8567172,0,1,0,0,0,0,0,0,0,1,0,2023-02-05,0,0.5,0.25,0.20833333333333331
TXN_2317867,0,0,0,0,0,0,0,1,1,0,0,2023-01-23,0,1.0,0.125,0.2708333333333333
TXN_4416436,0,1,0,0,0,0,0,0,0,0,1,2023-05-17,1,0.5,0.25,0.20833333333333331
TXN_7467621,0,0,0,0,1,0,0,0,0,1,0,2023-01-28,1,0.75,1.0,0.7916666666666666
TXN_5005999,0,0,0,0,1,0,0,0,1,0,0,2023-01-09,0,0.75,1.0,0.7916666666666666
TXN_8664295,0,0,0,0,0,0,1,0,0,1,0,2023-02-23,0,0.25,0.75,0.29166666666666663
TXN_4831311,0,1,0,0,0,0,0,0,1,0,0,2023-07-15,1,0.25,0.25,0.125
TXN_2528186,0,1,0,0,0,0,0,0,1,0,0,2023-06-17,1,0.25,0.25,0.125
TXN_4971093,0,0,0,0,0,0,1,0,0,0,1,2023-03-27,1,0.75,0.75,0.625
TXN_3602272,0,0,0,0,0,0,1,0,0,0,1,2023-02-15,1,0.5,0.75,0.4583333333333333
TXN_4913329,0,1,0,0,0,0,0,0,0,1,0,2023-10-30,1,1.0,0.25,0.375
TXN_8830809,0,0,0,0,0,1,0,0,0,0,1,2023-07-31,0,1.0,0.75,0.7916666666666666
TXN_7223387,0,0,0,1,0,0,0,0,1,0,0,2023-12-17,1,0.5,0.5,0.3333333333333333
TXN_1629092,0,0,1,0,0,0,0,0,0,1,0,2023-02-13,0,0.5,0.0,0.08333333333333333
TXN_4363360,0,0,0,0,0,0,1,0,0,1,0,2023-12-22,1,0.0,0.75,0.125
TXN_9689507,0,0,0,0,1,0,0,0,1,0,0,2023-06-10,0,0.5,1.0,0.5833333333333333
TXN_3317406,0,0,0,0,0,1,0,0,0,0,1,2023-01-04,1,0.5,0.75,0.4583333333333333
TXN_9662632,0,0,0,0,1,0,0,0,0,0,1,2023-08-10,0,0.75,1.0,0.7916666666666666
TXN_1364211,0,0,0,0,1,0,0,0,0,0,1,2023-03-08,0,0.25,1.0,0.375
TXN_1102876,0,0,1,0,0,0,0,0,1,0,0,2023-08-09,0,0.0,0.0,0.0
TXN_2673294,0,1,0,0,0,0,0,0,1,0,0,2023-11-11,0,0.5,0.25,0.20833333333333331
TXN_2112848,0,0,1,0,0,0,0,0,0,1,0,2023-10-16,0,0.75,0.0,0.125
TXN_1801691,0,0,0,0,1,0,0,0,0,1,0,2023-05-18,1,0.0,1.0,0.16666666666666666
TXN_6424195,0,1,0,0,0,0,0,0,0,0,1,2023-09-14,1,0.5,0.25,0.20833333333333331
TXN_7854162,1,0,0,0,0,0,0,0,0,0,1,2023-12-09,0,1.0,0.5,0.5833333333333333
TXN_6923480,0,1,0,0,0,0,0,0,1,0,0,2023-10-27,1,0.5,0.25,0.20833333333333331
TXN_7416669,0,0,0,0,0,0,0,1,1,0,0,2023-09-28,0,0.5,0.125,0.14583333333333331
TXN_3693990,0,0,1,0,0,0,0,0,0,1,0,2023-07-19,0,0.25,0.0,0.041666666666666664
TXN_8652632,0,0,0,0,0,0,0,1,0,0,1,2023-01-12,1,0.0,0.125,0.020833333333333332
TXN_4141765,1,0,0,0,0,0,0,0,1,0,0,2023-12-17,0,1.0,0.5,0.5833333333333333
TXN_8180793,0,0,1,0,0,0,0,0,0,0,1,2023-11-17,0,0.75,0.0,0.125
TXN_8875195,0,0,0,0,0,1,0,0,0,1,0,2023-08-21,0,1.0,0.75,0.7916666666666666
TXN_9928552,0,0,0,0,0,1,0,0,0,1,0,2023-06-13,1,1.0,0.75,0.7916666666666666
TXN_3456748,0,0,0,1,0,0,0,0,1,0,0,2023-01-30,0,0.25,0.5,0.20833333333333331
TXN_5680687,0,0,0,0,1,0,0,0,0,1,0,2023-11-22,1,0.75,1.0,0.7916666666666666
TXN_9349736,0,0,0,0,0,1,0,0,1,0,0,2023-03-18,0,1.0,0.75,0.7916666666666666
TXN_7558010,0,0,0,1,0,0,0,0,0,1,0,2023-03-27,0,0.75,0.5,0.4583333333333333
TXN_8172897,0,0,1,0,0,0,0,0,1,0,0,2023-03-14,1,0.5,0.0,0.08333333333333333
TXN_8540794,1,0,0,0,0,0,0,0,1,0,0,2023-04-06,1,0.75,0.5,0.4583333333333333
TXN_5966744,0,0,0,0,0,0,0,1,1,0,0,2023-12-13,0,0.5,0.125,0.14583333333333331
TXN_3132921,0,0,0,0,0,0,0,1,0,1,0,2023-01-10,0,1.0,0.125,0.2708333333333333
TXN_7029719,0,0,0,0,1,0,0,0,0,0,1,2023-06-18,1,0.25,1.0,0.375
TXN_3912440,0,0,0,0,0,0,0,1,1,0,0,2023-05-21,0,0.25,0.125,0.08333333333333333
TXN_4276702,0,0,1,0,0,0,0,0,0,1,0,2023-11-17,0,0.0,0.0,0.0
TXN_7657615,0,0,0,1,0,0,0,0,0,1,0,2023-07-17,0,0.5,0.5,0.3333333333333333
TXN_4020074,0,0,1,0,0,0,0,0,0,0,1,2023-03-01,1,0.5,0.0,0.08333333333333333
TXN_8942747,0,0,1,0,0,0,0,0,1,0,0,2023-12-14,1,1.0,0.0,0.16666666666666666
TXN_3902815,0,0,0,1,0,0,0,0,1,0,0,2023-06-28,0,1.0,0.5,0.5833333333333333
TXN_8235042,0,0,0,0,0,0,1,0,0,1,0,2023-01-26,0,0.0,0.75,0.125
TXN_6218380,0,0,1,0,0,0,0,0,1,0,0,2023-02-07,0,0.75,0.0,0.125
TXN_6905143,0,1,0,0,0,0,0,0,1,0,0,2023-08-09,0,1.0,0.25,0.375
TXN_3839691,0,1,0,0,0,0,0,0,0,1,0,2023-02-13,0,0.75,0.25,0.29166666666666663
TXN_4866254,0,0,0,0,1,0,0,0,1,0,0,2023-03-18,1,0.75,1.0,0.7916666666666666
TXN_8935781,0,1,0,0,0,0,0,0,1,0,0,2023-09-10,0,0.25,0.25,0.125
TXN_2559020,1,0,0,0,0,0,0,0,0,0,1,2023-07-20,1,0.0,0.5,0.08333333333333333
TXN_8607376,0,1,0,0,0,0,0,0,1,0,0,2023-06-13,0,1.0,0.25,0.375
TXN_5858713,0,0,1,0,0,0,0,0,0,1,0,2023-03-05,0,0.25,0.0,0.041666666666666664
TXN_7064604,0,1,0,0,0,0,0,0,0,0,1,2023-03-26,1,0.5,0.25,0.20833333333333331
TXN_3312690,0,0,1,0,0,0,0,0,0,1,0,2023-03-01,0,0.5,0.0,0.08333333333333333
TXN_1547555,0,0,0,0,0,0,1,0,0,0,1,2023-02-27,1,0.5,0.75,0.4583333333333333
TXN_8687088,0,0,1,0,0,0,0,0,0,1,0,2023-05-11,0,0.25,0.0,0.041666666666666664
TXN_3440487,0,1,0,0,0,0,0,0,1,0,0,2023-10-22,0,1.0,0.25,0.375
TXN_9618881,0,1,0,0,0,0,0,0,0,1,0,2023-02-15,0,1.0,0.25,0.375
TXN_5139074,1,0,0,0,0,0,0,0,0,0,1,2023-11-16,1,0.0,0.5,0.08333333333333333
TXN_2799785,0,0,0,1,0,0,0,0,1,0,0,2023-01-25,1,0.0,0.5,0.08333333333333333
TXN_4466681,0,1,0,0,0,0,0,0,1,0,0,2023-01-12,1,0.25,0.25,0.125
TXN_9292025,0,0,0,0,1,0,0,0,0,0,1,2023-03-25,0,0.25,1.0,0.375
TXN_8155535,1,0,0,0,0,0,0,0,0,0,1,2023-03-13,1,0.0,0.5,0.08333333333333333
TXN_5301926,1,0,0,0,0,0,0,0,0,0,1,2023-11-13,1,0.0,0.5,0.08333333333333333
TXN_3307518,0,0,0,1,0,0,0,0,1,0,0,2023-12-26,1,1.0,0.5,0.5833333333333333
TXN_2379467,0,1,0,0,0,0,0,0,1,0,0,2023-04-01,0,1.0,0.25,0.375
TXN_1837617,0,0,0,1,0,0,0,0,0,1,0,2023-01-16,1,0.5,0.5,0.3333333333333333
TXN_3454881,0,0,0,0,1,0,0,0,1,0,0,2023-11-29,0,0.0,1.0,0.16666666666666666
TXN_4472969,0,0,0,1,0,0,0,0,0,1,0,2023-09-15,0,0.0,0.5,0.08333333333333333
TXN_1905459,0,0,0,0,0,0,1,0,0,0,1,2023-08-18,1,0.5,0.75,0.4583333333333333
TXN_8799945,0,1,0,0,0,0,0,0,1,0,0,2023-11-24,1,0.25,0.25,0.125
TXN_4361614,0,0,0,0,0,0,1,0,0,0,1,2023-04-28,1,0.25,0.75,0.29166666666666663
TXN_1665056,0,0,0,0,1,0,0,0,1,0,0,2023-01-05,0,1.0,1.0,1.0
TXN_2904046,0,0,0,0,0,0,1,0,0,1,0,2023-12-11,0,0.0,0.75,0.125
TXN_9743274,0,0,0,0,0,0,0,1,0,1,0,2023-01-25,0,1.0,0.125,0.2708333333333333
TXN_5518232,0,0,0,0,1,0,0,0,1,0,0,2023-05-01,1,0.5,1.0,0.5833333333333333
TXN_3770267,1,0,0,0,0,0,0,0,0,0,1,2023-10-21,1,0.25,0.5,0.20833333333333331
TXN_7177709,0,0,0,1,0,0,0,0,0,1,0,2023-03-08,1,1.0,0.5,0.5833333333333333
TXN_6246494,0,1,0,0,0,0,0,0,0,1,0,2023-03-31,0,0.5,0.25,0.20833333333333331
TXN_6540200,0,0,0,0,0,0,0,1,0,0,1,2023-10-23,0,0.25,0.125,0.08333333333333333
TXN_7486118,0,0,0,0,0,1,0,0,0,0,1,2023-05-22,1,0.75,0.75,0.625
TXN_5424614,1,0,0,0,0,0,0,0,0,0,1,2023-11-12,0,0.0,0.5,0.08333333333333333
TXN_6271598,0,0,0,1,0,0,0,0,1,0,0,2023-08-18,0,1.0,0.5,0.5833333333333333
TXN_7562313,1,0,0,0,0,0,0,0,1,0,0,2023-12-15,1,0.25,0.5,0.20833333333333331
TXN_9188774,0,0,0,0,0,0,0,1,0,0,1,2023-04-14,1,0.0,0.125,0.020833333333333332
TXN_9685716,0,0,1,0,0,0,0,0,0,0,1,2023-02-26,1,0.25,0.0,0.041666666666666664
TXN_7493800,1,0,0,0,0,0,0,0,0,1,0,2023-08-16,1,1.0,0.5,0.5833333333333333
TXN_6833564,0,0,0,0,0,0,1,0,0,0,1,2023-04-21,0,1.0,0.75,0.7916666666666666
TXN_9411395,0,1,0,0,0,0,0,0,0,0,1,2023-05-12,1,1.0,0.25,0.375
TXN_8413251,0,0,0,0,0,1,0,0,1,0,0,2023-08-18,1,0.5,0.75,0.4583333333333333
TXN_6990331,0,0,0,1,0,0,0,0,0,0,1,2023-07-30,0,0.0,0.5,0.08333333333333333
TXN_6007721,0,0,0,0,0,0,1,0,1,0,0,2023-08-21,0,0.75,0.75,0.625
TXN_2107161,0,0,1,0,0,0,0,0,0,1,0,2023-02-04,0,0.75,0.0,0.125
TXN_2715086,0,0,0,1,0,0,0,0,1,0,0,2023-11-03,1,0.25,0.5,0.20833333333333331
TXN_1444932,0,0,0,0,0,0,1,0,1,0,0,2023-05-24,0,0.0,0.75,0.125
TXN_2747156,0,0,1,0,0,0,0,0,0,1,0,2023-01-29,0,0.0,0.0,0.0
TXN_6901094,0,0,0,0,1,0,0,0,1,0,0,2023-10-01,0,0.0,1.0,0.16666666666666666
TXN_5065748,1,0,0,0,0,0,0,0,0,1,0,2023-07-19,0,1.0,0.5,0.5833333333333333
TXN_8014645,1,0,0,0,0,0,0,0,1,0,0,2023-07-06,1,0.25,0.5,0.20833333333333331
TXN_2910247,0,0,0,0,0,0,1,0,0,0,1,2023-12-02,0,0.75,0.75,0.625
TXN_2111973,0,0,0,0,0,0,0,1,0,0,1,2023-06-09,0,0.75,0.125,0.20833333333333331
TXN_3251591,0,0,0,0,0,1,0,0,0,0,1,2023-01-26,1,0.5,0.75,0.4583333333333333
TXN_4549977,0,0,1,0,0,0,0,0,1,0,0,2023-08-21,0,0.0,0.0,0.0
TXN_1736294,0,1,0,0,0,0,0,0,0,0,1,2023-09-06,0,0.5,0.25,0.20833333333333331
TXN_1698600,0,0,0,0,1,0,0,0,1,0,0,2023-07-31,1,0.75,1.0,0.7916666666666666
TXN_3463568,0,0,0,0,1,0,0,0,0,0,1,2023-04-12,0,0.25,1.0,0.375
TXN_6773319,0,0,0,0,0,0,0,1,0,0,1,2023-05-03,1,0.75,0.125,0.20833333333333331
TXN_5504920,1,0,0,0,0,0,0,0,1,0,0,2023-09-30,1,1.0,0.5,0.5833333333333333
TXN_8392086,0,0,0,0,0,0,1,0,0,1,0,2023-07-12,1,0.75,0.75,0.625
TXN_9968926,0,0,0,1,0,0,0,0,0,0,1,2023-03-15,1,0.25,0.5,0.20833333333333331
TXN_4719069,0,0,0,1,0,0,0,0,0,0,1,2023-01-04,1,0.25,0.5,0.20833333333333331
TXN_3809941,0,0,1,0,0,0,0,0,0,1,0,2023-11-01,0,0.75,0.0,0.125
TXN_1935119,0,1,0,0,0,0,0,0,0,1,0,2023-07-15,1,0.75,0.25,0.29166666666666663
TXN_8246369,0,0,0,1,0,0,0,0,0,1,0,2023-10-16,1,0.0,0.5,0.08333333333333333
TXN_2009782,0,0,0,0,1,0,0,0,0,1,0,2023-05-11,0,1.0,1.0,1.0
TXN_4635230,0,0,0,0,0,1,0,0,1,0,0,2023-06-10,0,0.5,0.75,0.4583333333333333
TXN_9583176,0,0,1,0,0,0,0,0,0,0,1,2023-05-03,0,1.0,0.0,0.16666666666666666
TXN_6784478,0,0,1,0,0,0,0,0,0,1,0,2023-12-21,1,0.25,0.0,0.041666666666666664
TXN_9349471,0,1,0,0,0,0,0,0,0,0,1,2023-04-12,1,0.5,0.25,0.20833333333333331
TXN_3866162,1,0,0,0,0,0,0,0,1,0,0,2023-06-08,1,1.0,0.5,0.5833333333333333
TXN_7612056,0,0,1,0,0,0,0,0,0,1,0,2023-03-08,1,1.0,0.0,0.16666666666666666
TXN_5349355,0,0,0,0,1,0,0,0,0,0,1,2023-05-10,0,0.25,1.0,0.375
TXN_9259900,0,0,0,0,1,0,0,0,0,0,1,2023-08-07,0,0.75,1.0,0.7916666666666666
TXN_4650834,0,0,0,0,1,0,0,0,0,0,1,2023-07-14,1,0.5,1.0,0.5833333333333333
TXN_6576987,0,0,0,0,1,0,0,0,0,1,0,2023-03-12,1,0.5,1.0,0.5833333333333333
TXN_1192970,0,1,0,0,0,0,0,0,0,0,1,2023-06-17,1,0.25,0.25,0.125
TXN_7645464,0,0,0,0,0,0,0,1,1,0,0,2023-08-17,1,1.0,0.125,0.2708333333333333
TXN_4205860,0,0,0,0,1,0,0,0,1,0,0,2023-09-10,1,1.0,1.0,1.0
TXN_9495855,0,0,0,1,0,0,0,0,1,0,0,2023-04-18,0,0.25,0.5,0.20833333333333331
TXN_5712248,0,0,0,0,0,1,0,0,0,1,0,2023-03-02,1,1.0,0.75,0.7916666666666666
TXN_4582966,0,0,0,1,0,0,0,0,0,0,1,2023-10-28,0,0.25,0.5,0.20833333333333331
TXN_4203885,0,0,0,0,0,0,0,1,1,0,0,2023-05-11,1,0.5,0.125,0.14583333333333331
TXN_1887083,0,0,0,1,0,0,0,0,0,0,1,2023-05-05,0,0.0,0.5,0.08333333333333333
TXN_5602640,0,0,0,0,0,0,1,0,0,1,0,2023-04-01,1,1.0,0.75,0.7916666666666666
TXN_8285410,0,1,0,0,0,0,0,0,0,1,0,2023-09-10,1,0.75,0.25,0.29166666666666663
TXN_5654663,0,0,0,1,0,0,0,0,0,1,0,2023-07-31,1,0.0,0.5,0.08333333333333333
TXN_6687699,0,0,0,0,1,0,0,0,1,0,0,2023-09-11,0,0.75,1.0,0.7916666666666666
TXN_4331281,1,0,0,0,0,0,0,0,0,0,1,2023-02-03,1,0.5,0.5,0.3333333333333333
TXN_2390146,0,1,0,0,0,0,0,0,0,0,1,2023-06-24,0,0.5,0.25,0.20833333333333331
TXN_9478033,1,0,0,0,0,0,0,0,0,0,1,2023-04-08,0,0.25,0.5,0.20833333333333331
TXN_8546777,1,0,0,0,0,0,0,0,0,0,1,2023-03-16,0,0.75,0.5,0.4583333333333333
TXN_6433362,0,0,1,0,0,0,0,0,1,0,0,2023-12-07,0,0.25,0.0,0.041666666666666664
TXN_4991594,0,0,0,0,0,0,1,0,0,1,0,2023-12-08,0,0.25,0.75,0.29166666666666663
TXN_9016451,0,0,1,0,0,0,0,0,0,0,1,2023-10-16,0,0.5,0.0,0.08333333333333333
TXN_3516296,0,0,0,0,0,1,0,0,1,0,0,2023-05-29,0,0.5,0.75,0.4583333333333333
TXN_9464961,0,0,0,0,0,1,0,0,1,0,0,2023-11-23,0,0.75,0.75,0.625
TXN_7445257,0,1,0,0,0,0,0,0,0,0,1,2023-04-02,1,0.0,0.25,0.041666666666666664
TXN_4463677,0,0,0,0,1,0,0,0,0,0,1,2023-02-27,0,1.0,1.0,1.0
TXN_4886990,0,0,0,0,1,0,0,0,0,1,0,2023-12-17,1,0.5,1.0,0.5833333333333333
TXN_4962147,1,0,0,0,0,0,0,0,0,0,1,2023-02-07,1,0.25,0.5,0.20833333333333331
TXN_5575420,0,0,0,0,0,0,1,0,1,0,0,2023-06-26,0,0.5,0.75,0.4583333333333333
TXN_1687822,0,0,0,0,1,0,0,0,0,1,0,2023-10-29,1,0.75,1.0,0.7916666666666666
TXN_3628566,0,1,0,0,0,0,0,0,1,0,0,2023-08-17,1,1.0,0.25,0.375
TXN_5297746,0,1,0,0,0,0,0,0,0,1,0,2023-07-11,0,0.5,0.25,0.20833333333333331
TXN_5230719,1,0,0,0,0,0,0,0,0,1,0,2023-03-23,1,1.0,0.5,0.5833333333333333
TXN_9244886,0,1,0,0,0,0,0,0,0,0,1,2023-02-09,1,0.0,0.25,0.041666666666666664
TXN_8145813,0,0,0,1,0,0,0,0,0,0,1,2023-02-10,0,0.75,0.5,0.4583333333333333
TXN_4179797,0,0,0,0,0,0,0,1,0,0,1,2023-11-06,0,0.25,0.125,0.08333333333333333
TXN_7485379,0,0,0,1,0,0,0,0,0,1,0,2023-03-27,1,0.0,0.5,0.08333333333333333
TXN_3171150,1,0,0,0,0,0,0,0,0,0,1,2023-02-06,1,0.0,0.5,0.08333333333333333
TXN_7988991,0,0,0,0,0,0,0,1,0,0,1,2023-09-19,0,0.75,0.125,0.20833333333333331
TXN_3801485,0,1,0,0,0,0,0,0,0,1,0,2023-11-10,0,1.0,0.25,0.375
TXN_2312908,0,1,0,0,0,0,0,0,1,0,0,2023-02-07,0,0.5,0.25,0.20833333333333331
TXN_6826342,1,0,0,0,0,0,0,0,0,1,0,2023-03-30,0,0.25,0.5,0.20833333333333331
TXN_3620213,0,1,0,0,0,0,0,0,0,1,0,2023-09-09,0,0.25,0.25,0.125
TXN_4030181,0,0,0,0,0,0,1,0,0,1,0,2023-09-20,1,1.0,0.75,0.7916666666666666
TXN_1664563,0,0,0,0,0,0,1,0,1,0,0,2023-04-28,0,0.5,0.75,0.4583333333333333
TXN_2002730,0,0,0,0,0,0,1,0,0,0,1,2023-09-27,1,0.25,0.75,0.29166666666666663
TXN_9662827,0,0,0,0,0,0,0,1,0,0,1,2023-09-30,0,0.0,0.125,0.020833333333333332
TXN_9579691,0,0,1,0,0,0,0,0,0,1,0,2023-01-16,0,1.0,0.0,0.16666666666666666
TXN_4131020,0,0,0,0,0,1,0,0,0,1,0,2023-06-15,1,0.25,0.75,0.29166666666666663
TXN_3462602,1,0,0,0,0,0,0,0,0,1,0,2023-08-27,0,0.5,0.5,0.3333333333333333
TXN_1149624,1,0,0,0,0,0,0,0,0,0,1,2023-09-14,0,0.5,0.5,0.3333333333333333
TXN_2628157,0,1,0,0,0,0,0,0,0,0,1,2023-10-26,1,0.75,0.25,0.29166666666666663
TXN_9152120,0,0,0,0,0,1,0,0,1,0,0,2023-03-28,1,0.75,0.75,0.625
TXN_9018195,1,0,0,0,0,0,0,0,1,0,0,2023-10-07,1,1.0,0.5,0.5833333333333333
TXN_7799711,0,0,0,0,0,0,1,0,0,0,1,2023-12-03,1,1.0,0.75,0.7916666666666666
TXN_6697374,0,0,0,0,0,0,1,0,0,0,1,2023-07-31,0,0.25,0.75,0.29166666666666663
TXN_9014681,0,0,0,0,0,1,0,0,1,0,0,2023-01-03,0,0.5,0.75,0.4583333333333333
TXN_4366417,0,0,0,0,0,1,0,0,0,1,0,2023-10-10,1,0.5,0.75,0.4583333333333333
TXN_3930313,0,0,1,0,0,0,0,0,0,1,0,2023-07-01,1,0.5,0.0,0.08333333333333333
TXN_7511351,0,0,0,0,0,0,0,1,1,0,0,2023-10-07,1,0.75,0.125,0.20833333333333331
TXN_5205595,0,0,0,1,0,0,0,0,0,1,0,2023-03-01,0,0.0,0.5,0.08333333333333333
TXN_8276063,0,1,0,0,0,0,0,0,0,1,0,2023-01-06,1,0.0,0.25,0.041666666666666664
TXN_1020478,0,1,0,0,0,0,0,0,0,0,1,2023-03-09,1,0.0,0.25,0.041666666666666664
TXN_5176767,0,0,0,0,0,0,1,0,0,1,0,2023-05-03,1,0.75,0.75,0.625
TXN_6043396,0,0,0,0,0,1,0,0,0,0,1,2023-10-07,0,0.5,0.75,0.4583333333333333
TXN_4975029,0,0,0,0,0,0,1,0,1,0,0,2023-04-23,0,0.75,0.75,0.625
TXN_9493077,1,0,0,0,0,0,0,0,0,1,0,2023-01-10,1,0.75,0.5,0.4583333333333333
TXN_3493771,1,0,0,0,0,0,0,0,1,0,0,2023-02-13,0,0.25,0.5,0.20833333333333331
TXN_8640673,0,0,0,1,0,0,0,0,1,0,0,2023-09-11,0,0.25,0.5,0.20833333333333331
TXN_4793771,1,0,0,0,0,0,0,0,1,0,0,2023-12-26,0,0.75,0.5,0.4583333333333333
TXN_8107005,0,0,0,1,0,0,0,0,0,1,0,2023-09-15,1,0.5,0.5,0.3333333333333333
TXN_7857126,0,0,1,0,0,0,0,0,1,0,0,2023-08-21,1,0.75,0.0,0.125
TXN_2940613,0,0,0,1,0,0,0,0,1,0,0,2023-06-28,0,0.75,0.5,0.4583333333333333
TXN_2407379,0,0,0,0,0,0,1,0,0,0,1,2023-03-13,0,0.75,0.75,0.625
TXN_3376952,0,0,0,0,0,0,0,1,0,0,1,2023-10-23,1,0.25,0.125,0.08333333333333333
TXN_4083004,0,0,0,0,0,1,0,0,0,0,1,2023-03-06,1,1.0,0.75,0.7916666666666666
TXN_3635628,0,0,0,0,0,1,0,0,0,0,1,2023-10-28,0,0.5,0.75,0.4583333333333333
TXN_3554772,0,0,0,0,0,0,0,1,0,1,0,2023-10-06,0,0.5,0.125,0.14583333333333331
TXN_9454387,0,0,0,0,1,0,0,0,1,0,0,2023-01-02,1,0.25,1.0,0.375
TXN_9660362,1,0,0,0,0,0,0,0,0,1,0,2023-08-16,1,0.25,0.5,0.20833333333333331
TXN_9281939,0,0,0,0,0,0,0,1,1,0,0,2023-05-22,0,0.5,0.125,0.14583333333333331
TXN_2347248,0,0,0,0,1,0,0,0,0,1,0,2023-11-11,0,0.0,1.0,0.16666666666666666
TXN_3732426,0,0,0,0,0,1,0,0,0,0,1,2023-03-07,0,0.25,0.75,0.29166666666666663
TXN_8675558,0,0,0,0,0,0,0,1,0,0,1,2023-05-23,0,1.0,0.125,0.2708333333333333
TXN_1963345,0,0,0,0,0,0,1,0,0,1,0,2023-10-12,0,0.75,0.75,0.625
TXN_6332405,0,0,0,1,0,0,0,0,0,0,1,2023-12-03,1,0.5,0.5,0.3333333333333333
TXN_8946323,0,0,0,0,0,0,0,1,1,0,0,2023-08-23,1,0.25,0.125,0.08333333333333333
TXN_1529961,0,0,0,0,0,0,1,0,0,1,0,2023-09-29,0,0.75,0.75,0.625
TXN_8860052,1,0,0,0,0,0,0,0,0,1,0,2023-07-18,1,1.0,0.5,0.5833333333333333
TXN_6732833,0,0,0,0,1,0,0,0,0,0,1,2023-07-21,0,0.0,1.0,0.16666666666666666
TXN_1983705,0,0,0,1,0,0,0,0,1,0,0,2023-01-30,1,0.5,0.5,0.3333333333333333
TXN_6232398,0,0,0,1,0,0,0,0,1,0,0,2023-07-05,0,0.25,0.5,0.20833333333333331
TXN_2391245,0,1,0,0,0,0,0,0,0,0,1,2023-04-13,0,0.75,0.25,0.29166666666666663
TXN_7670296,0,0,0,1,0,0,0,0,1,0,0,2023-01-25,1,0.25,0.5,0.20833333333333331
TXN_6128086,0,0,0,0,0,0,0,1,0,0,1,2023-12-26,1,0.75,0.125,0.20833333333333331
TXN_1141405,0,0,1,0,0,0,0,0,0,0,1,2023-05-12,1,0.0,0.0,0.0
TXN_4898346,0,0,0,0,0,0,1,0,1,0,0,2023-05-07,1,0.25,0.75,0.29166666666666663
TXN_2807324,0,0,0,0,0,1,0,0,1,0,0,2023-11-13,1,0.25,0.75,0.29166666666666663
TXN_4428486,0,0,0,0,0,0,1,0,0,1,0,2023-07-28,1,0.0,0.75,0.125
TXN_4430772,0,1,0,0,0,0,0,0,0,1,0,2023-01-11,0,1.0,0.25,0.375
TXN_7251108,1,0,0,0,0,0,0,0,0,1,0,2023-10-04,0,0.5,0.5,0.3333333333333333
TXN_3987718,0,0,0,0,0,0,0,1,0,1,0,2023-12-24,0,0.75,0.125,0.20833333333333331
TXN_6658070,0,0,0,1,0,0,0,0,1,0,0,2023-11-03,1,0.25,0.5,0.20833333333333331
TXN_6007437,0,0,0,1,0,0,0,0,0,1,0,2023-11-22,0,0.0,0.5,0.08333333333333333
TXN_6030518,0,0,0,0,0,1,0,0,0,1,0,2023-12-20,0,0.5,0.75,0.4583333333333333
TXN_4228838,0,1,0,0,0,0,0,0,0,1,0,2023-09-22,1,1.0,0.25,0.375
TXN_3303518,0,0,0,1,0,0,0,0,1,0,0,2023-06-30,0,0.75,0.5,0.4583333333333333
TXN_9719921,0,0,0,0,1,0,0,0,0,1,0,2023-07-28,1,1.0,1.0,1.0
TXN_1272118,0,0,1,0,0,0,0,0,0,1,0,2023-04-21,1,0.75,0.0,0.125
TXN_4060215,0,0,0,0,1,0,0,0,0,1,0,2023-01-12,0,0.5,1.0,0.5833333333333333
TXN_2569119,0,0,0,1,0,0,0,0,0,1,0,2023-08-04,1,0.0,0.5,0.08333333333333333
TXN_2894945,0,1,0,0,0,0,0,0,0,0,1,2023-02-28,1,0.25,0.25,0.125
TXN_7992512,0,0,0,0,0,1,0,0,0,1,0,2023-07-17,0,1.0,0.75,0.7916666666666666
TXN_2771512,0,0,0,1,0,0,0,0,0,0,1,2023-12-23,1,0.75,0.5,0.4583333333333333
TXN_6109953,0,0,0,1,0,0,0,0,0,0,1,2023-04-22,1,0.5,0.5,0.3333333333333333
TXN_5728193,0,0,0,0,0,1,0,0,0,1,0,2023-07-24,0,0.0,0.75,0.125
TXN_2417271,0,0,0,0,0,0,0,1,0,1,0,2023-02-01,1,0.75,0.125,0.20833333333333331
TXN_8156455,1,0,0,0,0,0,0,0,1,0,0,2023-02-12,0,0.25,0.5,0.20833333333333331
TXN_7063005,1,0,0,0,0,0,0,0,1,0,0,2023-01-18,1,0.0,0.5,0.08333333333333333
TXN_9425096,0,0,0,0,0,0,1,0,0,1,0,2023-06-12,0,1.0,0.75,0.7916666666666666
TXN_6236737,0,0,0,1,0,0,0,0,1,0,0,2023-03-19,0,1.0,0.5,0.5833333333333333
TXN_9691364,0,0,1,0,0,0,0,0,0,1,0,2023-03-02,0,0.5,0.0,0.08333333333333333
TXN_4688280,0,0,0,0,0,0,0,1,0,0,1,2023-02-16,1,0.0,0.125,0.020833333333333332
TXN_1770648,0,0,0,0,0,1,0,0,0,1,0,2023-09-30,0,0.75,0.75,0.625
TXN_1524602,0,1,0,0,0,0,0,0,1,0,0,2023-05-11,1,0.5,0.25,0.20833333333333331
TXN_5289658,0,0,0,0,0,0,1,0,0,0,1,2023-12-03,1,0.25,0.75,0.29166666666666663
TXN_2602732,0,0,0,0,1,0,0,0,0,0,1,2023-06-09,0,0.75,1.0,0.7916666666666666
TXN_5132482,0,0,0,1,0,0,0,0,0,0,1,2023-12-21,0,0.25,0.5,0.20833333333333331
TXN_3281605,0,0,0,0,0,0,0,1,0,0,1,2023-07-27,1,0.0,0.125,0.020833333333333332
TXN_9969836,0,0,1,0,0,0,0,0,0,0,1,2023-04-06,1,1.0,0.0,0.16666666666666666
TXN_7938279,0,0,0,0,0,0,0,1,1,0,0,2023-03-17,1,0.5,0.125,0.14583333333333331
TXN_8712307,1,0,0,0,0,0,0,0,1,0,0,2023-04-10,0,1.0,0.5,0.5833333333333333
TXN_8595386,0,0,1,0,0,0,0,0,0,1,0,2023-08-04,1,0.75,0.0,0.125
TXN_6398450,0,0,0,0,0,0,0,1,0,0,1,2023-11-19,0,0.25,0.125,0.08333333333333333
TXN_3042552,1,0,0,0,0,0,0,0,1,0,0,2023-09-08,0,0.0,0.5,0.08333333333333333
TXN_7084298,1,0,0,0,0,0,0,0,0,0,1,2023-02-18,1,0.5,0.5,0.3333333333333333
TXN_8384428,0,0,1,0,0,0,0,0,0,0,1,2023-08-11,0,0.0,0.0,0.0
TXN_6541329,0,0,1,0,0,0,0,0,1,0,0,2023-09-28,1,0.25,0.0,0.041666666666666664
TXN_7667139,0,0,0,0,0,1,0,0,0,1,0,2023-12-05,1,0.5,0.75,0.4583333333333333
TXN_1268811,0,0,0,0,1,0,0,0,1,0,0,2023-01-04,1,0.0,1.0,0.16666666666666666
TXN_9190025,0,0,0,0,0,0,0,1,0,0,1,2023-03-26,1,0.75,0.125,0.20833333333333331
TXN_5056808,0,0,0,1,0,0,0,0,0,1,0,2023-02-25,1,0.0,0.5,0.08333333333333333
TXN_9191048,1,0,0,0,0,0,0,0,0,0,1,2023-09-18,0,1.0,0.5,0.5833333333333333
TXN_5105810,0,0,1,0,0,0,0,0,0,0,1,2023-01-17,1,1.0,0.0,0.16666666666666666
TXN_3272613,0,0,1,0,0,0,0,0,1,0,0,2023-03-30,1,0.25,0.0,0.041666666666666664
TXN_3690903,0,1,0,0,0,0,0,0,0,0,1,2023-10-22,0,0.5,0.25,0.20833333333333331
TXN_1938413,0,0,0,0,0,0,1,0,0,0,1,2023-04-01,0,0.75,0.75,0.625
TXN_1396019,0,1,0,0,0,0,0,0,1,0,0,2023-12-03,0,0.75,0.25,0.29166666666666663
TXN_6989000,0,0,0,0,0,0,0,1,0,0,1,2023-02-24,1,0.25,0.125,0.08333333333333333
TXN_4811225,0,0,0,0,0,0,0,1,1,0,0,2023-11-01,1,1.0,0.125,0.2708333333333333
TXN_2193333,0,1,0,0,0,0,0,0,0,0,1,2023-07-21,1,0.75,0.25,0.29166666666666663
TXN_4564220,0,0,0,0,0,0,0,1,0,0,1,2023-05-09,1,0.0,0.125,0.020833333333333332
TXN_5414186,0,0,0,0,0,0,1,0,0,1,0,2023-04-24,1,0.0,0.75,0.125
TXN_1740742,0,0,0,0,0,0,0,1,0,0,1,2023-10-06,0,0.75,0.125,0.20833333333333331
TXN_2547084,0,0,0,0,0,1,0,0,1,0,0,2023-12-16,0,0.0,0.75,0.125
TXN_8879936,1,0,0,0,0,0,0,0,1,0,0,2023-07-25,1,1.0,0.5,0.5833333333333333
TXN_1605677,0,0,0,0,0,0,0,1,0,1,0,2023-01-15,1,1.0,0.125,0.2708333333333333
TXN_6070787,0,0,0,0,0,1,0,0,0,1,0,2023-02-26,0,0.5,0.75,0.4583333333333333
TXN_3441457,0,0,0,0,1,0,0,0,0,0,1,2023-10-20,0,0.25,1.0,0.375
TXN_1236759,0,1,0,0,0,0,0,0,0,1,0,2023-01-26,0,0.0,0.25,0.041666666666666664
TXN_9239309,0,0,0,0,1,0,0,0,0,1,0,2023-10-07,1,0.75,1.0,0.7916666666666666
TXN_7196144,0,0,0,0,0,0,1,0,0,1,0,2023-03-28,1,0.5,0.75,0.4583333333333333
TXN_3981406,0,0,0,0,1,0,0,0,0,0,1,2023-04-17,0,0.75,1.0,0.7916666666666666
TXN_2152054,1,0,0,0,0,0,0,0,0,0,1,2023-05-11,1,0.25,0.5,0.20833333333333331
TXN_9339037,0,0,1,0,0,0,0,0,0,1,0,2023-07-21,1,0.25,0.0,0.041666666666666664
TXN_7308629,0,0,0,0,1,0,0,0,1,0,0,2023-11-24,1,0.75,1.0,0.7916666666666666
TXN_9407636,0,0,0,0,0,0,1,0,1,0,0,2023-10-01,1,0.75,0.75,0.625
TXN_4755860,0,0,0,1,0,0,0,0,0,0,1,2023-10-28,0,1.0,0.5,0.5833333333333333
TXN_6118079,0,1,0,0,0,0,0,0,0,0,1,2023-07-01,1,0.0,0.25,0.041666666666666664
TXN_6415784,0,0,0,0,1,0,0,0,1,0,0,2023-08-16,0,0.5,1.0,0.5833333333333333
TXN_1755817,0,0,0,0,1,0,0,0,0,0,1,2023-07-17,1,1.0,1.0,1.0
TXN_4417326,0,0,0,0,0,1,0,0,0,0,1,2023-03-12,1,0.5,0.75,0.4583333333333333
TXN_2090061,0,0,0,0,0,0,1,0,0,1,0,2023-06-23,0,0.75,0.75,0.625
TXN_8128656,0,0,0,0,0,0,1,0,0,1,0,2023-04-24,0,1.0,0.75,0.7916666666666666
TXN_6714749,0,0,0,0,0,1,0,0,0,1,0,2023-08-02,1,0.0,0.75,0.125
TXN_1103495,0,0,0,1,0,0,0,0,1,0,0,2023-08-26,1,0.0,0.5,0.08333333333333333
TXN_8099424,1,0,0,0,0,0,0,0,0,1,0,2023-04-02,1,0.75,0.5,0.4583333333333333
TXN_5103036,0,0,0,1,0,0,0,0,0,0,1,2023-12-04,1,0.25,0.5,0.20833333333333331
TXN_6013024,0,0,0,1,0,0,0,0,0,1,0,2023-09-06,1,0.5,0.5,0.3333333333333333
TXN_8065852,0,0,0,0,0,1,0,0,0,1,0,2023-07-17,0,0.0,0.75,0.125
TXN_2035283,0,0,0,0,0,1,0,0,1,0,0,2023-01-14,0,0.5,0.75,0.4583333333333333
TXN_3695238,0,0,0,0,1,0,0,0,1,0,0,2023-04-20,1,1.0,1.0,1.0
TXN_1336727,0,0,0,0,0,0,1,0,1,0,0,2023-10-18,0,0.25,0.75,0.29166666666666663
TXN_5724548,1,0,0,0,0,0,0,0,1,0,0,2023-08-12,0,1.0,0.5,0.5833333333333333
TXN_3521791,0,1,0,0,0,0,0,0,0,1,0,2023-06-11,1,0.0,0.25,0.041666666666666664
TXN_2678484,0,1,0,0,0,0,0,0,0,1,0,2023-03-27,1,0.0,0.25,0.041666666666666664
TXN_6696619,1,0,0,0,0,0,0,0,0,1,0,2023-03-19,1,0.5,0.5,0.3333333333333333
TXN_2734718,0,0,0,0,0,0,0,1,1,0,0,2023-08-16,0,0.25,0.125,0.08333333333333333
TXN_7465693,0,0,0,0,0,1,0,0,0,0,1,2023-09-04,0,0.5,0.75,0.4583333333333333
TXN_8241649,0,0,0,0,0,0,0,1,0,1,0,2023-03-15,1,1.0,0.125,0.2708333333333333
TXN_6125646,0,0,1,0,0,0,0,0,0,0,1,2023-06-12,1,0.25,0.0,0.041666666666666664
TXN_8639973,0,0,1,0,0,0,0,0,0,0,1,2023-07-06,1,1.0,0.0,0.16666666666666666
TXN_1349640,0,0,0,1,0,0,0,0,0,1,0,2023-06-17,0,0.25,0.5,0.20833333333333331
TXN_3719842,1,0,0,0,0,0,0,0,1,0,0,2023-05-05,0,0.5,0.5,0.3333333333333333
TXN_3863940,0,0,0,0,1,0,0,0,0,0,1,2023-06-18,0,0.25,1.0,0.375
TXN_9660030,1,0,0,0,0,0,0,0,0,1,0,2023-11-24,0,1.0,0.5,0.5833333333333333
TXN_9649503,1,0,0,0,0,0,0,0,0,1,0,2023-01-02,1,0.0,0.5,0.08333333333333333
TXN_6618160,0,0,0,0,0,0,0,1,1,0,0,2023-03-13,1,1.0,0.125,0.2708333333333333
TXN_9121241,0,0,0,0,0,1,0,0,1,0,0,2023-03-18,1,1.0,0.75,0.7916666666666666
TXN_4419474,0,0,0,1,0,0,0,0,1,0,0,2023-02-04,0,0.25,0.5,0.20833333333333331
TXN_5639485,0,0,1,0,0,0,0,0,0,1,0,2023-07-02,1,0.5,0.0,0.08333333333333333
TXN_9997263,0,0,1,0,0,0,0,0,0,1,0,2023-03-05,1,0.25,0.0,0.041666666666666664
TXN_4590013,0,0,0,0,0,0,0,1,1,0,0,2023-04-19,1,1.0,0.125,0.2708333333333333
TXN_4958354,0,0,0,0,0,1,0,0,0,1,0,2023-05-01,1,0.75,0.75,0.625
TXN_9240476,0,1,0,0,0,0,0,0,0,0,1,2023-04-29,0,1.0,0.25,0.375
TXN_2457961,0,1,0,0,0,0,0,0,0,1,0,2023-06-08,0,0.25,0.25,0.125
TXN_6494145,0,0,1,0,0,0,0,0,1,0,0,2023-08-18,1,0.25,0.0,0.041666666666666664
TXN_2142941,0,0,1,0,0,0,0,0,0,0,1,2023-11-03,1,1.0,0.0,0.16666666666666666
TXN_2405666,0,0,0,1,0,0,0,0,1,0,0,2023-04-20,1,0.25,0.5,0.20833333333333331
TXN_4125871,0,0,0,1,0,0,0,0,1,0,0,2023-12-16,1,0.75,0.5,0.4583333333333333
TXN_7102166,0,1,0,0,0,0,0,0,1,0,0,2023-12-08,0,0.75,0.25,0.29166666666666663
TXN_1492585,0,0,0,0,0,1,0,0,1,0,0,2023-01-17,1,0.5,0.75,0.4583333333333333
TXN_2208949,1,0,0,0,0,0,0,0,1,0,0,2023-08-05,1,0.75,0.5,0.4583333333333333
TXN_9815454,0,0,0,1,0,0,0,0,0,0,1,2023-12-05,0,1.0,0.5,0.5833333333333333
TXN_6806968,0,0,1,0,0,0,0,0,1,0,0,2023-07-03,1,0.75,0.0,0.125
TXN_3751420,0,0,0,0,0,1,0,0,0,0,1,2023-11-20,1,1.0,0.75,0.7916666666666666
TXN_3439155,0,0,0,0,1,0,0,0,0,1,0,2023-07-30,1,0.5,1.0,0.5833333333333333
TXN_5564198,1,0,0,0,0,0,0,0,1,0,0,2023-06-06,1,0.75,0.5,0.4583333333333333
TXN_3446643,0,0,0,0,0,0,1,0,1,0,0,2023-06-01,1,0.0,0.75,0.125
TXN_1770073,0,0,1,0,0,0,0,0,0,0,1,2023-12-03,1,0.25,0.0,0.041666666666666664
TXN_7328209,0,0,0,0,0,1,0,0,0,1,0,2023-03-01,0,0.5,0.75,0.4583333333333333
TXN_4252608,0,0,0,1,0,0,0,0,0,1,0,2023-08-23,0,0.5,0.5,0.3333333333333333
TXN_7221831,0,1,0,0,0,0,0,0,0,1,0,2023-03-26,0,0.5,0.25,0.20833333333333331
TXN_4548565,0,0,0,1,0,0,0,0,0,1,0,2023-02-17,0,0.75,0.5,0.4583333333333333
TXN_7400015,0,0,0,1,0,0,0,0,1,0,0,2023-01-27,0,0.75,0.5,0.4583333333333333
TXN_4749986,0,0,0,0,0,0,0,1,0,1,0,2023-05-26,1,1.0,0.125,0.2708333333333333
TXN_1917336,0,0,0,0,0,1,0,0,1,0,0,2023-04-12,0,0.5,0.75,0.4583333333333333
TXN_5238755,0,0,1,0,0,0,0,0,1,0,0,2023-06-01,1,0.5,0.0,0.08333333333333333
TXN_1822234,0,0,0,0,1,0,0,0,1,0,0,2023-10-15,0,0.25,1.0,0.375
TXN_1342487,0,0,0,1,0,0,0,0,0,1,0,2023-09-21,1,0.5,0.5,0.3333333333333333
TXN_7413282,1,0,0,0,0,0,0,0,0,0,1,2023-10-13,0,1.0,0.5,0.5833333333333333
TXN_5713298,0,0,0,0,0,0,1,0,0,1,0,2023-07-14,0,0.25,0.75,0.29166666666666663
TXN_3045673,0,0,0,0,0,0,1,0,0,0,1,2023-06-24,0,0.5,0.75,0.4583333333333333
TXN_2662720,0,0,0,1,0,0,0,0,0,0,1,2023-09-18,1,1.0,0.5,0.5833333333333333
TXN_8966922,0,0,0,1,0,0,0,0,0,1,0,2023-11-10,1,0.75,0.5,0.4583333333333333
TXN_7311815,0,0,1,0,0,0,0,0,0,0,1,2023-05-11,1,0.75,0.0,0.125
TXN_8211198,0,0,0,1,0,0,0,0,0,1,0,2023-01-24,0,0.5,0.5,0.3333333333333333
TXN_6476719,0,0,0,1,0,0,0,0,1,0,0,2023-06-04,1,1.0,0.5,0.5833333333333333
TXN_1556480,0,0,0,0,0,0,0,1,0,1,0,2023-02-06,0,1.0,0.125,0.2708333333333333
TXN_3009994,0,0,1,0,0,0,0,0,0,1,0,2023-09-13,0,1.0,0.0,0.16666666666666666
TXN_8992377,1,0,0,0,0,0,0,0,0,1,0,2023-07-12,1,0.75,0.5,0.4583333333333333
TXN_5504130,1,0,0,0,0,0,0,0,1,0,0,2023-06-24,1,0.5,0.5,0.3333333333333333
TXN_7153455,0,1,0,0,0,0,0,0,0,0,1,2023-07-02,1,0.75,0.25,0.29166666666666663
TXN_8821579,0,0,0,0,0,0,1,0,0,0,1,2023-12-06,1,0.75,0.75,0.625
TXN_6873127,0,0,1,0,0,0,0,0,1,0,0,2023-02-02,0,0.0,0.0,0.0
TXN_9923952,0,0,1,0,0,0,0,0,1,0,0,2023-08-08,1,0.75,0.0,0.125
TXN_7383137,0,1,0,0,0,0,0,0,0,1,0,2023-12-02,0,0.25,0.25,0.125
TXN_4766317,0,0,1,0,0,0,0,0,1,0,0,2023-09-23,1,0.25,0.0,0.041666666666666664
TXN_6335297,1,0,0,0,0,0,0,0,1,0,0,2023-10-16,0,0.5,0.5,0.3333333333333333
TXN_9334593,0,0,0,0,0,1,0,0,1,0,0,2023-04-23,0,0.5,0.75,0.4583333333333333
TXN_2441029,1,0,0,0,0,0,0,0,1,0,0,2023-05-18,0,1.0,0.5,0.5833333333333333
TXN_8260461,0,0,1,0,0,0,0,0,0,0,1,2023-10-29,1,0.25,0.0,0.041666666666666664
TXN_4801947,0,0,0,1,0,0,0,0,0,0,1,2023-01-01,1,0.0,0.5,0.08333333333333333
TXN_4323120,0,1,0,0,0,0,0,0,0,1,0,2023-08-29,1,1.0,0.25,0.375
TXN_5947264,0,0,0,0,1,0,0,0,1,0,0,2023-03-07,0,0.0,1.0,0.16666666666666666
TXN_9072628,0,0,0,0,1,0,0,0,0,0,1,2023-12-29,1,0.75,1.0,0.7916666666666666
TXN_8282744,0,0,0,0,0,0,0,1,0,1,0,2023-06-16,1,0.25,0.125,0.08333333333333333
TXN_2547156,0,0,1,0,0,0,0,0,0,0,1,2023-08-18,1,0.5,0.0,0.08333333333333333
TXN_2428781,0,0,0,0,1,0,0,0,0,1,0,2023-05-09,0,0.5,1.0,0.375
TXN_8621278,0,0,0,0,1,0,0,0,1,0,0,2023-02-01,1,0.25,1.0,0.375
TXN_2616353,0,0,0,0,0,0,1,0,1,0,0,2023-06-24,1,0.5,0.75,0.4583333333333333
TXN_9731999,0,0,0,0,0,1,0,0,0,1,0,2023-11-26,1,0.75,0.75,0.625
TXN_3608237,0,0,0,0,1,0,0,0,0,0,1,2023-11-26,1,0.0,1.0,0.16666666666666666
TXN_2423167,1,0,0,0,0,0,0,0,0,0,1,2023-06-29,1,0.5,0.5,0.3333333333333333
TXN_5742202,0,0,0,0,1,0,0,0,1,0,0,2023-02-27,1,0.25,1.0,0.375
TXN_6695451,0,0,0,0,1,0,0,0,0,1,0,2023-07-28,1,0.0,1.0,0.16666666666666666
TXN_6098702,0,1,0,0,0,0,0,0,0,1,0,2023-10-15,0,0.5,0.25,0.20833333333333331
TXN_8972184,0,0,0,1,0,0,0,0,0,0,1,2023-08-17,1,0.75,0.5,0.4583333333333333
TXN_2010507,1,0,0,0,0,0,0,0,1,0,0,2023-05-23,1,0.5,0.5,0.3333333333333333
TXN_1390754,1,0,0,0,0,0,0,0,0,1,0,2023-11-08,1,0.25,0.5,0.20833333333333331
TXN_4925291,0,0,0,0,0,0,1,0,0,0,1,2023-09-22,1,0.25,0.75,0.29166666666666663
TXN_8345383,0,0,0,0,0,0,0,1,1,0,0,2023-10-14,1,1.0,0.125,0.2708333333333333
TXN_3910293,1,0,0,0,0,0,0,0,1,0,0,2023-01-30,0,0.75,0.5,0.4583333333333333
TXN_4696969,0,0,0,0,1,0,0,0,0,1,0,2023-09-29,1,0.0,1.0,0.16666666666666666
TXN_4568379,0,0,1,0,0,0,0,0,0,0,1,2023-05-28,0,0.5,0.0,0.08333333333333333
TXN_8745942,0,0,1,0,0,0,0,0,1,0,0,2023-05-03,0,0.5,0.0,0.08333333333333333
TXN_1827937,0,1,0,0,0,0,0,0,0,0,1,2023-05-02,1,0.0,0.25,0.041666666666666664
TXN_2496907,0,1,0,0,0,0,0,0,0,1,0,2023-11-28,0,0.25,0.25,0.125
TXN_3043371,0,0,0,0,0,0,1,0,0,0,1,2023-12-04,0,0.0,0.75,0.125
TXN_2687149,0,1,0,0,0,0,0,0,0,0,1,2023-03-24,1,1.0,0.25,0.375
TXN_9752207,0,0,0,0,0,1,0,0,0,0,1,2023-10-15,0,0.75,0.75,0.625
TXN_7223850,0,0,0,0,1,0,0,0,0,1,0,2023-02-05,1,0.25,1.0,0.375
TXN_5421917,0,0,0,0,0,0,0,1,0,1,0,2023-05-03,0,1.0,0.125,0.2708333333333333
TXN_3812053,0,1,0,0,0,0,0,0,0,0,1,2023-04-03,0,1.0,0.25,0.375
TXN_8437195,1,0,0,0,0,0,0,0,1,0,0,2023-12-10,0,0.0,0.5,0.08333333333333333
TXN_3880494,0,0,0,0,0,1,0,0,1,0,0,2023-12-17,1,0.75,0.75,0.625
TXN_2755642,1,0,0,0,0,0,0,0,0,0,1,2023-03-24,0,0.5,0.5,0.3333333333333333
TXN_9320353,0,0,0,0,1,0,0,0,1,0,0,2023-01-10,0,1.0,1.0,1.0
TXN_8837015,0,0,0,1,0,0,0,0,0,1,0,2023-06-11,0,0.5,0.5,0.3333333333333333
TXN_1856538,0,1,0,0,0,0,0,0,1,0,0,2023-11-01,1,0.5,0.25,0.20833333333333331
TXN_2933439,0,0,0,0,1,0,0,0,0,0,1,2023-04-14,1,0.75,1.0,0.7916666666666666
TXN_2667131,0,0,0,0,0,1,0,0,0,1,0,2023-10-10,1,0.25,0.75,0.29166666666666663
TXN_5536056,0,0,0,0,0,0,1,0,0,0,1,2023-12-22,1,0.5,0.75,0.4583333333333333
TXN_3846628,0,0,0,1,0,0,0,0,0,0,1,2023-10-16,1,0.0,0.5,0.08333333333333333
TXN_9043894,1,0,0,0,0,0,0,0,0,0,1,2023-07-28,1,0.0,0.5,0.08333333333333333
TXN_9354349,0,0,0,1,0,0,0,0,0,1,0,2023-02-12,1,0.0,0.5,0.08333333333333333
TXN_3655950,0,0,1,0,0,0,0,0,0,1,0,2023-11-25,0,0.0,0.0,0.0
TXN_4483585,0,0,0,0,0,0,1,0,0,0,1,2023-12-26,1,1.0,0.75,0.7916666666666666
TXN_2332364,1,0,0,0,0,0,0,0,0,1,0,2023-08-10,0,0.25,0.5,0.20833333333333331
TXN_5878649,0,0,0,0,1,0,0,0,0,0,1,2023-02-15,1,0.5,1.0,0.5833333333333333
TXN_2716940,0,1,0,0,0,0,0,0,0,1,0,2023-11-27,0,0.0,0.25,0.041666666666666664
TXN_2496249,0,0,0,1,0,0,0,0,1,0,0,2023-04-17,1,0.75,0.5,0.4583333333333333
TXN_9020641,1,0,0,0,0,0,0,0,0,1,0,2023-06-27,0,0.75,0.5,0.4583333333333333
TXN_5931551,0,0,0,0,0,1,0,0,1,0,0,2023-03-28,0,0.75,0.75,0.625
TXN_5812552,1,0,0,0,0,0,0,0,1,0,0,2023-09-17,1,0.0,0.5,0.08333333333333333
TXN_8899417,0,0,0,0,1,0,0,0,0,0,1,2023-04-06,1,0.5,1.0,0.5833333333333333
TXN_2259102,0,0,0,0,0,1,0,0,0,1,0,2023-02-19,1,0.25,0.75,0.29166666666666663
TXN_7041367,0,0,1,0,0,0,0,0,0,1,0,2023-01-04,0,0.75,0.0,0.125
TXN_1005377,1,0,0,0,0,0,0,0,0,0,1,2023-06-03,1,1.0,0.5,0.5833333333333333
TXN_7262554,0,0,0,0,1,0,0,0,0,1,0,2023-07-08,0,0.5,1.0,0.5833333333333333
TXN_9705971,0,0,0,1,0,0,0,0,0,1,0,2023-09-02,1,0.25,0.5,0.20833333333333331
TXN_4809626,0,1,0,0,0,0,0,0,1,0,0,2023-02-18,1,1.0,0.25,0.375
TXN_5171248,1,0,0,0,0,0,0,0,0,0,1,2023-06-14,0,1.0,0.5,0.5833333333333333
TXN_2201235,0,0,0,0,0,0,0,1,0,0,1,2023-12-17,1,0.0,0.125,0.020833333333333332
TXN_2907979,0,0,0,1,0,0,0,0,1,0,0,2023-06-18,0,0.5,0.5,0.3333333333333333
TXN_7229918,0,1,0,0,0,0,0,0,0,0,1,2023-03-24,1,0.25,0.25,0.125
TXN_5179245,0,0,0,1,0,0,0,0,0,1,0,2023-04-17,1,0.5,0.5,0.3333333333333333
TXN_5010968,0,0,0,0,0,0,1,0,0,0,1,2023-12-03,1,0.25,0.75,0.29166666666666663
TXN_6294315,0,0,1,0,0,0,0,0,0,0,1,2023-04-04,1,0.25,0.0,0.041666666666666664
TXN_8487985,0,0,0,1,0,0,0,0,0,0,1,2023-05-09,1,1.0,0.5,0.5833333333333333
TXN_8552898,0,1,0,0,0,0,0,0,0,1,0,2023-11-06,1,1.0,0.25,0.375
TXN_1307428,0,0,0,0,0,0,0,1,0,1,0,2023-06-09,1,0.75,0.125,0.20833333333333331
TXN_4787754,0,0,0,1,0,0,0,0,0,0,1,2023-08-31,1,0.25,0.5,0.20833333333333331
TXN_9176533,1,0,0,0,0,0,0,0,0,1,0,2023-10-14,1,0.5,0.5,0.3333333333333333
TXN_1228474,0,0,0,0,0,0,1,0,0,0,1,2023-11-20,0,0.75,0.75,0.625
TXN_9376428,0,0,0,0,1,0,0,0,0,1,0,2023-10-30,1,0.0,1.0,0.16666666666666666
TXN_3678804,0,1,0,0,0,0,0,0,0,0,1,2023-10-20,0,0.5,0.25,0.20833333333333331
TXN_6021363,0,0,0,0,0,1,0,0,0,1,0,2023-01-11,1,0.25,0.75,0.29166666666666663
TXN_8518812,0,0,1,0,0,0,0,0,0,1,0,2023-06-22,0,0.5,0.0,0.08333333333333333
TXN_5573436,0,1,0,0,0,0,0,0,0,1,0,2023-02-22,1,0.0,0.25,0.041666666666666664
TXN_3274591,0,0,0,1,0,0,0,0,0,0,1,2023-04-09,1,1.0,0.5,0.5833333333333333
TXN_2477650,0,0,1,0,0,0,0,0,1,0,0,2023-10-24,1,0.0,0.0,0.0
TXN_4987376,0,0,0,0,0,0,0,1,0,0,1,2023-08-20,1,0.25,0.125,0.08333333333333333
TXN_3099819,0,1,0,0,0,0,0,0,0,0,1,2023-12-08,1,0.75,0.25,0.29166666666666663
TXN_9196694,1,0,0,0,0,0,0,0,1,0,0,2023-03-23,0,0.75,0.5,0.4583333333333333
TXN_2735598,0,0,0,0,0,0,0,1,0,1,0,2023-06-30,1,1.0,0.125,0.2708333333333333
TXN_7362526,0,0,0,1,0,0,0,0,0,1,0,2023-09-16,1,0.0,0.5,0.08333333333333333
TXN_3584252,0,0,0,0,1,0,0,0,0,0,1,2023-12-19,1,0.25,1.0,0.375
TXN_4854751,0,0,0,0,1,0,0,0,0,1,0,2023-08-10,1,0.5,1.0,0.5833333333333333
TXN_6324687,0,0,0,0,0,0,1,0,0,1,0,2023-03-03,1,0.0,0.75,0.125
TXN_2716377,0,0,0,1,0,0,0,0,1,0,0,2023-01-03,0,0.75,0.5,0.4583333333333333
TXN_4002142,1,0,0,0,0,0,0,0,0,1,0,2023-06-27,1,1.0,0.5,0.5833333333333333
TXN_9417438,0,0,0,0,1,0,0,0,1,0,0,2023-01-05,0,0.0,1.0,0.16666666666666666
TXN_4757873,0,0,0,0,0,0,0,1,0,1,0,2023-09-12,0,0.0,0.125,0.020833333333333332
TXN_6283718,0,0,0,0,0,0,1,0,0,0,1,2023-07-20,1,0.5,0.75,0.4583333333333333
TXN_2019127,0,0,0,0,1,0,0,0,1,0,0,2023-08-03,0,0.0,1.0,0.16666666666666666
TXN_2007652,0,0,0,1,0,0,0,0,0,0,1,2023-12-09,0,0.25,0.5,0.20833333333333331
TXN_3048882,0,0,0,1,0,0,0,0,1,0,0,2023-12-30,1,0.25,0.5,0.20833333333333331
TXN_3241510,0,0,0,0,0,0,0,1,0,1,0,2023-10-05,0,1.0,0.125,0.2708333333333333
TXN_1978239,0,0,0,0,1,0,0,0,1,0,0,2023-09-20,0,0.75,1.0,0.7916666666666666
TXN_3286168,0,0,0,0,0,0,1,0,0,0,1,2023-06-25,1,1.0,0.75,0.7916666666666666
TXN_5922981,0,0,0,0,1,0,0,0,0,0,1,2023-11-10,1,1.0,1.0,1.0
TXN_4108567,0,1,0,0,0,0,0,0,1,0,0,2023-08-14,1,0.25,0.25,0.125
TXN_5217434,0,1,0,0,0,0,0,0,1,0,0,2023-09-22,1,0.0,0.25,0.041666666666666664
TXN_6691792,0,0,0,1,0,0,0,0,0,1,0,2023-06-21,1,0.5,0.5,0.3333333333333333
TXN_4822216,1,0,0,0,0,0,0,0,1,0,0,2023-09-03,0,0.0,0.5,0.08333333333333333
TXN_9246986,0,0,0,0,0,0,0,1,1,0,0,2023-09-08,1,0.75,0.125,0.20833333333333331
TXN_3931393,0,0,0,0,0,1,0,0,0,0,1,2023-11-18,0,0.25,0.75,0.29166666666666663
TXN_1429325,0,0,0,0,0,0,1,0,1,0,0,2023-04-20,1,0.25,0.75,0.29166666666666663
TXN_2888655,0,0,1,0,0,0,0,0,0,0,1,2023-12-17,0,0.75,0.0,0.125
TXN_3648160,0,1,0,0,0,0,0,0,0,0,1,2023-12-03,1,1.0,0.25,0.375
TXN_5832513,0,0,0,1,0,0,0,0,1,0,0,2023-11-02,0,0.75,0.5,0.4583333333333333
TXN_6053755,0,0,1,0,0,0,0,0,0,0,1,2023-01-18,1,0.75,0.0,0.125
TXN_4437520,0,0,0,0,0,0,1,0,0,1,0,2023-07-28,0,0.5,0.75,0.4583333333333333
TXN_4995281,0,0,0,0,1,0,0,0,0,1,0,2023-02-25,0,0.75,1.0,0.7916666666666666
TXN_6105807,0,0,0,0,0,0,1,0,0,1,0,2023-01-18,1,0.5,0.75,0.4583333333333333
TXN_8384699,0,1,0,0,0,0,0,0,0,1,0,2023-12-16,0,0.5,1.0,0.5833333333333333
TXN_3549667,0,0,0,0,0,1,0,0,0,0,1,2023-01-29,1,0.5,0.75,0.4583333333333333
TXN_2566211,0,0,0,0,0,0,0,1,1,0,0,2023-09-26,0,0.25,0.125,0.08333333333333333
TXN_3206842,0,0,0,0,1,0,0,0,1,0,0,2023-04-30,0,0.75,1.0,0.7916666666666666
TXN_8970135,0,0,0,1,0,0,0,0,1,0,0,2023-03-26,0,0.75,0.5,0.4583333333333333
TXN_3222612,0,0,0,1,0,0,0,0,1,0,0,2023-01-25,1,0.5,0.5,0.3333333333333333
TXN_6361593,0,0,0,0,0,1,0,0,0,0,1,2023-08-29,1,0.75,0.75,0.625
TXN_9375445,0,0,0,0,0,0,1,0,0,0,1,2023-10-22,0,0.25,0.75,0.29166666666666663
TXN_4943552,1,0,0,0,0,0,0,0,1,0,0,2023-04-14,1,1.0,0.5,0.5833333333333333
TXN_1532390,0,0,0,0,0,0,0,1,0,0,1,2023-04-08,0,1.0,0.125,0.2708333333333333
TXN_8020606,1,0,0,0,0,0,0,0,0,0,1,2023-10-10,1,0.75,0.5,0.4583333333333333
TXN_2729959,0,0,0,0,0,0,1,0,0,0,1,2023-02-01,0,0.75,0.75,0.625
TXN_4582054,0,0,0,0,1,0,0,0,0,0,1,2023-08-27,1,0.25,1.0,0.375
TXN_2134763,0,0,0,1,0,0,0,0,0,1,0,2023-03-28,1,0.5,0.5,0.3333333333333333
TXN_1633607,0,0,0,1,0,0,0,0,1,0,0,2023-03-13,1,0.0,0.5,0.08333333333333333
TXN_5124999,0,1,0,0,0,0,0,0,0,0,1,2023-04-11,1,1.0,0.25,0.375
TXN_7647190,0,0,0,0,1,0,0,0,0,1,0,2023-02-22,1,1.0,1.0,1.0
TXN_3514890,0,0,0,0,0,0,1,0,0,0,1,2023-08-02,0,1.0,0.75,0.7916666666666666
TXN_2921765,0,0,0,0,0,0,0,1,0,1,0,2023-01-02,1,0.25,0.125,0.08333333333333333
TXN_5845583,0,0,0,0,0,0,0,1,1,0,0,2023-10-19,0,0.75,0.125,0.20833333333333331
TXN_6692318,0,0,0,0,0,0,0,1,1,0,0,2023-08-20,0,0.25,0.125,0.08333333333333333
TXN_9571019,0,1,0,0,0,0,0,0,1,0,0,2023-06-22,0,0.25,0.25,0.125
TXN_6451595,0,0,0,1,0,0,0,0,0,1,0,2023-03-26,1,0.25,0.5,0.20833333333333331
TXN_4797429,0,0,0,0,1,0,0,0,0,0,1,2023-11-07,0,1.0,1.0,1.0
TXN_7255755,0,0,0,0,0,1,0,0,0,0,1,2023-10-19,1,1.0,0.75,0.7916666666666666
TXN_6925284,0,0,0,1,0,0,0,0,0,0,1,2023-01-21,1,1.0,0.5,0.5833333333333333
TXN_2925996,1,0,0,0,0,0,0,0,1,0,0,2023-04-11,1,0.5,0.5,0.3333333333333333
TXN_3944582,0,0,0,0,0,0,0,1,1,0,0,2023-10-21,0,1.0,0.125,0.2708333333333333
TXN_7653452,0,0,0,0,0,1,0,0,0,1,0,2023-04-08,0,0.0,0.75,0.125
TXN_5750248,0,0,0,0,1,0,0,0,0,0,1,2023-07-20,0,0.75,1.0,0.7916666666666666
TXN_1020983,0,0,0,1,0,0,0,0,0,0,1,2023-03-23,1,0.0,0.5,0.08333333333333333
TXN_9072817,0,0,1,0,0,0,0,0,0,1,0,2023-07-18,1,1.0,0.0,0.16666666666666666
TXN_1732639,0,0,1,0,0,0,0,0,0,1,0,2023-07-17,0,0.75,0.0,0.125
TXN_7416196,0,0,0,0,0,0,1,0,1,0,0,2023-10-20,0,0.25,0.75,0.29166666666666663
TXN_7276452,0,1,0,0,0,0,0,0,0,0,1,2023-06-05,1,0.5,0.25,0.20833333333333331
TXN_2610195,1,0,0,0,0,0,0,0,0,1,0,2023-10-25,0,0.25,0.5,0.20833333333333331
TXN_7971761,0,0,0,0,1,0,0,0,0,1,0,2023-11-23,0,0.0,1.0,0.16666666666666666
TXN_9281392,0,0,1,0,0,0,0,0,0,0,1,2023-08-06,1,0.25,0.0,0.041666666666666664
TXN_8386253,0,0,0,0,0,0,0,1,1,0,0,2023-05-11,0,0.75,0.125,0.20833333333333331
TXN_7995960,0,0,0,1,0,0,0,0,0,0,1,2023-01-11,1,0.0,0.5,0.08333333333333333
TXN_7663739,0,0,1,0,0,0,0,0,0,1,0,2023-03-27,0,1.0,0.0,0.16666666666666666
TXN_3936339,1,0,0,0,0,0,0,0,0,0,1,2023-09-08,0,1.0,0.5,0.5833333333333333
TXN_7784608,0,1,0,0,0,0,0,0,1,0,0,2023-06-01,0,1.0,0.25,0.375
TXN_7132021,0,0,0,0,0,0,1,0,0,1,0,2023-12-27,0,0.25,0.75,0.29166666666666663
TXN_6438980,0,0,0,0,1,0,0,0,0,1,0,2023-11-10,1,0.25,1.0,0.375
TXN_2196926,0,0,0,1,0,0,0,0,0,0,1,2023-07-27,1,0.25,0.5,0.20833333333333331
TXN_9582506,0,0,1,0,0,0,0,0,0,1,0,2023-04-28,0,0.25,0.0,0.041666666666666664
TXN_2424839,0,0,0,1,0,0,0,0,0,0,1,2023-09-28,0,0.75,0.5,0.4583333333333333
TXN_5215704,0,0,0,0,0,1,0,0,0,1,0,2023-10-31,0,1.0,0.75,0.7916666666666666
TXN_1982031,0,0,1,0,0,0,0,0,1,0,0,2023-02-03,1,0.75,0.0,0.125
TXN_3060286,0,0,0,0,0,0,0,1,1,0,0,2023-08-10,1,0.25,0.125,0.08333333333333333
TXN_7878231,0,0,0,0,1,0,0,0,1,0,0,2023-05-15,0,0.0,1.0,0.16666666666666666
TXN_9329112,0,0,0,0,0,0,1,0,0,1,0,2023-10-10,0,0.5,0.75,0.4583333333333333
TXN_1643029,0,0,1,0,0,0,0,0,0,0,1,2023-09-11,1,0.5,0.0,0.08333333333333333
TXN_2764625,0,0,0,0,0,0,0,1,1,0,0,2023-12-03,0,0.0,0.125,0.020833333333333332
TXN_6086123,0,0,0,1,0,0,0,0,0,1,0,2023-11-17,1,0.5,0.5,0.3333333333333333
TXN_1796259,0,0,0,1,0,0,0,0,1,0,0,2023-04-29,0,0.0,0.5,0.08333333333333333
TXN_4078284,0,1,0,0,0,0,0,0,0,1,0,2023-05-14,0,0.0,0.25,0.041666666666666664
TXN_4389662,0,0,0,0,0,0,1,0,1,0,0,2023-08-09,1,0.0,0.75,0.125
TXN_1992699,0,0,1,0,0,0,0,0,0,0,1,2023-05-08,1,0.25,0.0,0.041666666666666664
TXN_9389300,0,0,0,0,1,0,0,0,0,1,0,2023-01-14,1,0.5,1.0,0.5833333333333333
TXN_5409951,0,1,0,0,0,0,0,0,0,0,1,2023-06-23,1,0.5,0.25,0.20833333333333331
TXN_2147448,0,1,0,0,0,0,0,0,0,1,0,2023-11-27,0,0.75,0.25,0.29166666666666663
TXN_9826170,0,0,0,1,0,0,0,0,1,0,0,2023-12-06,1,0.25,0.5,0.20833333333333331
TXN_4949509,0,0,0,0,0,0,1,0,0,1,0,2023-04-20,1,0.75,0.75,0.625
TXN_9857832,0,0,0,0,0,0,0,1,1,0,0,2023-03-31,0,0.5,0.125,0.14583333333333331
TXN_5038122,0,0,0,0,1,0,0,0,1,0,0,2023-08-11,1,0.0,1.0,0.16666666666666666
TXN_8984085,0,0,0,0,1,0,0,0,0,1,0,2023-08-17,1,0.0,1.0,0.16666666666666666
TXN_8830264,0,0,0,0,1,0,0,0,1,0,0,2023-11-23,1,0.0,1.0,0.16666666666666666
TXN_9696074,0,1,0,0,0,0,0,0,1,0,0,2023-06-24,1,0.75,0.25,0.29166666666666663
TXN_9579637,0,0,0,0,0,0,0,1,0,0,1,2023-06-26,1,0.75,0.125,0.20833333333333331
TXN_7907786,0,0,0,0,0,0,0,1,1,0,0,2023-09-20,0,1.0,0.125,0.2708333333333333
TXN_5316852,0,1,0,0,0,0,0,0,0,0,1,2023-04-08,0,0.25,0.25,0.125
TXN_1292430,0,0,0,0,0,0,1,0,0,1,0,2023-03-09,1,0.0,0.75,0.125
TXN_5226399,0,0,0,1,0,0,0,0,0,1,0,2023-01-19,1,0.75,0.5,0.4583333333333333
TXN_2470530,1,0,0,0,0,0,0,0,0,0,1,2023-03-21,1,0.0,0.5,0.08333333333333333
TXN_6498718,0,1,0,0,0,0,0,0,0,0,1,2023-03-18,1,0.75,0.25,0.29166666666666663
TXN_1602435,0,0,0,0,0,0,1,0,1,0,0,2023-12-01,0,0.0,0.75,0.125
TXN_1434598,0,0,0,0,0,1,0,0,1,0,0,2023-11-18,1,1.0,0.75,0.7916666666666666
TXN_9871036,0,0,0,0,0,0,1,0,0,0,1,2023-07-02,1,0.0,0.75,0.125
TXN_2073001,0,1,0,0,0,0,0,0,0,0,1,2023-11-22,1,0.25,0.25,0.125
TXN_9284622,0,1,0,0,0,0,0,0,0,1,0,2023-05-15,0,0.0,0.25,0.041666666666666664
TXN_7815076,0,0,0,1,0,0,0,0,1,0,0,2023-12-16,1,1.0,0.5,0.5833333333333333
TXN_6897172,0,1,0,0,0,0,0,0,0,0,1,2023-12-08,1,0.75,0.25,0.29166666666666663
TXN_3783903,0,0,0,0,0,0,0,1,0,1,0,2023-06-25,1,0.75,0.125,0.20833333333333331
TXN_4378637,0,0,1,0,0,0,0,0,0,1,0,2023-05-12,1,0.0,0.0,0.0
TXN_7514047,0,0,0,0,1,0,0,0,1,0,0,2023-03-08,1,0.0,1.0,0.16666666666666666
TXN_4375708,0,0,0,0,0,1,0,0,0,1,0,2023-08-01,1,0.75,0.75,0.625
TXN_9775984,0,0,0,1,0,0,0,0,0,1,0,2023-10-09,0,0.25,0.5,0.20833333333333331
TXN_1708928,0,0,0,0,0,0,1,0,1,0,0,2023-02-08,1,0.0,0.75,0.125
TXN_2352685,0,0,1,0,0,0,0,0,1,0,0,2023-08-24,1,0.0,0.0,0.0
TXN_1625754,1,0,0,0,0,0,0,0,0,0,1,2023-08-03,0,1.0,0.5,0.5833333333333333
TXN_9567915,1,0,0,0,0,0,0,0,0,0,1,2023-06-30,1,0.0,0.5,0.08333333333333333
TXN_4062634,0,0,0,0,1,0,0,0,0,1,0,2023-04-05,0,0.25,1.0,0.375
TXN_6624397,0,0,0,1,0,0,0,0,1,0,0,2023-04-30,1,0.75,0.5,0.4583333333333333
TXN_2991733,0,0,0,0,0,0,0,1,0,1,0,2023-04-13,1,1.0,0.125,0.2708333333333333
TXN_8978924,0,0,0,0,1,0,0,0,1,0,0,2023-10-09,0,1.0,1.0,1.0
TXN_2404800,0,0,0,0,0,1,0,0,1,0,0,2023-01-28,0,1.0,0.75,0.7916666666666666
TXN_4501915,0,0,0,1,0,0,0,0,0,1,0,2023-12-04,1,0.75,0.5,0.4583333333333333
TXN_6273431,1,0,0,0,0,0,0,0,1,0,0,2023-04-05,0,0.25,0.5,0.20833333333333331
TXN_7166936,0,0,1,0,0,0,0,0,0,0,1,2023-09-25,0,0.75,0.0,0.125
TXN_7645250,0,0,0,1,0,0,0,0,0,1,0,2023-10-09,1,0.25,0.5,0.20833333333333331
TXN_9231480,0,0,1,0,0,0,0,0,1,0,0,2023-08-28,1,0.75,0.0,0.125
TXN_4247105,0,1,0,0,0,0,0,0,1,0,0,2023-04-14,0,1.0,0.25,0.375
TXN_8732935,0,0,1,0,0,0,0,0,0,1,0,2023-08-06,1,0.75,0.0,0.125
TXN_5108867,1,0,0,0,0,0,0,0,1,0,0,2023-03-19,1,0.5,0.5,0.3333333333333333
TXN_3270584,1,0,0,0,0,0,0,0,0,1,0,2023-01-10,1,0.5,0.5,0.3333333333333333
TXN_8258798,0,1,0,0,0,0,0,0,1,0,0,2023-10-18,0,0.5,0.25,0.20833333333333331
TXN_7412012,0,1,0,0,0,0,0,0,1,0,0,2023-08-02,0,0.0,0.25,0.041666666666666664
TXN_1927324,0,0,0,0,0,1,0,0,0,0,1,2023-08-29,1,0.0,0.75,0.125
TXN_9159655,0,0,1,0,0,0,0,0,1,0,0,2023-03-21,0,1.0,0.0,0.16666666666666666
TXN_1293057,0,0,0,0,0,0,0,1,0,0,1,2023-07-03,1,0.25,0.125,0.08333333333333333
TXN_8829698,1,0,0,0,0,0,0,0,1,0,0,2023-03-19,0,0.25,0.5,0.20833333333333331
TXN_5056351,0,0,0,1,0,0,0,0,0,1,0,2023-04-24,1,0.0,0.5,0.08333333333333333
TXN_4431264,0,0,0,0,0,0,1,0,0,1,0,2023-11-14,1,0.25,0.75,0.29166666666666663
TXN_7371782,0,0,0,0,0,0,0,1,1,0,0,2023-02-26,0,0.5,0.125,0.14583333333333331
TXN_7631505,0,0,0,0,0,1,0,0,1,0,0,2023-07-08,0,0.75,0.75,0.625
TXN_4331770,0,0,0,0,1,0,0,0,0,0,1,2023-06-04,0,0.75,1.0,0.7916666666666666
TXN_2593909,0,0,0,1,0,0,0,0,1,0,0,2023-02-25,0,0.25,0.5,0.20833333333333331
TXN_9728062,0,1,0,0,0,0,0,0,1,0,0,2023-05-01,0,0.0,0.25,0.041666666666666664
TXN_7664606,0,0,1,0,0,0,0,0,0,0,1,2023-07-05,1,0.25,0.0,0.041666666666666664
TXN_3359911,0,0,1,0,0,0,0,0,0,0,1,2023-06-18,0,0.75,0.0,0.125
TXN_3745153,0,0,0,0,0,0,1,0,0,0,1,2023-06-30,0,0.75,0.75,0.625
TXN_2019258,0,0,0,1,0,0,0,0,0,1,0,2023-02-03,0,0.75,0.5,0.4583333333333333
TXN_8153957,0,1,0,0,0,0,0,0,0,0,1,2023-10-12,1,0.0,0.25,0.041666666666666664
TXN_3437948,0,0,0,0,0,0,1,0,1,0,0,2023-11-02,0,0.25,0.75,0.29166666666666663
TXN_6874195,0,0,0,1,0,0,0,0,1,0,0,2023-04-22,1,0.5,0.5,0.3333333333333333
TXN_3234146,0,0,0,1,0,0,0,0,0,1,0,2023-11-14,1,0.0,0.5,0.08333333333333333
TXN_5172383,0,0,0,1,0,0,0,0,1,0,0,2023-03-28,0,0.5,0.5,0.3333333333333333
TXN_9288999,0,0,1,0,0,0,0,0,0,1,0,2023-05-01,0,0.5,0.0,0.08333333333333333
TXN_4205407,0,0,0,0,0,0,1,0,0,0,1,2023-04-27,1,1.0,0.75,0.7916666666666666
TXN_8325722,0,0,0,0,0,1,0,0,0,0,1,2023-05-27,1,0.25,0.75,0.29166666666666663
TXN_3050797,0,0,0,0,0,1,0,0,0,1,0,2023-09-28,1,0.5,0.75,0.4583333333333333
TXN_8731991,0,0,0,0,1,0,0,0,1,0,0,2023-01-20,0,0.75,1.0,0.7916666666666666
TXN_7387416,0,0,0,1,0,0,0,0,1,0,0,2023-12-15,1,0.5,0.5,0.3333333333333333
TXN_2244418,0,0,0,0,1,0,0,0,1,0,0,2023-10-15,1,1.0,1.0,1.0
TXN_2638644,0,0,0,0,0,0,0,1,1,0,0,2023-03-08,1,0.0,0.125,0.020833333333333332
TXN_3886177,1,0,0,0,0,0,0,0,0,1,0,2023-07-17,1,0.5,0.5,0.3333333333333333
TXN_2334047,0,0,0,0,0,0,0,1,0,0,1,2023-11-08,1,0.0,0.125,0.020833333333333332
TXN_3888864,0,0,0,0,0,1,0,0,0,1,0,2023-10-13,0,0.0,0.75,0.125
TXN_6972491,0,0,0,0,0,1,0,0,0,1,0,2023-07-02,1,0.0,0.75,0.125
TXN_8886791,0,0,0,0,0,0,0,1,1,0,0,2023-07-09,1,0.25,0.125,0.08333333333333333
TXN_4356114,0,0,0,1,0,0,0,0,1,0,0,2023-05-05,1,0.25,0.5,0.20833333333333331
TXN_2097023,0,0,0,0,1,0,0,0,0,0,1,2023-11-10,1,0.5,1.0,0.5833333333333333
TXN_2726749,0,0,0,1,0,0,0,0,1,0,0,2023-05-19,1,0.75,0.5,0.4583333333333333
TXN_3357336,1,0,0,0,0,0,0,0,1,0,0,2023-02-20,0,0.75,0.5,0.4583333333333333
TXN_3529354,0,0,0,1,0,0,0,0,0,1,0,2023-09-06,1,0.25,0.5,0.20833333333333331
TXN_9738339,0,0,0,1,0,0,0,0,1,0,0,2023-07-09,0,0.0,0.5,0.08333333333333333
TXN_9389963,0,0,0,0,0,1,0,0,0,1,0,2023-02-28,1,1.0,0.75,0.7916666666666666
TXN_6837879,1,0,0,0,0,0,0,0,0,0,1,2023-04-09,0,1.0,0.5,0.5833333333333333
TXN_1046659,0,0,0,0,0,0,1,0,1,0,0,2023-12-14,1,0.5,0.75,0.4583333333333333
TXN_2032049,0,0,0,0,1,0,0,0,0,1,0,2023-10-12,0,0.25,1.0,0.375
TXN_1444479,1,0,0,0,0,0,0,0,0,1,0,2023-12-10,0,0.0,0.5,0.08333333333333333
TXN_7251037,0,0,0,0,1,0,0,0,0,1,0,2023-08-17,0,0.5,1.0,0.5833333333333333
TXN_9891576,0,0,0,0,0,1,0,0,0,0,1,2023-04-28,1,0.5,0.75,0.4583333333333333
TXN_5315818,0,0,0,0,1,0,0,0,0,0,1,2023-02-06,1,0.0,1.0,0.16666666666666666
TXN_9830755,0,0,1,0,0,0,0,0,0,0,1,2023-06-24,1,1.0,0.0,0.16666666666666666
TXN_8833319,0,0,0,0,1,0,0,0,1,0,0,2023-10-01,1,0.0,1.0,0.16666666666666666
TXN_4353750,1,0,0,0,0,0,0,0,0,1,0,2023-03-02,1,0.25,0.5,0.20833333333333331
TXN_8809659,0,0,0,1,0,0,0,0,1,0,0,2023-01-16,1,0.25,0.5,0.20833333333333331
TXN_2104550,0,1,0,0,0,0,0,0,0,1,0,2023-09-08,0,0.75,0.25,0.29166666666666663
TXN_7554731,1,0,0,0,0,0,0,0,0,1,0,2023-02-02,0,0.0,0.5,0.08333333333333333
TXN_8743142,0,0,1,0,0,0,0,0,0,0,1,2023-12-14,0,0.0,0.0,0.0
TXN_8652021,1,0,0,0,0,0,0,0,0,1,0,2023-09-23,0,0.0,0.5,0.08333333333333333
TXN_3744962,0,0,0,0,1,0,0,0,0,0,1,2023-07-26,0,0.0,1.0,0.16666666666666666
TXN_7312277,0,0,0,1,0,0,0,0,1,0,0,2023-09-07,0,0.75,0.5,0.4583333333333333
TXN_2342308,0,0,1,0,0,0,0,0,0,0,1,2023-05-20,1,1.0,0.0,0.16666666666666666
TXN_7797507,0,0,0,0,0,1,0,0,0,0,1,2023-06-06,1,1.0,0.75,0.7916666666666666
TXN_3121360,1,0,0,0,0,0,0,0,0,0,1,2023-01-21,1,0.5,0.5,0.3333333333333333
TXN_5568416,1,0,0,0,0,0,0,0,0,1,0,2023-09-06,0,1.0,0.5,0.5833333333333333
TXN_7032922,0,0,0,0,0,1,0,0,1,0,0,2023-08-18,0,0.75,0.75,0.625
TXN_5734186,0,0,0,1,0,0,0,0,1,0,0,2023-04-03,0,0.5,0.5,0.3333333333333333
TXN_5107025,0,0,0,0,0,0,0,1,0,0,1,2023-02-19,0,0.25,0.125,0.08333333333333333
TXN_7975387,0,0,0,0,0,0,1,0,0,1,0,2023-03-23,1,0.25,0.75,0.29166666666666663
TXN_5209346,0,0,0,0,0,0,1,0,0,1,0,2023-02-22,0,0.5,0.75,0.4583333333333333
TXN_8947660,0,1,0,0,0,0,0,0,0,1,0,2023-09-03,0,0.0,0.25,0.041666666666666664
TXN_6752053,0,0,0,0,0,0,1,0,0,1,0,2023-05-13,1,0.75,0.75,0.625
TXN_6571385,0,0,0,0,0,0,0,1,1,0,0,2023-01-06,1,0.75,0.125,0.20833333333333331
TXN_6430534,0,0,0,0,0,0,0,1,1,0,0,2023-01-29,1,1.0,0.125,0.2708333333333333
TXN_6467414,0,0,0,0,0,0,0,1,1,0,0,2023-01-06,1,0.5,0.125,0.14583333333333331
TXN_2861912,0,1,0,0,0,0,0,0,0,0,1,2023-03-25,0,0.5,0.25,0.20833333333333331
TXN_8347965,0,0,0,0,1,0,0,0,1,0,0,2023-03-17,1,0.0,1.0,0.16666666666666666
TXN_9693344,0,0,0,0,0,0,0,1,0,1,0,2023-01-15,1,0.75,0.125,0.20833333333333331
TXN_9801552,0,0,0,0,0,1,0,0,0,1,0,2023-04-20,1,0.75,0.75,0.625
TXN_1929109,0,0,0,0,0,1,0,0,0,1,0,2023-11-16,0,1.0,0.75,0.7916666666666666
TXN_8082317,0,0,0,1,0,0,0,0,1,0,0,2023-08-18,1,0.5,0.5,0.3333333333333333
TXN_1569729,0,0,0,0,0,0,1,0,1,0,0,2023-07-16,1,1.0,0.75,0.7916666666666666
TXN_8126049,0,0,0,0,0,1,0,0,0,1,0,2023-08-24,0,0.5,0.75,0.4583333333333333
TXN_2644962,0,0,0,0,0,0,1,0,0,1,0,2023-04-09,0,0.25,0.75,0.29166666666666663
TXN_8991609,0,0,0,0,1,0,0,0,0,0,1,2023-06-19,0,0.75,1.0,0.7916666666666666
TXN_5000665,1,0,0,0,0,0,0,0,0,0,1,2023-11-28,0,0.5,0.5,0.3333333333333333
TXN_2161255,0,0,0,0,0,1,0,0,0,0,1,2023-06-08,0,0.5,0.75,0.4583333333333333
TXN_6549359,0,0,0,0,0,0,0,1,1,0,0,2023-04-21,1,0.5,0.125,0.14583333333333331
TXN_8833173,0,0,0,0,0,0,1,0,0,0,1,2023-03-14,0,0.75,0.75,0.625
TXN_8449081,0,0,1,0,0,0,0,0,0,1,0,2023-02-24,0,0.25,0.0,0.041666666666666664
TXN_7153321,0,0,0,0,1,0,0,0,0,1,0,2023-12-19,1,1.0,1.0,1.0
TXN_2935761,0,0,0,0,0,0,1,0,0,0,1,2023-04-01,0,0.75,0.75,0.625
TXN_7328705,0,0,1,0,0,0,0,0,0,0,1,2023-09-09,1,0.75,0.0,0.125
TXN_1419790,0,0,0,0,0,1,0,0,1,0,0,2023-01-06,1,0.5,0.75,0.4583333333333333
TXN_8970187,1,0,0,0,0,0,0,0,0,0,1,2023-03-13,1,0.0,0.5,0.08333333333333333
TXN_4385632,0,0,0,0,0,0,0,1,0,1,0,2023-06-18,1,1.0,0.125,0.2708333333333333
TXN_4343133,0,0,1,0,0,0,0,0,0,0,1,2023-03-04,1,0.75,0.0,0.125
TXN_7712544,0,0,1,0,0,0,0,0,1,0,0,2023-05-06,0,0.5,0.0,0.08333333333333333
TXN_6904952,0,0,0,0,1,0,0,0,0,0,1,2023-04-04,1,0.75,1.0,0.7916666666666666
TXN_4023091,0,0,0,0,0,0,1,0,0,1,0,2023-07-24,1,0.5,0.75,0.4583333333333333
TXN_6005707,0,0,0,1,0,0,0,0,1,0,0,2023-02-06,1,0.75,0.5,0.4583333333333333
TXN_9824238,0,0,0,0,0,0,0,1,1,0,0,2023-07-14,0,1.0,0.125,0.2708333333333333
TXN_2867795,0,0,1,0,0,0,0,0,0,1,0,2023-06-26,1,0.0,0.0,0.0
TXN_8434259,0,0,0,0,0,0,0,1,0,0,1,2023-10-14,0,0.25,0.125,0.08333333333333333
TXN_5437961,0,0,0,0,0,1,0,0,0,0,1,2023-06-30,0,0.5,0.75,0.4583333333333333
TXN_3440463,1,0,0,0,0,0,0,0,0,1,0,2023-04-04,1,0.0,0.5,0.08333333333333333
TXN_1242840,0,0,0,0,0,0,1,0,0,1,0,2023-08-26,1,0.0,0.75,0.125
TXN_2997717,1,0,0,0,0,0,0,0,0,1,0,2023-10-19,1,0.75,0.5,0.4583333333333333
TXN_4440412,0,0,0,0,0,1,0,0,1,0,0,2023-04-15,1,0.5,0.75,0.4583333333333333
TXN_9897583,0,1,0,0,0,0,0,0,0,0,1,2023-01-20,1,0.25,0.25,0.125
TXN_9772498,1,0,0,0,0,0,0,0,1,0,0,2023-08-21,1,0.75,0.5,0.4583333333333333
TXN_7908929,0,0,0,0,0,0,0,1,0,0,1,2023-11-18,1,0.25,0.125,0.08333333333333333
TXN_6411390,0,0,0,1,0,0,0,0,1,0,0,2023-09-07,0,0.0,0.5,0.08333333333333333
TXN_5784400,1,0,0,0,0,0,0,0,0,0,1,2023-11-25,0,0.75,0.5,0.4583333333333333
TXN_9660737,0,0,1,0,0,0,0,0,1,0,0,2023-05-19,0,1.0,0.0,0.16666666666666666
TXN_9719954,0,0,0,0,0,0,0,1,0,0,1,2023-01-16,1,0.0,0.125,0.020833333333333332
TXN_3287282,0,0,0,0,0,0,0,1,0,0,1,2023-09-23,1,0.25,0.125,0.08333333333333333
TXN_7368518,1,0,0,0,0,0,0,0,0,0,1,2023-03-14,1,0.5,0.5,0.3333333333333333
TXN_6068074,0,0,0,0,0,0,1,0,1,0,0,2023-06-01,0,0.25,0.75,0.29166666666666663
TXN_2265329,1,0,0,0,0,0,0,0,0,1,0,2023-12-23,0,1.0,0.5,0.5833333333333333
TXN_8500316,0,0,0,0,0,1,0,0,0,1,0,2023-03-10,1,0.75,0.75,0.625
TXN_4235472,0,0,0,0,1,0,0,0,1,0,0,2023-12-22,1,1.0,1.0,1.0
TXN_1701798,0,1,0,0,0,0,0,0,1,0,0,2023-07-24,1,0.25,0.25,0.125
TXN_4352950,0,1,0,0,0,0,0,0,0,0,1,2023-02-06,1,0.0,0.25,0.041666666666666664
TXN_4807899,0,1,0,0,0,0,0,0,0,0,1,2023-07-03,1,1.0,0.25,0.375
TXN_4916085,0,0,0,1,0,0,0,0,0,0,1,2023-03-03,1,0.0,0.5,0.08333333333333333
TXN_2764819,0,0,0,1,0,0,0,0,0,1,0,2023-02-23,1,0.0,0.5,0.08333333333333333
TXN_2102950,0,1,0,0,0,0,0,0,0,0,1,2023-12-07,1,1.0,0.25,0.375
TXN_5530180,0,0,1,0,0,0,0,0,0,1,0,2023-09-06,0,1.0,0.0,0.16666666666666666
TXN_6774559,0,0,1,0,0,0,0,0,0,1,0,2023-02-18,0,0.25,0.0,0.041666666666666664
TXN_7914312,0,0,0,0,0,1,0,0,0,0,1,2023-06-06,0,1.0,0.75,0.7916666666666666
TXN_5282804,0,0,0,0,0,1,0,0,0,1,0,2023-12-01,0,0.0,0.75,0.125
TXN_6526078,0,0,0,0,0,1,0,0,1,0,0,2023-11-07,1,1.0,0.75,0.7916666666666666
TXN_4070040,1,0,0,0,0,0,0,0,0,1,0,2023-11-06,1,0.0,0.5,0.08333333333333333
TXN_7668576,0,0,0,1,0,0,0,0,0,0,1,2023-11-08,1,0.25,0.5,0.20833333333333331
TXN_2210019,0,0,0,0,0,1,0,0,1,0,0,2023-12-05,0,0.5,0.75,0.4583333333333333
TXN_4727260,0,0,0,0,0,0,0,1,1,0,0,2023-01-30,0,0.25,0.125,0.08333333333333333
TXN_2617632,0,0,0,0,0,0,1,0,0,0,1,2023-10-17,0,0.75,0.75,0.625
TXN_5585601,1,0,0,0,0,0,0,0,0,0,1,2023-05-28,1,0.75,0.5,0.4583333333333333
TXN_8019306,0,0,0,1,0,0,0,0,0,1,0,2023-05-21,0,0.0,0.5,0.08333333333333333
TXN_6469563,0,0,0,1,0,0,0,0,0,1,0,2023-03-04,1,1.0,0.5,0.5833333333333333
TXN_4059695,0,0,0,0,1,0,0,0,1,0,0,2023-12-30,1,0.5,1.0,0.5833333333333333
TXN_2393287,1,0,0,0,0,0,0,0,1,0,0,2023-04-14,1,0.25,0.5,0.20833333333333331
TXN_3799280,0,1,0,0,0,0,0,0,1,0,0,2023-09-23,1,1.0,0.25,0.375
TXN_1454024,0,0,1,0,0,0,0,0,0,0,1,2023-02-06,1,1.0,0.0,0.16666666666666666
TXN_2749862,0,0,0,0,1,0,0,0,0,0,1,2023-07-19,0,0.75,1.0,0.7916666666666666
TXN_3863625,0,0,0,0,1,0,0,0,1,0,0,2023-09-04,0,1.0,1.0,1.0
TXN_2928676,0,0,1,0,0,0,0,0,0,1,0,2023-06-09,0,0.0,0.0,0.0
TXN_4030763,0,0,0,0,1,0,0,0,1,0,0,2023-06-17,1,0.25,1.0,0.375
TXN_6853830,0,0,0,0,0,0,0,1,0,0,1,2023-07-13,0,1.0,0.125,0.2708333333333333
TXN_3877643,0,0,0,1,0,0,0,0,1,0,0,2023-11-15,0,0.75,0.5,0.4583333333333333
TXN_9395554,0,1,0,0,0,0,0,0,1,0,0,2023-03-31,1,0.75,0.25,0.29166666666666663
TXN_3755657,0,0,0,0,0,0,1,0,0,0,1,2023-03-24,0,0.25,0.75,0.29166666666666663
TXN_6987232,0,0,0,1,0,0,0,0,0,0,1,2023-06-02,0,1.0,0.5,0.5833333333333333
TXN_8045032,0,0,0,1,0,0,0,0,0,0,1,2023-02-20,0,0.75,0.5,0.4583333333333333
TXN_3288233,0,0,0,1,0,0,0,0,1,0,0,2023-12-24,0,1.0,0.5,0.5833333333333333
TXN_4231121,0,1,0,0,0,0,0,0,0,0,1,2023-09-01,1,0.75,0.25,0.29166666666666663
TXN_8932087,0,0,0,1,0,0,0,0,0,0,1,2023-10-30,1,0.0,0.5,0.08333333333333333
TXN_6189486,0,0,0,0,0,1,0,0,0,1,0,2023-03-23,1,1.0,0.75,0.7916666666666666
TXN_2489067,0,0,0,1,0,0,0,0,0,0,1,2023-07-05,1,0.25,0.5,0.20833333333333331
TXN_7293600,1,0,0,0,0,0,0,0,0,0,1,2023-10-28,0,0.5,0.5,0.3333333333333333
TXN_3147874,0,0,1,0,0,0,0,0,0,0,1,2023-03-15,1,0.0,0.0,0.0
TXN_5279293,0,0,0,0,0,1,0,0,0,0,1,2023-11-11,1,0.5,0.75,0.4583333333333333
TXN_3488082,0,0,0,0,0,1,0,0,0,0,1,2023-04-12,0,0.0,0.75,0.125
TXN_3342106,0,0,0,0,0,1,0,0,0,1,0,2023-01-14,0,0.0,0.75,0.125
TXN_3713880,0,0,0,0,1,0,0,0,0,1,0,2023-06-30,0,1.0,1.0,1.0
TXN_1967032,0,0,0,0,0,0,0,1,0,0,1,2023-01-12,1,0.0,0.125,0.020833333333333332
TXN_6587151,0,0,0,0,0,0,1,0,0,1,0,2023-10-07,0,0.75,0.75,0.625
TXN_2630698,0,0,0,0,0,1,0,0,0,1,0,2023-08-22,1,0.25,0.75,0.29166666666666663
TXN_3632558,0,1,0,0,0,0,0,0,1,0,0,2023-08-10,1,0.25,0.25,0.125
TXN_8228500,0,0,0,0,0,0,0,1,0,0,1,2023-04-15,0,0.5,0.125,0.14583333333333331
TXN_9708632,0,1,0,0,0,0,0,0,1,0,0,2023-01-06,0,1.0,0.25,0.375
TXN_3543930,0,0,0,1,0,0,0,0,0,1,0,2023-10-10,1,0.25,0.5,0.20833333333333331
TXN_1037464,0,0,0,0,0,1,0,0,0,0,1,2023-02-14,1,1.0,0.75,0.7916666666666666
TXN_3508619,0,0,0,0,0,0,1,0,0,0,1,2023-09-04,1,0.75,0.75,0.625
TXN_4553403,0,1,0,0,0,0,0,0,1,0,0,2023-06-20,0,1.0,0.25,0.375
TXN_5747509,0,0,1,0,0,0,0,0,1,0,0,2023-10-30,0,0.25,0.0,0.041666666666666664
TXN_7910572,0,0,0,0,0,1,0,0,0,1,0,2023-07-07,1,0.75,0.75,0.625
TXN_9012517,0,1,0,0,0,0,0,0,0,1,0,2023-10-21,0,0.25,0.25,0.125
TXN_8237192,0,0,0,0,0,1,0,0,1,0,0,2023-10-03,1,0.5,0.75,0.4583333333333333
TXN_5303092,0,0,0,0,0,0,0,1,0,1,0,2023-05-05,0,0.25,0.125,0.08333333333333333
TXN_3136657,1,0,0,0,0,0,0,0,1,0,0,2023-09-21,0,0.25,0.5,0.20833333333333331
TXN_3865641,1,0,0,0,0,0,0,0,0,0,1,2023-09-15,0,1.0,0.5,0.5833333333333333
TXN_1049697,0,0,0,0,0,0,0,1,1,0,0,2023-10-08,0,0.5,0.125,0.14583333333333331
TXN_3420316,0,0,0,0,0,1,0,0,0,1,0,2023-10-31,1,0.5,0.75,0.4583333333333333
TXN_6568307,0,1,0,0,0,0,0,0,1,0,0,2023-07-16,0,0.0,0.25,0.041666666666666664
TXN_8281347,0,0,0,1,0,0,0,0,0,1,0,2023-08-11,0,0.75,0.5,0.4583333333333333
TXN_8353202,0,0,0,0,0,1,0,0,0,0,1,2023-06-14,0,0.75,0.75,0.625
TXN_7377398,0,0,0,1,0,0,0,0,1,0,0,2023-02-26,1,0.25,0.5,0.20833333333333331
TXN_6915068,0,0,0,1,0,0,0,0,1,0,0,2023-11-26,0,0.25,0.5,0.20833333333333331
TXN_8704802,0,0,0,0,0,0,1,0,1,0,0,2023-08-30,0,0.5,0.75,0.4583333333333333
TXN_1983422,0,0,1,0,0,0,0,0,0,0,1,2023-06-26,0,0.25,0.0,0.041666666666666664
TXN_1603186,1,0,0,0,0,0,0,0,1,0,0,2023-10-13,1,0.5,0.5,0.3333333333333333
TXN_5572520,0,0,0,0,0,0,1,0,1,0,0,2023-05-14,1,1.0,0.75,0.7916666666666666
TXN_2021680,0,0,0,1,0,0,0,0,0,0,1,2023-08-16,1,0.5,0.5,0.3333333333333333
TXN_9220900,0,0,1,0,0,0,0,0,0,0,1,2023-06-19,0,0.75,0.0,0.125
TXN_6123007,0,1,0,0,0,0,0,0,0,0,1,2023-05-28,1,0.5,0.25,0.20833333333333331
TXN_2832660,0,0,0,0,0,0,1,0,0,1,0,2023-01-08,0,0.25,0.75,0.29166666666666663
TXN_7697496,0,0,0,0,1,0,0,0,0,0,1,2023-06-18,1,0.0,1.0,0.16666666666666666
TXN_9802838,0,0,0,0,0,0,0,1,0,0,1,2023-02-15,1,0.0,0.125,0.020833333333333332
TXN_4011509,0,0,0,0,0,0,1,0,0,0,1,2023-11-10,0,0.75,0.75,0.625
TXN_6786730,0,1,0,0,0,0,0,0,0,1,0,2023-04-15,0,0.0,0.25,0.041666666666666664
TXN_3641356,0,0,0,1,0,0,0,0,0,1,0,2023-07-26,0,0.5,0.5,0.3333333333333333
TXN_8245502,0,0,0,0,1,0,0,0,0,1,0,2023-03-16,0,0.0,1.0,0.16666666666666666
TXN_3645818,0,0,1,0,0,0,0,0,0,0,1,2023-03-18,1,0.0,0.0,0.0
TXN_1318238,0,0,0,0,0,1,0,0,0,0,1,2023-09-23,1,0.0,0.75,0.125
TXN_1970180,1,0,0,0,0,0,0,0,0,0,1,2023-08-02,1,0.25,0.5,0.20833333333333331
TXN_5415223,0,0,0,0,0,0,0,1,1,0,0,2023-09-02,0,0.25,0.125,0.08333333333333333
TXN_4777601,0,0,0,0,0,0,0,1,0,1,0,2023-08-18,0,0.0,0.125,0.020833333333333332
TXN_2023651,0,0,0,0,0,1,0,0,1,0,0,2023-05-25,0,0.5,0.75,0.125
TXN_5110688,0,0,0,0,1,0,0,0,0,0,1,2023-05-09,1,0.5,1.0,0.5833333333333333
TXN_7497122,0,0,0,0,0,1,0,0,0,0,1,2023-03-23,1,1.0,0.75,0.7916666666666666
TXN_4870483,0,1,0,0,0,0,0,0,0,0,1,2023-03-03,1,0.0,0.25,0.041666666666666664
TXN_3003979,0,0,0,0,0,0,0,1,0,0,1,2023-01-08,1,0.0,0.125,0.020833333333333332
TXN_3838923,0,0,0,1,0,0,0,0,1,0,0,2023-06-03,1,0.75,0.5,0.4583333333333333
TXN_1998143,0,0,1,0,0,0,0,0,0,0,1,2023-12-10,0,0.0,0.0,0.0
TXN_2458782,0,0,0,0,1,0,0,0,1,0,0,2023-04-15,0,0.0,1.0,0.16666666666666666
TXN_1256513,0,1,0,0,0,0,0,0,0,1,0,2023-02-21,0,0.75,0.25,0.29166666666666663
TXN_6266187,0,0,0,0,0,0,0,1,0,1,0,2023-11-26,0,1.0,0.125,0.2708333333333333
TXN_9432758,0,0,1,0,0,0,0,0,1,0,0,2023-10-02,1,0.5,0.0,0.08333333333333333
TXN_1254663,0,1,0,0,0,0,0,0,0,1,0,2023-08-15,1,0.5,0.25,0.20833333333333331
TXN_7174856,0,0,0,0,0,1,0,0,1,0,0,2023-05-03,1,0.0,0.75,0.125
TXN_5548756,0,0,1,0,0,0,0,0,0,1,0,2023-09-09,1,0.75,0.0,0.125
TXN_2736267,0,0,0,0,1,0,0,0,0,0,1,2023-03-17,0,1.0,1.0,1.0
TXN_7595907,0,0,0,0,1,0,0,0,0,0,1,2023-04-24,0,1.0,0.5,0.5833333333333333
TXN_1990997,0,0,0,0,1,0,0,0,0,0,1,2023-03-27,0,0.0,1.0,0.16666666666666666
TXN_3820150,0,0,0,0,0,0,0,1,0,0,1,2023-05-10,0,0.0,0.125,0.020833333333333332
TXN_7325508,0,0,0,0,1,0,0,0,0,1,0,2023-05-27,1,0.75,1.0,0.7916666666666666
TXN_5398134,0,1,0,0,0,0,0,0,0,1,0,2023-10-01,1,0.25,0.25,0.125
TXN_2150872,0,1,0,0,0,0,0,0,1,0,0,2023-03-18,1,1.0,0.5,0.5833333333333333
TXN_6563365,0,0,0,1,0,0,0,0,0,0,1,2023-03-05,1,0.75,0.5,0.4583333333333333
TXN_9669616,0,1,0,0,0,0,0,0,0,0,1,2023-06-03,1,0.25,0.25,0.20833333333333331
TXN_1936447,0,0,1,0,0,0,0,0,1,0,0,2023-10-28,1,0.25,0.0,0.041666666666666664
TXN_8469087,0,0,0,0,1,0,0,0,0,0,1,2023-11-06,1,0.25,1.0,0.375
TXN_5556985,0,0,0,1,0,0,0,0,0,0,1,2023-03-12,0,0.5,0.5,0.3333333333333333
TXN_8621589,0,0,0,1,0,0,0,0,0,0,1,2023-11-15,0,1.0,0.5,0.5833333333333333
TXN_9901097,0,1,0,0,0,0,0,0,1,0,0,2023-01-07,0,0.0,0.25,0.041666666666666664
TXN_8783484,0,0,0,0,0,0,1,0,1,0,0,2023-11-20,0,0.0,0.75,0.125
TXN_9599703,1,0,0,0,0,0,0,0,0,0,1,2023-09-25,0,0.25,0.5,0.20833333333333331
TXN_1353248,0,0,0,0,0,1,0,0,1,0,0,2023-09-03,0,0.5,0.75,0.4583333333333333
TXN_2470745,0,0,0,0,0,1,0,0,0,0,1,2023-01-10,0,0.25,0.75,0.29166666666666663
TXN_1266598,1,0,0,0,0,0,0,0,0,0,1,2023-04-05,1,0.75,0.5,0.4583333333333333
TXN_5445994,0,0,0,1,0,0,0,0,0,1,0,2023-06-11,0,0.0,0.5,0.08333333333333333
TXN_5689687,1,0,0,0,0,0,0,0,0,0,1,2023-06-04,0,1.0,0.5,0.5833333333333333
TXN_2208733,0,0,0,1,0,0,0,0,1,0,0,2023-06-20,1,0.0,0.5,0.08333333333333333
TXN_1547245,0,0,0,0,0,1,0,0,0,1,0,2023-09-11,1,1.0,0.75,0.4583333333333333
TXN_4694285,0,0,0,0,0,0,0,1,0,0,1,2023-01-25,0,0.5,0.125,0.14583333333333331
TXN_3829375,0,0,0,1,0,0,0,0,1,0,0,2023-12-18,0,1.0,0.5,0.5833333333333333
TXN_1932224,0,1,0,0,0,0,0,0,0,1,0,2023-09-09,1,0.0,0.25,0.041666666666666664
TXN_5468153,0,0,0,0,0,0,1,0,0,0,1,2023-12-15,0,1.0,0.75,0.7916666666666666
TXN_9363711,0,1,0,0,0,0,0,0,0,0,1,2023-11-23,1,1.0,0.25,0.375
TXN_6845073,0,0,1,0,0,0,0,0,0,1,0,2023-04-05,0,0.0,0.0,0.0
TXN_1621227,0,1,0,0,0,0,0,0,1,0,0,2023-01-30,1,0.25,0.25,0.125
TXN_1691313,0,0,0,0,0,1,0,0,0,0,1,2023-03-17,1,0.25,0.75,0.29166666666666663
TXN_4007522,1,0,0,0,0,0,0,0,1,0,0,2023-12-20,1,0.25,0.5,0.20833333333333331
TXN_3175177,0,0,0,1,0,0,0,0,0,1,0,2023-10-24,1,0.5,0.5,0.3333333333333333
TXN_9282265,0,0,0,0,1,0,0,0,0,1,0,2023-03-20,1,0.25,1.0,0.375
TXN_8265257,0,1,0,0,0,0,0,0,0,1,0,2023-10-25,0,0.0,0.25,0.041666666666666664
TXN_5425668,0,0,1,0,0,0,0,0,1,0,0,2023-04-09,1,1.0,0.0,0.16666666666666666
TXN_7738455,0,0,0,0,0,0,0,1,0,0,1,2023-06-05,0,0.5,0.125,0.14583333333333331
TXN_7349681,0,0,0,0,1,0,0,0,1,0,0,2023-08-09,0,0.0,1.0,0.16666666666666666
TXN_2660576,0,0,0,0,0,1,0,0,1,0,0,2023-05-15,1,0.0,0.75,0.125
TXN_2101934,0,0,0,0,0,0,1,0,1,0,0,2023-11-27,0,0.75,0.75,0.625
TXN_1525583,0,0,0,0,0,1,0,0,1,0,0,2023-05-20,1,0.5,0.75,0.4583333333333333
TXN_6110108,0,0,0,0,0,0,0,1,0,1,0,2023-02-10,1,1.0,0.125,0.2708333333333333
TXN_9205425,0,0,0,0,0,1,0,0,0,0,1,2023-09-16,1,0.5,0.75,0.4583333333333333
TXN_9306482,0,0,0,0,0,0,1,0,0,0,1,2023-01-16,1,0.25,0.75,0.29166666666666663
TXN_8407849,0,0,1,0,0,0,0,0,0,0,1,2023-05-05,0,0.25,0.0,0.041666666666666664
TXN_3162244,0,0,0,0,0,1,0,0,0,0,1,2023-12-15,0,1.0,0.75,0.7916666666666666
TXN_9121687,0,0,0,0,0,1,0,0,0,1,0,2023-05-13,0,0.25,0.75,0.29166666666666663
TXN_3182191,1,0,0,0,0,0,0,0,0,0,1,2023-07-21,1,1.0,0.5,0.5833333333333333
TXN_4734366,0,0,0,0,0,0,1,0,0,1,0,2023-08-20,1,0.0,0.75,0.125
TXN_4430006,0,0,0,1,0,0,0,0,0,1,0,2023-01-14,0,1.0,0.5,0.5833333333333333
TXN_7341975,0,0,0,1,0,0,0,0,0,0,1,2023-07-29,1,0.25,0.5,0.20833333333333331
TXN_8787149,0,0,0,1,0,0,0,0,0,1,0,2023-04-20,1,0.0,0.5,0.08333333333333333
TXN_4224284,0,0,1,0,0,0,0,0,1,0,0,2023-09-04,1,0.25,0.0,0.041666666666666664
TXN_2177436,1,0,0,0,0,0,0,0,0,1,0,2023-03-13,1,0.0,0.5,0.08333333333333333
TXN_5097542,1,0,0,0,0,0,0,0,1,0,0,2023-05-15,0,1.0,0.5,0.5833333333333333
TXN_4260738,0,1,0,0,0,0,0,0,0,1,0,2023-11-15,0,0.25,0.25,0.125
TXN_5402821,0,0,0,0,1,0,0,0,0,1,0,2023-11-29,0,0.75,1.0,0.7916666666666666
TXN_4130343,0,1,0,0,0,0,0,0,0,1,0,2023-12-08,0,0.75,0.25,0.29166666666666663
TXN_3028667,0,0,0,1,0,0,0,0,1,0,0,2023-11-24,1,0.25,0.5,0.20833333333333331
TXN_8592808,0,0,0,0,0,0,1,0,0,1,0,2023-04-02,1,0.0,0.75,0.125
TXN_5875201,0,0,0,0,0,1,0,0,0,1,0,2023-01-31,0,0.0,0.75,0.125
TXN_6849062,0,1,0,0,0,0,0,0,1,0,0,2023-07-30,1,1.0,0.25,0.375
TXN_4336844,0,0,0,0,0,0,1,0,0,0,1,2023-07-09,1,0.75,0.75,0.625
TXN_6090715,0,0,0,1,0,0,0,0,0,1,0,2023-11-14,0,0.5,0.5,0.3333333333333333
TXN_9162014,1,0,0,0,0,0,0,0,1,0,0,2023-07-21,0,0.0,0.5,0.08333333333333333
TXN_4751689,0,0,0,0,0,0,1,0,1,0,0,2023-07-28,0,1.0,0.75,0.7916666666666666
TXN_2200163,0,1,0,0,0,0,0,0,1,0,0,2023-03-13,1,0.75,0.25,0.29166666666666663
TXN_7310903,0,0,0,0,0,0,1,0,0,1,0,2023-09-10,0,0.5,0.75,0.4583333333333333
TXN_7155957,0,0,0,0,1,0,0,0,0,0,1,2023-02-22,0,1.0,1.0,1.0
TXN_4350828,0,0,0,1,0,0,0,0,0,0,1,2023-02-16,0,0.25,0.5,0.20833333333333331
TXN_7539585,0,0,0,0,0,0,1,0,0,0,1,2023-10-20,1,1.0,0.75,0.7916666666666666
TXN_6868763,1,0,0,0,0,0,0,0,0,0,1,2023-01-13,0,0.5,0.5,0.3333333333333333
TXN_6156180,0,1,0,0,0,0,0,0,1,0,0,2023-07-25,0,1.0,0.25,0.375
TXN_4970127,0,0,0,0,0,0,0,1,0,0,1,2023-12-09,0,0.0,0.125,0.020833333333333332
TXN_9567719,0,0,0,0,0,1,0,0,0,0,1,2023-01-24,0,1.0,0.75,0.7916666666666666
TXN_2950265,0,0,0,0,1,0,0,0,0,1,0,2023-08-23,1,0.5,1.0,0.5833333333333333
TXN_1556609,0,0,0,0,0,1,0,0,0,0,1,2023-07-21,1,0.0,0.75,0.125
TXN_2203547,0,0,0,1,0,0,0,0,1,0,0,2023-07-01,0,0.5,0.5,0.3333333333333333
TXN_1084010,0,0,0,0,0,0,1,0,0,1,0,2023-08-11,0,0.25,0.75,0.29166666666666663
TXN_4218637,0,0,0,0,0,0,0,1,1,0,0,2023-08-31,0,1.0,0.125,0.2708333333333333
TXN_2245465,0,0,0,0,1,0,0,0,0,0,1,2023-12-27,1,0.25,1.0,0.375
TXN_4742049,0,0,0,1,0,0,0,0,0,1,0,2023-09-10,1,0.0,0.5,0.08333333333333333
TXN_9889005,1,0,0,0,0,0,0,0,0,0,1,2023-12-16,0,0.5,0.5,0.3333333333333333
TXN_4840522,0,0,0,0,0,0,1,0,0,0,1,2023-06-16,0,0.5,0.75,0.4583333333333333
TXN_2585392,0,0,0,0,1,0,0,0,0,0,1,2023-07-12,1,0.75,1.0,0.7916666666666666
TXN_3135264,1,0,0,0,0,0,0,0,0,0,1,2023-08-25,1,0.25,0.5,0.20833333333333331
TXN_2180562,0,0,0,0,1,0,0,0,0,0,1,2023-07-02,1,0.25,1.0,0.375
TXN_5905580,0,0,1,0,0,0,0,0,1,0,0,2023-02-20,1,0.5,0.0,0.08333333333333333
TXN_5993677,1,0,0,0,0,0,0,0,0,0,1,2023-01-28,1,0.75,0.5,0.4583333333333333
TXN_8984991,0,0,0,0,0,0,1,0,0,1,0,2023-05-17,0,0.5,0.75,0.4583333333333333
TXN_3522597,0,0,0,0,0,0,0,1,0,0,1,2023-02-04,0,0.5,0.125,0.14583333333333331
TXN_6123633,0,0,0,0,1,0,0,0,1,0,0,2023-01-16,0,0.5,1.0,0.5833333333333333
TXN_6769554,0,1,0,0,0,0,0,0,0,1,0,2023-02-06,1,1.0,0.25,0.375
TXN_5761414,0,0,0,0,0,0,1,0,0,0,1,2023-10-02,1,0.0,0.75,0.125
TXN_5157516,0,0,0,0,1,0,0,0,0,1,0,2023-10-09,0,0.5,1.0,0.5833333333333333
TXN_2614633,0,1,0,0,0,0,0,0,0,0,1,2023-04-23,0,0.75,0.25,0.29166666666666663
TXN_3781240,1,0,0,0,0,0,0,0,0,0,1,2023-05-27,1,1.0,0.5,0.5833333333333333
TXN_7068823,0,0,0,0,0,0,1,0,0,1,0,2023-06-28,1,0.75,0.75,0.625
TXN_2085081,1,0,0,0,0,0,0,0,1,0,0,2023-03-14,1,0.25,0.5,0.20833333333333331
TXN_3399636,0,0,0,1,0,0,0,0,0,0,1,2023-08-07,1,0.5,0.5,0.3333333333333333
TXN_8587529,0,0,1,0,0,0,0,0,0,1,0,2023-07-09,1,0.25,0.0,0.041666666666666664
TXN_1476775,0,0,0,0,1,0,0,0,0,1,0,2023-11-01,1,0.5,1.0,0.5833333333333333
TXN_6945985,0,0,0,0,0,0,0,1,0,0,1,2023-02-13,0,0.5,0.125,0.14583333333333331
TXN_4117627,1,0,0,0,0,0,0,0,0,1,0,2023-06-22,0,0.5,0.5,0.3333333333333333
TXN_7530300,0,1,0,0,0,0,0,0,0,0,1,2023-05-08,0,0.5,0.25,0.20833333333333331
TXN_7071783,0,0,1,0,0,0,0,0,1,0,0,2023-07-04,1,0.75,0.0,0.125
TXN_3676305,0,0,0,0,1,0,0,0,0,1,0,2023-06-14,1,1.0,1.0,1.0
TXN_8867827,0,0,0,0,0,0,0,1,0,0,1,2023-01-14,1,0.0,0.125,0.020833333333333332
TXN_9061106,1,0,0,0,0,0,0,0,0,0,1,2023-11-04,1,0.75,0.5,0.4583333333333333
TXN_1245485,1,0,0,0,0,0,0,0,0,0,1,2023-05-15,0,0.0,0.5,0.08333333333333333
TXN_1357780,0,0,0,0,0,0,0,1,0,1,0,2023-10-23,0,0.75,0.125,0.20833333333333331
TXN_4075053,0,0,0,0,0,0,1,0,0,0,1,2023-02-27,1,0.5,0.75,0.4583333333333333
TXN_6113724,0,1,0,0,0,0,0,0,0,0,1,2023-03-26,1,0.0,0.25,0.041666666666666664
TXN_6496176,0,0,1,0,0,0,0,0,0,1,0,2023-07-26,0,0.75,0.0,0.125
TXN_2381411,0,1,0,0,0,0,0,0,1,0,0,2023-07-30,0,1.0,0.25,0.375
TXN_9210096,0,0,0,0,0,0,1,0,0,1,0,2023-05-25,0,0.5,0.75,0.4583333333333333
TXN_4563544,0,0,0,0,0,1,0,0,1,0,0,2023-06-10,0,1.0,0.75,0.7916666666666666
TXN_2546684,0,0,0,1,0,0,0,0,0,0,1,2023-04-08,1,0.0,0.5,0.5833333333333333
TXN_4623468,0,1,0,0,0,0,0,0,0,1,0,2023-02-06,1,1.0,0.25,0.375
TXN_2168277,0,0,1,0,0,0,0,0,0,0,1,2023-06-02,1,0.0,0.0,0.0
TXN_9178545,0,0,0,1,0,0,0,0,1,0,0,2023-01-24,0,0.75,0.5,0.4583333333333333
TXN_8535886,0,0,0,0,0,0,0,1,0,1,0,2023-05-13,0,1.0,0.125,0.2708333333333333
TXN_1037486,0,0,0,0,1,0,0,0,0,0,1,2023-03-12,0,1.0,1.0,1.0
TXN_7978452,1,0,0,0,0,0,0,0,0,0,1,2023-10-03,0,1.0,0.5,0.5833333333333333
TXN_8488163,0,0,0,0,0,1,0,0,0,1,0,2023-01-19,0,0.75,0.75,0.625
TXN_6926855,0,0,0,0,0,1,0,0,1,0,0,2023-01-12,1,0.5,0.75,0.4583333333333333
TXN_9869593,1,0,0,0,0,0,0,0,0,0,1,2023-10-03,1,0.25,0.5,0.20833333333333331
TXN_3055407,0,0,0,0,0,0,0,1,0,0,1,2023-06-03,0,0.25,0.125,0.08333333333333333
TXN_4981027,0,1,0,0,0,0,0,0,0,0,1,2023-08-02,0,0.5,0.25,0.20833333333333331
TXN_5332773,0,1,0,0,0,0,0,0,0,0,1,2023-05-04,1,0.25,0.25,0.125
TXN_5946554,1,0,0,0,0,0,0,0,1,0,0,2023-03-01,0,0.25,0.5,0.20833333333333331
TXN_7508715,0,0,0,0,0,0,1,0,1,0,0,2023-12-11,0,0.25,0.75,0.29166666666666663
TXN_9728789,0,0,1,0,0,0,0,0,1,0,0,2023-03-29,0,0.5,0.0,0.08333333333333333
TXN_8061866,0,0,0,0,1,0,0,0,1,0,0,2023-12-13,1,0.75,1.0,0.7916666666666666
TXN_8961034,0,0,0,1,0,0,0,0,1,0,0,2023-01-21,1,0.25,0.5,0.20833333333333331
TXN_1099119,0,0,0,0,0,0,1,0,1,0,0,2023-02-09,1,0.75,0.75,0.625
TXN_2421387,0,0,1,0,0,0,0,0,1,0,0,2023-04-09,1,0.75,0.0,0.125
TXN_8627017,0,0,0,0,0,0,0,1,1,0,0,2023-01-28,0,0.75,0.125,0.20833333333333331
TXN_7468084,0,1,0,0,0,0,0,0,0,1,0,2023-06-14,1,1.0,0.25,0.375
TXN_1185069,0,0,0,0,1,0,0,0,0,0,1,2023-02-21,1,0.0,1.0,0.16666666666666666
TXN_5100941,0,0,1,0,0,0,0,0,0,0,1,2023-07-11,1,1.0,0.0,0.16666666666666666
TXN_6428745,1,0,0,0,0,0,0,0,0,1,0,2023-06-02,1,0.0,0.5,0.08333333333333333
TXN_4096757,0,0,0,0,1,0,0,0,0,1,0,2023-07-20,0,1.0,1.0,1.0
TXN_6057914,0,0,0,0,0,0,1,0,0,0,1,2023-03-18,1,0.25,0.75,0.29166666666666663
TXN_2517078,0,0,0,0,0,1,0,0,0,0,1,2023-03-07,0,0.25,0.75,0.29166666666666663
TXN_2890321,0,0,0,0,0,0,0,1,1,0,0,2023-06-13,0,0.5,0.125,0.14583333333333331
TXN_4808812,0,0,0,0,0,0,1,0,1,0,0,2023-05-31,0,0.75,0.75,0.625
TXN_1866707,0,0,0,0,0,0,1,0,1,0,0,2023-06-05,0,0.5,0.75,0.4583333333333333
TXN_9745609,0,0,0,0,1,0,0,0,0,0,1,2023-02-05,1,0.5,1.0,0.5833333333333333
TXN_8488298,1,0,0,0,0,0,0,0,1,0,0,2023-11-03,1,0.5,0.5,0.3333333333333333
TXN_2515796,0,0,0,0,0,0,0,1,0,1,0,2023-02-06,1,0.5,0.125,0.14583333333333331
TXN_2369294,0,0,0,0,0,1,0,0,1,0,0,2023-09-07,1,0.25,0.75,0.29166666666666663
TXN_9444736,0,0,0,0,0,0,0,1,0,1,0,2023-04-23,1,1.0,0.125,0.2708333333333333
TXN_4764398,0,0,0,0,0,1,0,0,0,1,0,2023-06-13,1,0.25,0.75,0.29166666666666663
TXN_8696392,0,0,0,1,0,0,0,0,1,0,0,2023-04-16,0,0.0,0.5,0.08333333333333333
TXN_1993675,0,0,1,0,0,0,0,0,1,0,0,2023-01-09,1,0.5,0.0,0.08333333333333333
TXN_7754136,0,0,1,0,0,0,0,0,0,1,0,2023-07-12,0,0.0,0.0,0.0
TXN_4873173,0,1,0,0,0,0,0,0,1,0,0,2023-10-08,1,1.0,0.25,0.375
TXN_7221126,0,0,0,0,0,0,0,1,0,0,1,2023-10-11,0,1.0,0.125,0.2708333333333333
TXN_4537288,0,0,1,0,0,0,0,0,1,0,0,2023-02-25,0,0.0,0.0,0.0
TXN_5492760,1,0,0,0,0,0,0,0,1,0,0,2023-08-10,1,0.25,0.5,0.20833333333333331
TXN_5079166,0,0,0,0,1,0,0,0,0,1,0,2023-04-15,1,1.0,1.0,1.0
TXN_4597600,0,0,1,0,0,0,0,0,0,0,1,2023-11-15,1,1.0,0.0,0.16666666666666666
TXN_6568440,0,0,1,0,0,0,0,0,0,0,1,2023-06-15,1,0.0,0.0,0.0
TXN_1713639,0,0,1,0,0,0,0,0,0,1,0,2023-08-04,0,0.0,0.0,0.0
TXN_4780352,0,0,0,0,1,0,0,0,0,0,1,2023-01-12,1,0.0,1.0,0.16666666666666666
TXN_6419344,0,0,0,1,0,0,0,0,1,0,0,2023-05-26,0,0.0,0.5,0.08333333333333333
TXN_3669068,1,0,0,0,0,0,0,0,1,0,0,2023-01-17,1,1.0,0.5,0.5833333333333333
TXN_2201248,0,0,0,0,0,0,0,1,1,0,0,2023-07-20,1,0.0,0.125,0.020833333333333332
TXN_4432252,0,0,0,0,0,0,1,0,0,1,0,2023-02-16,0,1.0,0.75,0.7916666666666666
TXN_6595038,0,0,1,0,0,0,0,0,1,0,0,2023-02-08,1,0.25,0.0,0.041666666666666664
TXN_2940895,1,0,0,0,0,0,0,0,0,1,0,2023-02-20,1,0.75,0.5,0.4583333333333333
TXN_9796122,0,0,0,0,1,0,0,0,0,0,1,2023-10-15,0,0.5,1.0,0.5833333333333333
TXN_4069354,0,0,0,0,1,0,0,0,0,0,1,2023-08-18,0,0.0,1.0,0.16666666666666666
TXN_9737509,0,0,0,0,0,0,0,1,0,0,1,2023-11-27,0,1.0,0.125,0.2708333333333333
TXN_8749404,0,1,0,0,0,0,0,0,0,0,1,2023-12-16,0,0.75,0.25,0.29166666666666663
TXN_2069068,1,0,0,0,0,0,0,0,0,1,0,2023-06-15,0,1.0,0.5,0.5833333333333333
TXN_7010812,0,0,0,0,1,0,0,0,0,0,1,2023-11-13,0,0.25,1.0,0.375
TXN_6411385,0,0,0,0,1,0,0,0,1,0,0,2023-06-06,1,0.75,1.0,0.7916666666666666
TXN_4375698,0,0,0,0,0,1,0,0,0,1,0,2023-12-30,0,1.0,0.75,0.7916666666666666
TXN_4768744,0,0,0,0,0,0,0,1,1,0,0,2023-05-14,0,1.0,0.125,0.2708333333333333
TXN_5260646,0,0,0,0,0,0,0,1,1,0,0,2023-11-18,1,0.75,0.125,0.20833333333333331
TXN_2393219,0,0,0,1,0,0,0,0,0,0,1,2023-12-27,0,0.75,0.5,0.4583333333333333
TXN_4544172,0,0,0,1,0,0,0,0,0,0,1,2023-05-20,1,0.0,0.5,0.08333333333333333
TXN_1180623,0,0,0,0,0,1,0,0,0,0,1,2023-09-23,0,1.0,0.75,0.7916666666666666
TXN_8275137,0,0,0,0,1,0,0,0,1,0,0,2023-11-16,0,0.75,1.0,0.7916666666666666
TXN_3758861,0,0,0,0,0,0,1,0,0,1,0,2023-07-03,1,0.5,0.75,0.4583333333333333
TXN_6279736,0,0,0,0,1,0,0,0,1,0,0,2023-08-25,1,0.0,1.0,0.16666666666666666
TXN_8661276,0,0,1,0,0,0,0,0,0,0,1,2023-01-07,0,0.0,0.0,0.0
TXN_5974796,0,0,0,0,0,1,0,0,1,0,0,2023-11-09,0,0.75,0.75,0.625
TXN_9880967,0,0,1,0,0,0,0,0,0,1,0,2023-01-15,0,0.5,0.0,0.08333333333333333
TXN_5452978,0,0,0,0,1,0,0,0,1,0,0,2023-04-10,0,0.25,1.0,0.375
TXN_7231153,0,0,0,0,1,0,0,0,1,0,0,2023-06-15,0,0.0,1.0,0.16666666666666666
TXN_6455517,1,0,0,0,0,0,0,0,1,0,0,2023-08-04,0,0.25,0.5,0.20833333333333331
TXN_4038488,0,0,0,1,0,0,0,0,0,1,0,2023-12-05,1,0.5,0.5,0.3333333333333333
TXN_3933290,0,1,0,0,0,0,0,0,0,1,0,2023-08-05,0,0.0,0.25,0.041666666666666664
TXN_9655661,0,0,0,1,0,0,0,0,0,0,1,2023-06-07,1,0.0,0.5,0.08333333333333333
TXN_7932830,1,0,0,0,0,0,0,0,0,0,1,2023-01-08,1,0.25,0.5,0.20833333333333331
TXN_1931190,0,0,1,0,0,0,0,0,1,0,0,2023-12-31,1,0.5,0.0,0.08333333333333333
TXN_8633758,0,0,0,0,1,0,0,0,0,1,0,2023-09-24,1,0.0,1.0,0.16666666666666666
TXN_4887189,0,0,0,0,0,0,1,0,1,0,0,2023-07-19,1,0.5,0.75,0.4583333333333333
TXN_7687146,0,1,0,0,0,0,0,0,0,0,1,2023-12-02,1,0.0,0.25,0.041666666666666664
TXN_9728414,0,0,0,0,0,0,0,1,0,1,0,2023-01-11,1,0.0,0.125,0.020833333333333332
TXN_3081950,0,0,1,0,0,0,0,0,0,0,1,2023-05-01,1,0.0,0.0,0.0
TXN_7589318,1,0,0,0,0,0,0,0,1,0,0,2023-09-21,0,0.75,0.5,0.4583333333333333
TXN_9452972,0,0,0,0,0,1,0,0,0,0,1,2023-02-10,0,0.5,0.75,0.4583333333333333
TXN_9299563,0,0,0,1,0,0,0,0,0,1,0,2023-03-27,0,1.0,0.5,0.5833333333333333
TXN_2273499,0,1,0,0,0,0,0,0,1,0,0,2023-01-27,1,0.5,0.25,0.20833333333333331
TXN_3374343,1,0,0,0,0,0,0,0,1,0,0,2023-09-02,1,0.25,0.5,0.20833333333333331
TXN_8732269,1,0,0,0,0,0,0,0,0,1,0,2023-01-11,1,0.25,0.5,0.20833333333333331
TXN_6763296,0,1,0,0,0,0,0,0,1,0,0,2023-10-04,1,1.0,0.25,0.375
TXN_3758250,0,0,0,0,1,0,0,0,1,0,0,2023-09-08,0,0.5,1.0,0.5833333333333333
TXN_7764304,1,0,0,0,0,0,0,0,0,1,0,2023-01-09,1,0.0,0.5,0.08333333333333333
TXN_8697749,0,0,1,0,0,0,0,0,0,1,0,2023-07-24,1,0.5,0.0,0.08333333333333333
TXN_6904247,0,0,0,0,0,0,1,0,0,1,0,2023-09-19,0,0.5,0.75,0.4583333333333333
TXN_6027798,0,0,1,0,0,0,0,0,0,0,1,2023-05-26,1,0.25,0.0,0.041666666666666664
TXN_4482692,0,0,0,0,1,0,0,0,0,1,0,2023-04-14,0,0.25,1.0,0.375
TXN_8196921,0,1,0,0,0,0,0,0,0,1,0,2023-05-19,1,0.75,0.25,0.29166666666666663
TXN_9289408,0,1,0,0,0,0,0,0,0,0,1,2023-09-23,0,0.75,0.25,0.29166666666666663
TXN_3771902,0,0,0,1,0,0,0,0,1,0,0,2023-03-31,1,1.0,0.5,0.5833333333333333
TXN_8506937,0,0,0,0,1,0,0,0,0,1,0,2023-09-07,0,0.0,1.0,0.16666666666666666
TXN_6706566,0,0,1,0,0,0,0,0,1,0,0,2023-09-01,1,0.5,0.0,0.08333333333333333
TXN_6217375,0,0,0,0,0,0,1,0,1,0,0,2023-12-07,0,1.0,0.75,0.7916666666666666
TXN_3779320,0,0,0,0,0,0,0,1,0,1,0,2023-03-27,0,0.75,0.125,0.20833333333333331
TXN_2894525,0,0,0,1,0,0,0,0,0,0,1,2023-04-16,1,0.5,0.5,0.3333333333333333
TXN_9789876,0,0,0,0,1,0,0,0,1,0,0,2023-09-05,1,0.75,1.0,0.7916666666666666
TXN_9129403,0,0,0,0,0,1,0,0,0,1,0,2023-12-05,1,0.5,0.75,0.4583333333333333
TXN_2944325,0,0,0,0,0,1,0,0,1,0,0,2023-12-18,0,0.75,0.75,0.625
TXN_5591155,0,0,0,0,0,0,1,0,0,1,0,2023-05-14,1,0.75,0.75,0.625
TXN_6532832,0,0,1,0,0,0,0,0,1,0,0,2023-06-23,0,1.0,0.0,0.16666666666666666
TXN_5992166,0,0,0,1,0,0,0,0,1,0,0,2023-10-01,1,1.0,0.5,0.5833333333333333
TXN_6895165,0,1,0,0,0,0,0,0,0,1,0,2023-02-18,1,0.5,0.25,0.20833333333333331
TXN_3410147,0,0,0,1,0,0,0,0,1,0,0,2023-09-30,0,0.0,0.5,0.08333333333333333
TXN_6269306,0,0,0,0,0,0,1,0,0,1,0,2023-08-29,1,1.0,0.75,0.7916666666666666
TXN_2132747,0,0,0,0,0,1,0,0,0,1,0,2023-12-19,0,0.25,0.75,0.29166666666666663
TXN_6241505,0,0,0,0,0,0,1,0,1,0,0,2023-11-20,1,0.75,0.75,0.625
TXN_7965585,0,0,0,0,0,0,1,0,0,0,1,2023-01-30,1,1.0,0.75,0.7916666666666666
TXN_1950063,0,0,0,0,1,0,0,0,1,0,0,2023-02-24,0,0.25,1.0,0.375
TXN_4682737,0,1,0,0,0,0,0,0,1,0,0,2023-02-03,1,0.25,0.25,0.125
TXN_4376376,0,0,0,0,1,0,0,0,0,0,1,2023-09-05,0,0.5,1.0,0.5833333333333333
TXN_9061471,1,0,0,0,0,0,0,0,0,0,1,2023-07-13,1,0.0,0.5,0.08333333333333333
TXN_8932070,0,0,0,0,0,0,1,0,0,0,1,2023-12-03,0,0.5,0.75,0.4583333333333333
TXN_8410979,0,0,0,0,0,0,1,0,0,0,1,2023-05-02,0,0.5,0.75,0.4583333333333333
TXN_3710523,0,0,0,0,0,1,0,0,0,0,1,2023-10-03,1,0.5,0.75,0.4583333333333333
TXN_8014289,0,0,0,1,0,0,0,0,0,0,1,2023-12-04,0,1.0,0.5,0.5833333333333333
TXN_1888294,0,0,0,1,0,0,0,0,1,0,0,2023-07-03,0,0.5,0.5,0.3333333333333333
TXN_8628615,0,1,0,0,0,0,0,0,0,1,0,2023-08-03,1,0.0,0.25,0.041666666666666664
TXN_2648236,0,0,0,0,0,0,1,0,0,1,0,2023-09-10,0,0.25,0.75,0.29166666666666663
TXN_1837817,0,0,0,0,0,0,0,1,1,0,0,2023-08-13,1,0.25,0.125,0.08333333333333333
TXN_8467229,0,0,0,0,0,0,0,1,0,0,1,2023-02-02,1,0.5,0.125,0.14583333333333331
TXN_4197575,0,0,0,0,1,0,0,0,0,1,0,2023-01-21,0,0.25,1.0,0.375
TXN_5863650,0,0,0,0,0,0,0,1,0,0,1,2023-08-09,0,0.0,0.125,0.020833333333333332
TXN_7371295,0,0,0,1,0,0,0,0,0,1,0,2023-03-28,0,0.5,0.5,0.3333333333333333
TXN_1292476,0,0,0,1,0,0,0,0,0,0,1,2023-09-07,1,0.75,0.5,0.4583333333333333
TXN_4872708,0,1,0,0,0,0,0,0,1,0,0,2023-11-16,1,1.0,0.25,0.375
TXN_1299936,0,1,0,0,0,0,0,0,0,1,0,2023-03-27,1,0.0,0.25,0.041666666666666664
TXN_2199236,0,0,0,0,0,0,1,0,0,0,1,2023-10-06,1,1.0,0.75,0.7916666666666666
TXN_1311237,0,0,1,0,0,0,0,0,0,1,0,2023-11-11,0,0.75,0.0,0.125
TXN_9265423,0,0,0,1,0,0,0,0,0,0,1,2023-10-20,0,0.0,0.5,0.08333333333333333
TXN_5808749,0,0,0,0,1,0,0,0,1,0,0,2023-01-25,1,0.0,1.0,0.16666666666666666
TXN_7677646,0,0,0,0,0,1,0,0,1,0,0,2023-02-15,0,1.0,0.75,0.7916666666666666
TXN_3894165,0,0,0,0,0,0,1,0,0,1,0,2023-03-31,1,1.0,0.75,0.7916666666666666
TXN_5270067,1,0,0,0,0,0,0,0,0,0,1,2023-03-09,1,0.5,0.5,0.3333333333333333
TXN_9326761,0,0,0,0,0,0,0,1,0,1,0,2023-01-02,0,0.0,0.125,0.020833333333333332
TXN_2168513,1,0,0,0,0,0,0,0,0,0,1,2023-02-09,0,0.0,0.5,0.08333333333333333
TXN_3947116,0,0,0,0,0,1,0,0,0,1,0,2023-01-13,1,0.0,0.75,0.125
TXN_7248722,1,0,0,0,0,0,0,0,1,0,0,2023-04-06,1,0.5,0.5,0.3333333333333333
TXN_9989458,0,0,0,0,0,0,1,0,1,0,0,2023-02-16,0,0.5,0.75,0.4583333333333333
TXN_1850339,0,0,1,0,0,0,0,0,1,0,0,2023-01-17,1,1.0,0.0,0.16666666666666666
TXN_9934619,0,0,1,0,0,0,0,0,0,1,0,2023-02-11,0,0.0,0.0,0.0
TXN_4551353,0,0,0,0,0,0,0,1,0,0,1,2023-08-17,0,1.0,0.125,0.2708333333333333
TXN_6657245,0,0,0,0,0,1,0,0,1,0,0,2023-10-25,0,0.0,0.75,0.125
TXN_1786141,0,0,0,0,0,0,1,0,1,0,0,2023-03-12,0,0.75,0.75,0.625
TXN_6405088,0,0,0,1,0,0,0,0,0,1,0,2023-07-24,0,0.0,0.5,0.08333333333333333
TXN_1185003,1,0,0,0,0,0,0,0,1,0,0,2023-01-06,1,1.0,0.5,0.5833333333333333
TXN_4550558,0,0,1,0,0,0,0,0,0,1,0,2023-08-04,0,0.75,0.0,0.125
TXN_9555291,0,0,0,0,0,0,1,0,0,1,0,2023-09-21,0,0.5,0.75,0.4583333333333333
TXN_8571432,0,0,0,1,0,0,0,0,1,0,0,2023-12-07,1,0.25,0.5,0.20833333333333331
TXN_6744096,0,1,0,0,0,0,0,0,0,0,1,2023-11-15,0,0.0,0.25,0.041666666666666664
TXN_8512204,0,0,0,0,0,0,1,0,1,0,0,2023-06-01,1,0.75,0.75,0.625
TXN_3485502,0,0,0,1,0,0,0,0,0,0,1,2023-12-25,1,0.25,0.5,0.20833333333333331
TXN_5188843,0,0,0,0,0,0,1,0,1,0,0,2023-02-06,0,0.25,0.75,0.29166666666666663
TXN_4821343,0,0,1,0,0,0,0,0,0,1,0,2023-09-16,0,0.0,0.0,0.0
TXN_4988100,0,1,0,0,0,0,0,0,0,0,1,2023-06-23,0,0.0,0.25,0.041666666666666664
TXN_7791428,0,0,0,0,0,0,1,0,0,0,1,2023-10-10,1,1.0,0.75,0.7916666666666666
TXN_8725610,0,0,0,0,0,1,0,0,0,1,0,2023-02-11,1,0.25,0.75,0.29166666666666663
TXN_8404563,0,0,0,0,0,0,0,1,1,0,0,2023-01-22,0,0.0,0.125,0.020833333333333332
TXN_8942133,0,0,0,0,1,0,0,0,1,0,0,2023-10-04,1,0.5,1.0,0.5833333333333333
TXN_1122699,0,0,0,0,1,0,0,0,0,0,1,2023-10-14,0,1.0,1.0,1.0
TXN_9230208,0,0,0,1,0,0,0,0,0,1,0,2023-05-13,0,0.5,0.5,0.3333333333333333
TXN_4932916,0,1,0,0,0,0,0,0,0,1,0,2023-12-13,1,0.0,0.25,0.041666666666666664
TXN_8980468,0,0,0,0,0,0,1,0,1,0,0,2023-08-24,1,1.0,0.75,0.7916666666666666
TXN_4175635,0,0,0,0,1,0,0,0,1,0,0,2023-05-26,1,0.5,1.0,0.5833333333333333
TXN_2851446,0,0,0,0,1,0,0,0,0,1,0,2023-10-08,1,0.25,1.0,0.375
TXN_8359693,0,0,0,0,0,1,0,0,0,0,1,2023-10-23,0,0.25,0.75,0.29166666666666663
TXN_9432268,0,0,0,0,1,0,0,0,0,0,1,2023-01-25,1,0.75,1.0,0.7916666666666666
TXN_2244902,0,1,0,0,0,0,0,0,0,1,0,2023-02-13,0,1.0,0.25,0.375
TXN_5561958,0,0,0,0,0,0,1,0,0,0,1,2023-07-24,0,0.75,0.75,0.625
TXN_6963106,0,0,0,0,0,1,0,0,1,0,0,2023-06-01,0,0.0,0.75,0.125
TXN_6008133,0,1,0,0,0,0,0,0,0,0,1,2023-11-08,0,0.5,0.25,0.20833333333333331
TXN_9119194,1,0,0,0,0,0,0,0,1,0,0,2023-01-29,1,0.5,0.5,0.3333333333333333
TXN_2551074,0,0,1,0,0,0,0,0,1,0,0,2023-09-17,1,0.0,0.0,0.0
TXN_1899827,0,1,0,0,0,0,0,0,0,1,0,2023-06-24,1,1.0,0.25,0.375
TXN_3046572,0,0,0,0,1,0,0,0,1,0,0,2023-05-16,0,0.75,1.0,0.7916666666666666
TXN_6397921,0,0,0,0,0,0,1,0,0,1,0,2023-12-01,0,0.0,0.75,0.125
TXN_8701063,0,0,0,0,0,1,0,0,0,1,0,2023-08-23,1,0.25,0.75,0.29166666666666663
TXN_9157625,0,0,0,0,0,0,0,1,0,1,0,2023-02-10,1,1.0,0.125,0.2708333333333333
TXN_7865037,0,1,0,0,0,0,0,0,0,0,1,2023-06-05,1,0.0,0.25,0.041666666666666664
TXN_8410376,0,1,0,0,0,0,0,0,0,0,1,2023-07-02,0,0.75,0.25,0.29166666666666663
TXN_4192665,0,1,0,0,0,0,0,0,1,0,0,2023-07-15,1,0.0,0.25,0.041666666666666664
TXN_5433077,1,0,0,0,0,0,0,0,1,0,0,2023-11-29,0,0.75,0.5,0.4583333333333333
TXN_1844925,0,0,0,0,0,0,0,1,1,0,0,2023-10-21,0,1.0,0.125,0.2708333333333333
TXN_7215311,0,0,0,0,0,0,0,1,0,1,0,2023-07-31,1,0.0,0.125,0.020833333333333332
TXN_8003664,0,0,0,0,0,1,0,0,0,1,0,2023-11-26,1,0.0,0.75,0.125
TXN_3872616,1,0,0,0,0,0,0,0,0,1,0,2023-10-23,1,0.25,0.5,0.20833333333333331
TXN_3659483,0,0,0,0,0,0,1,0,1,0,0,2023-05-14,0,0.5,0.75,0.4583333333333333
TXN_1688499,0,0,0,0,0,0,1,0,0,1,0,2023-03-23,1,0.25,0.75,0.29166666666666663
TXN_5632556,0,0,0,1,0,0,0,0,0,0,1,2023-05-16,0,0.75,0.5,0.4583333333333333
TXN_7954416,0,1,0,0,0,0,0,0,0,0,1,2023-06-04,0,0.0,0.25,0.041666666666666664
TXN_7845656,0,0,0,1,0,0,0,0,0,1,0,2023-08-16,1,0.5,0.5,0.3333333333333333
TXN_7421687,0,1,0,0,0,0,0,0,0,1,0,2023-11-18,0,1.0,0.25,0.375
TXN_2444134,0,0,0,0,0,1,0,0,0,1,0,2023-01-16,0,0.25,0.75,0.29166666666666663
TXN_3793672,0,0,1,0,0,0,0,0,0,1,0,2023-01-14,1,1.0,0.0,0.16666666666666666
TXN_1903825,0,0,0,0,1,0,0,0,0,0,1,2023-04-01,1,0.75,1.0,0.7916666666666666
TXN_4267136,0,0,0,0,0,0,0,1,0,1,0,2023-08-02,0,0.0,0.125,0.020833333333333332
TXN_6281616,0,1,0,0,0,0,0,0,1,0,0,2023-08-19,1,0.75,0.25,0.29166666666666663
TXN_6567287,0,0,1,0,0,0,0,0,0,0,1,2023-08-27,1,0.75,0.0,0.125
TXN_3743107,0,1,0,0,0,0,0,0,1,0,0,2023-01-14,1,0.75,0.25,0.29166666666666663
TXN_6739664,0,0,0,0,1,0,0,0,1,0,0,2023-09-12,1,0.5,1.0,0.5833333333333333
TXN_8343149,0,0,0,1,0,0,0,0,0,0,1,2023-10-28,0,1.0,0.5,0.5833333333333333
TXN_2376870,0,0,0,0,0,1,0,0,0,0,1,2023-05-24,0,1.0,0.75,0.7916666666666666
TXN_2025634,0,0,0,0,0,1,0,0,0,0,1,2023-01-28,1,0.0,0.75,0.125
TXN_7187140,0,0,0,1,0,0,0,0,0,1,0,2023-05-25,0,0.25,0.5,0.20833333333333331
TXN_6988675,0,1,0,0,0,0,0,0,0,1,0,2023-02-24,0,0.0,0.25,0.041666666666666664
TXN_1108326,1,0,0,0,0,0,0,0,0,0,1,2023-03-30,1,0.25,0.5,0.20833333333333331
TXN_6544160,0,0,0,0,1,0,0,0,0,1,0,2023-02-05,1,0.0,1.0,0.16666666666666666
TXN_3053494,0,0,0,1,0,0,0,0,0,0,1,2023-06-11,0,1.0,0.5,0.5833333333333333
TXN_9653700,0,0,0,1,0,0,0,0,0,1,0,2023-03-12,1,0.0,0.5,0.08333333333333333
TXN_4623303,0,0,0,0,0,0,1,0,0,0,1,2023-01-29,0,0.5,0.75,0.4583333333333333
TXN_7568175,0,0,0,0,1,0,0,0,1,0,0,2023-11-06,0,0.0,1.0,0.16666666666666666
TXN_4968258,0,0,0,0,0,0,1,0,0,0,1,2023-05-14,1,0.25,0.75,0.29166666666666663
TXN_8843061,0,0,0,0,0,0,1,0,1,0,0,2023-11-10,1,0.0,0.75,0.125
TXN_5666241,0,0,1,0,0,0,0,0,1,0,0,2023-07-18,1,0.75,0.0,0.125
TXN_7079566,0,0,0,1,0,0,0,0,0,0,1,2023-10-20,0,0.75,0.5,0.4583333333333333
TXN_3937788,0,0,0,0,0,0,1,0,1,0,0,2023-06-27,0,0.0,0.75,0.125
TXN_3397034,1,0,0,0,0,0,0,0,1,0,0,2023-04-11,1,0.75,0.5,0.4583333333333333
TXN_8343414,0,0,0,0,1,0,0,0,0,1,0,2023-02-28,1,0.25,1.0,0.375
TXN_4204491,0,0,0,0,0,0,1,0,0,0,1,2023-04-25,1,0.25,0.75,0.29166666666666663
TXN_4801327,1,0,0,0,0,0,0,0,1,0,0,2023-02-03,0,1.0,0.5,0.5833333333333333
TXN_4276482,0,0,0,0,0,1,0,0,0,1,0,2023-08-26,1,0.75,0.75,0.625
TXN_6025054,0,1,0,0,0,0,0,0,0,1,0,2023-03-10,1,0.0,0.25,0.041666666666666664
TXN_1485725,0,0,0,0,1,0,0,0,0,0,1,2023-12-10,0,1.0,1.0,1.0
TXN_9929033,0,1,0,0,0,0,0,0,1,0,0,2023-02-17,1,0.25,0.25,0.125
TXN_1888706,0,0,1,0,0,0,0,0,0,1,0,2023-11-26,1,0.0,0.0,0.0
TXN_7495804,0,0,0,1,0,0,0,0,0,1,0,2023-11-24,1,0.5,0.5,0.3333333333333333
TXN_5133476,0,0,0,1,0,0,0,0,0,1,0,2023-03-17,0,0.75,0.5,0.4583333333333333
TXN_5542500,0,0,0,0,0,1,0,0,0,1,0,2023-07-19,0,0.5,0.75,0.4583333333333333
TXN_5895330,0,0,0,0,1,0,0,0,1,0,0,2023-05-12,0,1.0,1.0,1.0
TXN_5351447,0,0,0,0,1,0,0,0,1,0,0,2023-07-20,0,0.75,1.0,0.7916666666666666
TXN_8505782,0,0,1,0,0,0,0,0,1,0,0,2023-11-24,0,0.25,0.0,0.041666666666666664
TXN_8365530,0,0,0,0,0,1,0,0,1,0,0,2023-03-10,1,0.75,0.75,0.625
TXN_2357107,0,0,0,0,0,1,0,0,1,0,0,2023-07-05,0,0.0,0.75,0.125
TXN_1371708,0,0,1,0,0,0,0,0,1,0,0,2023-03-14,1,0.25,0.0,0.041666666666666664
TXN_6265785,0,0,0,0,1,0,0,0,0,1,0,2023-08-26,1,1.0,1.0,1.0
TXN_6806563,0,1,0,0,0,0,0,0,0,0,1,2023-04-16,1,0.0,0.25,0.041666666666666664
TXN_8183734,0,0,1,0,0,0,0,0,0,0,1,2023-08-25,0,0.25,0.0,0.041666666666666664
TXN_6882503,0,0,0,0,0,0,0,1,0,0,1,2023-01-02,0,0.0,0.125,0.020833333333333332
TXN_2785654,0,0,0,0,0,0,0,1,0,1,0,2023-02-21,1,0.0,0.125,0.020833333333333332
TXN_1453579,0,0,0,0,0,1,0,0,0,0,1,2023-01-21,0,1.0,0.75,0.7916666666666666
TXN_1121833,0,1,0,0,0,0,0,0,0,1,0,2023-03-16,0,0.75,0.25,0.29166666666666663
TXN_1277989,0,0,0,0,0,0,0,1,0,0,1,2023-08-09,0,1.0,0.125,0.2708333333333333
TXN_8249996,0,0,1,0,0,0,0,0,0,0,1,2023-09-19,1,0.75,0.0,0.125
TXN_7471281,0,0,0,0,0,1,0,0,0,1,0,2023-06-16,1,1.0,0.75,0.7916666666666666
TXN_1512159,1,0,0,0,0,0,0,0,0,1,0,2023-11-25,0,0.25,0.5,0.20833333333333331
TXN_4008899,0,0,0,0,1,0,0,0,0,1,0,2023-05-07,0,0.75,1.0,0.7916666666666666
TXN_4566950,0,1,0,0,0,0,0,0,1,0,0,2023-09-29,1,0.25,0.25,0.125
TXN_6648081,0,0,0,0,1,0,0,0,0,0,1,2023-04-24,1,0.75,1.0,0.7916666666666666
TXN_5094936,0,1,0,0,0,0,0,0,0,0,1,2023-07-12,0,0.75,0.25,0.29166666666666663
TXN_8154928,0,0,0,0,0,0,0,1,0,1,0,2023-07-26,0,0.5,0.125,0.14583333333333331
TXN_6550707,0,1,0,0,0,0,0,0,0,0,1,2023-03-01,1,0.0,0.25,0.041666666666666664
TXN_3676019,0,0,0,1,0,0,0,0,0,0,1,2023-11-07,1,0.75,0.5,0.4583333333333333
TXN_2486026,0,0,0,0,0,0,0,1,0,0,1,2023-03-26,0,1.0,0.125,0.2708333333333333
TXN_9644830,0,0,1,0,0,0,0,0,0,1,0,2023-11-24,0,0.0,0.0,0.0
TXN_3219378,0,0,0,0,1,0,0,0,0,0,1,2023-12-04,0,0.5,1.0,0.5833333333333333
TXN_6372515,0,0,1,0,0,0,0,0,0,0,1,2023-11-22,0,0.0,0.0,0.0
TXN_4692681,0,0,0,0,0,0,0,1,1,0,0,2023-06-02,1,0.25,0.125,0.08333333333333333
TXN_9364172,0,0,0,0,0,0,0,1,0,0,1,2023-03-18,1,0.75,0.125,0.20833333333333331
TXN_4745933,0,0,0,0,1,0,0,0,0,0,1,2023-11-05,0,0.0,1.0,0.16666666666666666
TXN_6540267,0,0,0,0,1,0,0,0,0,0,1,2023-09-26,1,0.25,1.0,0.375
TXN_6994245,0,1,0,0,0,0,0,0,0,0,1,2023-12-30,0,0.75,0.25,0.29166666666666663
TXN_8973007,0,1,0,0,0,0,0,0,0,0,1,2023-02-07,1,1.0,0.25,0.375
TXN_5108183,0,0,0,0,0,0,1,0,0,1,0,2023-08-31,1,0.75,0.75,0.625
TXN_8103630,0,0,1,0,0,0,0,0,0,0,1,2023-03-08,1,0.0,0.0,0.0
TXN_2575160,0,0,0,0,0,0,0,1,0,0,1,2023-01-02,1,1.0,0.125,0.2708333333333333
TXN_8002309,0,0,0,0,0,1,0,0,0,1,0,2023-04-04,0,0.0,0.75,0.125
TXN_3252542,0,0,0,0,0,1,0,0,0,0,1,2023-09-22,0,1.0,0.75,0.7916666666666666
TXN_4775220,0,0,0,1,0,0,0,0,0,0,1,2023-07-21,1,0.5,0.5,0.3333333333333333
TXN_4413197,0,0,0,0,0,0,0,1,0,0,1,2023-09-06,1,0.75,0.125,0.20833333333333331
TXN_1283149,0,0,0,0,1,0,0,0,0,1,0,2023-01-23,0,0.25,1.0,0.375
TXN_6822426,1,0,0,0,0,0,0,0,0,0,1,2023-05-27,0,1.0,0.5,0.5833333333333333
TXN_8210816,0,0,0,0,1,0,0,0,0,0,1,2023-08-12,1,0.75,1.0,0.7916666666666666
TXN_5896728,0,0,0,1,0,0,0,0,0,0,1,2023-10-06,1,0.75,0.5,0.4583333333333333
TXN_4407308,0,0,0,0,0,0,0,1,0,0,1,2023-09-19,0,0.75,0.125,0.20833333333333331
TXN_7710078,0,0,0,1,0,0,0,0,0,1,0,2023-12-05,1,0.25,0.5,0.20833333333333331
TXN_5206046,0,0,0,0,0,1,0,0,0,1,0,2023-08-24,0,0.5,0.75,0.4583333333333333
TXN_6016707,0,0,0,1,0,0,0,0,1,0,0,2023-06-27,0,0.0,0.5,0.08333333333333333
TXN_7895436,1,0,0,0,0,0,0,0,1,0,0,2023-09-09,0,0.5,0.5,0.3333333333333333
TXN_3600632,0,1,0,0,0,0,0,0,1,0,0,2023-12-09,1,0.75,0.25,0.29166666666666663
TXN_4565969,0,1,0,0,0,0,0,0,0,0,1,2023-03-16,1,0.5,0.25,0.20833333333333331
TXN_7821478,1,0,0,0,0,0,0,0,1,0,0,2023-05-24,0,0.75,0.5,0.4583333333333333
TXN_2971555,1,0,0,0,0,0,0,0,1,0,0,2023-02-24,0,0.0,0.5,0.08333333333333333
TXN_1465364,0,0,0,0,0,0,0,1,0,0,1,2023-04-08,0,0.75,0.125,0.20833333333333331
TXN_9664173,0,0,0,0,0,1,0,0,0,0,1,2023-03-20,0,0.0,0.75,0.125
TXN_4049270,0,1,0,0,0,0,0,0,0,0,1,2023-07-28,0,1.0,0.25,0.375
TXN_4731715,0,1,0,0,0,0,0,0,0,1,0,2023-03-14,1,1.0,0.25,0.375
TXN_3377626,0,0,1,0,0,0,0,0,1,0,0,2023-07-23,0,1.0,0.0,0.16666666666666666
TXN_5753111,0,0,0,0,1,0,0,0,0,1,0,2023-04-25,1,0.0,1.0,0.16666666666666666
TXN_2054549,0,0,0,0,0,0,1,0,1,0,0,2023-04-07,0,0.0,0.75,0.125
TXN_6996548,0,1,0,0,0,0,0,0,0,1,0,2023-06-24,0,0.0,0.25,0.041666666666666664
TXN_6761402,0,1,0,0,0,0,0,0,0,1,0,2023-08-31,1,0.0,0.25,0.041666666666666664
TXN_1983842,1,0,0,0,0,0,0,0,0,0,1,2023-03-16,1,1.0,0.5,0.5833333333333333
TXN_4982165,0,0,0,0,0,0,0,1,0,1,0,2023-04-12,1,0.0,0.125,0.020833333333333332
TXN_5679295,0,0,0,0,0,0,0,1,0,1,0,2023-04-30,1,1.0,0.125,0.2708333333333333
TXN_9194266,0,0,0,0,1,0,0,0,1,0,0,2023-10-30,0,1.0,1.0,1.0
TXN_1141920,0,1,0,0,0,0,0,0,0,0,1,2023-10-26,1,0.75,0.25,0.29166666666666663
TXN_8878500,0,0,0,0,1,0,0,0,1,0,0,2023-02-24,0,0.75,1.0,0.7916666666666666
TXN_1012349,1,0,0,0,0,0,0,0,1,0,0,2023-07-08,0,0.75,0.5,0.4583333333333333
TXN_3811655,0,0,0,0,0,0,1,0,0,0,1,2023-11-03,1,0.25,0.75,0.29166666666666663
TXN_1581562,0,1,0,0,0,0,0,0,1,0,0,2023-01-01,0,0.25,0.25,0.125
TXN_6762236,0,0,0,1,0,0,0,0,0,0,1,2023-01-17,0,0.75,0.5,0.4583333333333333
TXN_1041891,0,0,1,0,0,0,0,0,0,0,1,2023-08-09,0,1.0,0.0,0.16666666666666666
TXN_6467796,0,1,0,0,0,0,0,0,0,1,0,2023-10-25,1,1.0,0.25,0.375
TXN_8701045,1,0,0,0,0,0,0,0,1,0,0,2023-06-07,0,0.25,0.5,0.20833333333333331
TXN_9656325,0,1,0,0,0,0,0,0,0,1,0,2023-03-31,1,0.25,0.25,0.125
TXN_2716560,0,0,0,0,0,1,0,0,0,1,0,2023-08-29,1,0.75,0.75,0.625
TXN_4141941,0,1,0,0,0,0,0,0,0,0,1,2023-05-18,0,0.25,0.25,0.125
TXN_4633505,0,0,0,0,0,0,0,1,0,0,1,2023-08-25,1,0.5,0.125,0.14583333333333331
TXN_5283053,0,0,0,1,0,0,0,0,0,0,1,2023-04-30,0,0.75,0.5,0.4583333333333333
TXN_1054912,0,0,0,0,0,1,0,0,1,0,0,2023-08-02,1,0.5,0.75,0.4583333333333333
TXN_9100081,0,0,0,1,0,0,0,0,1,0,0,2023-08-18,0,0.0,0.5,0.08333333333333333
TXN_5129701,0,0,0,0,0,0,1,0,0,1,0,2023-11-09,1,0.25,0.75,0.29166666666666663
TXN_7021592,0,0,0,0,1,0,0,0,0,1,0,2023-07-01,0,0.75,1.0,0.7916666666666666
TXN_8644119,0,0,0,0,0,1,0,0,0,0,1,2023-10-01,0,1.0,0.75,0.7916666666666666
TXN_3041142,0,0,0,0,0,0,1,0,0,0,1,2023-12-22,1,0.5,0.75,0.4583333333333333
TXN_5618631,0,1,0,0,0,0,0,0,0,1,0,2023-12-21,0,1.0,0.25,0.375
TXN_6496379,0,0,0,0,0,1,0,0,1,0,0,2023-12-24,1,0.0,0.75,0.125
TXN_1486119,0,0,1,0,0,0,0,0,0,0,1,2023-08-24,1,0.75,0.0,0.125
TXN_2386202,0,0,0,0,1,0,0,0,1,0,0,2023-01-22,0,0.75,1.0,0.7916666666666666
TXN_6836109,0,1,0,0,0,0,0,0,0,0,1,2023-04-09,1,0.75,0.25,0.29166666666666663
TXN_9190061,0,0,0,0,1,0,0,0,1,0,0,2023-06-14,1,1.0,1.0,1.0
TXN_1691512,0,0,0,0,0,0,1,0,0,0,1,2023-03-25,1,0.0,0.75,0.125
TXN_1059293,0,0,0,0,0,1,0,0,0,0,1,2023-12-04,1,1.0,0.75,0.7916666666666666
TXN_8813052,0,0,0,0,0,0,0,1,0,0,1,2023-05-06,0,0.75,0.125,0.20833333333333331
TXN_2495471,0,0,0,0,1,0,0,0,0,1,0,2023-10-22,1,0.5,1.0,0.5833333333333333
TXN_7708201,0,0,0,0,1,0,0,0,1,0,0,2023-01-04,0,0.5,1.0,0.5833333333333333
TXN_2038871,0,0,0,0,0,0,0,1,0,1,0,2023-07-15,1,0.25,0.125,0.08333333333333333
TXN_7195393,0,0,0,0,1,0,0,0,0,1,0,2023-01-24,0,0.25,1.0,0.375
TXN_8022892,0,0,0,0,0,1,0,0,0,0,1,2023-08-07,0,0.75,0.75,0.625
TXN_4298189,0,1,0,0,0,0,0,0,0,0,1,2023-10-13,0,0.0,0.25,0.041666666666666664
TXN_4967446,0,0,0,0,0,1,0,0,0,1,0,2023-07-11,0,0.0,0.75,0.125
TXN_3368231,0,0,0,0,0,0,0,1,1,0,0,2023-08-11,1,0.5,0.125,0.14583333333333331
TXN_7353699,0,0,0,0,0,0,0,1,0,0,1,2023-07-20,0,1.0,0.125,0.2708333333333333
TXN_6888998,0,1,0,0,0,0,0,0,0,0,1,2023-02-27,1,1.0,0.25,0.375
TXN_3541304,0,0,0,0,0,1,0,0,1,0,0,2023-04-22,0,0.5,0.75,0.4583333333333333
TXN_8188818,0,0,0,0,0,0,0,1,0,0,1,2023-10-07,1,0.25,0.125,0.08333333333333333
TXN_9431971,0,0,0,0,0,0,1,0,0,1,0,2023-07-17,1,0.0,0.75,0.125
TXN_4543742,0,1,0,0,0,0,0,0,0,0,1,2023-03-28,0,0.5,0.25,0.20833333333333331
TXN_5961027,1,0,0,0,0,0,0,0,1,0,0,2023-09-27,0,0.25,0.5,0.20833333333333331
TXN_1807140,0,0,0,0,1,0,0,0,1,0,0,2023-03-22,1,0.0,1.0,0.16666666666666666
TXN_3007866,0,0,0,1,0,0,0,0,0,1,0,2023-04-14,0,0.75,0.5,0.4583333333333333
TXN_6779377,0,0,0,0,0,0,1,0,1,0,0,2023-10-06,0,1.0,0.75,0.7916666666666666
TXN_7053830,0,1,0,0,0,0,0,0,0,0,1,2023-02-14,0,0.5,0.25,0.20833333333333331
TXN_3660048,1,0,0,0,0,0,0,0,0,1,0,2023-01-02,0,0.0,0.5,0.08333333333333333
TXN_6522299,0,0,0,0,0,0,0,1,1,0,0,2023-08-29,1,0.25,0.125,0.08333333333333333
TXN_5811766,1,0,0,0,0,0,0,0,0,0,1,2023-06-02,0,1.0,0.5,0.5833333333333333
TXN_2848421,0,0,1,0,0,0,0,0,0,0,1,2023-08-07,0,0.0,0.0,0.0
TXN_4935533,0,0,0,0,0,0,1,0,1,0,0,2023-06-12,0,0.0,0.75,0.125
TXN_2389320,0,1,0,0,0,0,0,0,0,0,1,2023-07-26,1,0.25,0.25,0.125
TXN_8423155,0,1,0,0,0,0,0,0,0,0,1,2023-07-03,1,0.0,0.25,0.041666666666666664
TXN_6053617,0,0,0,0,0,1,0,0,0,1,0,2023-11-25,1,0.25,0.75,0.29166666666666663
TXN_8384372,0,0,0,0,0,0,0,1,0,0,1,2023-08-07,1,0.75,0.125,0.20833333333333331
TXN_3426338,0,0,0,0,1,0,0,0,1,0,0,2023-07-31,0,0.0,1.0,0.16666666666666666
TXN_4581359,0,0,0,1,0,0,0,0,0,1,0,2023-03-22,0,0.25,0.5,0.20833333333333331
TXN_3561451,0,0,0,0,1,0,0,0,0,1,0,2023-05-31,0,0.75,1.0,0.7916666666666666
TXN_7768989,0,0,0,0,0,1,0,0,1,0,0,2023-10-02,0,0.25,0.75,0.29166666666666663
TXN_5963316,0,0,0,0,0,0,0,1,0,1,0,2023-06-25,1,0.25,0.125,0.08333333333333333
TXN_4265942,0,1,0,0,0,0,0,0,1,0,0,2023-04-24,0,1.0,0.25,0.375
TXN_6014389,0,0,1,0,0,0,0,0,0,1,0,2023-07-21,0,1.0,0.0,0.16666666666666666
TXN_7358729,0,0,1,0,0,0,0,0,1,0,0,2023-02-25,1,0.25,0.0,0.041666666666666664
TXN_9815521,0,0,0,0,0,1,0,0,0,1,0,2023-05-26,0,0.5,0.75,0.4583333333333333
TXN_8325221,0,1,0,0,0,0,0,0,0,1,0,2023-11-17,0,0.25,0.25,0.125
TXN_8267031,1,0,0,0,0,0,0,0,0,0,1,2023-03-28,1,0.25,0.5,0.20833333333333331
TXN_1950187,0,0,0,0,0,0,0,1,0,1,0,2023-04-13,1,0.25,0.125,0.08333333333333333
TXN_9518691,0,0,0,0,1,0,0,0,0,1,0,2023-03-30,0,0.25,1.0,0.375
TXN_3612790,0,0,0,0,0,0,1,0,0,1,0,2023-09-01,1,0.0,0.75,0.125
TXN_5436816,0,0,0,0,1,0,0,0,0,1,0,2023-08-04,1,0.5,1.0,0.5833333333333333
TXN_7896586,0,0,0,0,0,1,0,0,0,1,0,2023-09-04,1,0.25,0.75,0.29166666666666663
TXN_5835004,0,0,0,0,0,0,1,0,0,1,0,2023-04-14,0,1.0,0.75,0.7916666666666666
TXN_3774886,0,0,0,0,0,1,0,0,0,0,1,2023-06-01,0,0.5,0.75,0.4583333333333333
TXN_5950951,0,0,0,0,1,0,0,0,0,1,0,2023-04-10,0,0.0,1.0,0.16666666666666666
TXN_3918096,0,0,0,1,0,0,0,0,0,0,1,2023-08-17,1,0.75,0.5,0.4583333333333333
TXN_2786231,0,0,0,1,0,0,0,0,1,0,0,2023-08-17,1,0.0,0.5,0.08333333333333333
TXN_3803063,1,0,0,0,0,0,0,0,0,1,0,2023-11-23,1,0.75,0.5,0.4583333333333333
TXN_4262451,0,1,0,0,0,0,0,0,0,0,1,2023-10-16,1,0.0,0.25,0.041666666666666664
TXN_4773210,0,1,0,0,0,0,0,0,0,1,0,2023-11-29,0,0.0,0.25,0.041666666666666664
TXN_1231366,0,0,0,0,0,1,0,0,0,0,1,2023-11-28,1,0.5,0.75,0.4583333333333333
TXN_6596377,0,0,1,0,0,0,0,0,0,1,0,2023-08-02,1,1.0,0.0,0.16666666666666666
TXN_2713279,0,0,1,0,0,0,0,0,0,0,1,2023-02-12,0,0.75,0.0,0.125
TXN_4247602,0,0,0,0,1,0,0,0,0,1,0,2023-07-13,1,1.0,1.0,1.0
TXN_2446298,0,0,0,1,0,0,0,0,0,0,1,2023-05-21,0,1.0,0.5,0.5833333333333333
TXN_7258784,0,1,0,0,0,0,0,0,1,0,0,2023-09-21,0,0.75,0.25,0.29166666666666663
TXN_5164540,0,0,0,0,0,0,0,1,0,1,0,2023-01-05,1,0.25,0.125,0.08333333333333333
TXN_6488040,0,0,0,0,1,0,0,0,0,0,1,2023-05-20,1,0.0,1.0,0.16666666666666666
TXN_9850842,0,0,0,0,0,0,0,1,1,0,0,2023-01-23,0,0.5,0.125,0.14583333333333331
TXN_7269738,0,0,1,0,0,0,0,0,1,0,0,2023-05-26,0,0.5,0.0,0.08333333333333333
TXN_2638760,1,0,0,0,0,0,0,0,1,0,0,2023-02-09,1,1.0,0.5,0.5833333333333333
TXN_3459152,1,0,0,0,0,0,0,0,0,0,1,2023-06-28,1,0.5,0.5,0.3333333333333333
TXN_8013818,0,0,0,0,0,0,0,1,0,1,0,2023-07-24,1,0.25,0.125,0.08333333333333333
TXN_8077367,0,0,0,0,0,0,0,1,0,1,0,2023-02-27,0,1.0,0.125,0.2708333333333333
TXN_6643922,0,1,0,0,0,0,0,0,0,0,1,2023-06-24,0,1.0,0.25,0.375
TXN_8388056,0,0,0,0,1,0,0,0,0,1,0,2023-06-23,1,0.0,1.0,0.16666666666666666
TXN_4728936,0,0,0,1,0,0,0,0,0,0,1,2023-02-27,1,0.75,0.5,0.4583333333333333
TXN_6386388,0,0,0,0,0,0,0,1,0,1,0,2023-05-21,1,0.5,0.125,0.14583333333333331
TXN_9443285,1,0,0,0,0,0,0,0,0,1,0,2023-05-27,1,0.25,0.5,0.20833333333333331
TXN_6377838,1,0,0,0,0,0,0,0,0,0,1,2023-02-19,1,0.25,0.5,0.20833333333333331
TXN_7483986,0,0,0,0,1,0,0,0,0,1,0,2023-03-24,1,0.25,1.0,0.375
TXN_7719510,0,0,0,1,0,0,0,0,0,1,0,2023-08-14,1,0.5,0.5,0.3333333333333333
TXN_7908153,0,0,1,0,0,0,0,0,1,0,0,2023-01-19,0,0.5,0.0,0.08333333333333333
TXN_3083412,0,1,0,0,0,0,0,0,0,1,0,2023-01-08,0,1.0,0.25,0.375
TXN_8159649,0,1,0,0,0,0,0,0,1,0,0,2023-06-15,0,0.75,0.25,0.29166666666666663
TXN_5391160,0,0,0,1,0,0,0,0,1,0,0,2023-03-09,0,0.25,0.5,0.20833333333333331
TXN_8324715,0,0,0,0,0,1,0,0,0,1,0,2023-03-21,1,1.0,0.75,0.7916666666666666
TXN_7353685,0,0,0,0,0,1,0,0,1,0,0,2023-11-01,0,0.25,0.75,0.29166666666666663
TXN_1985223,0,0,0,0,0,0,1,0,0,0,1,2023-09-21,1,0.5,0.75,0.4583333333333333
TXN_2944460,0,0,0,0,1,0,0,0,0,0,1,2023-04-16,0,0.0,1.0,0.16666666666666666
TXN_6957157,1,0,0,0,0,0,0,0,1,0,0,2023-02-01,1,0.0,0.5,0.08333333333333333
TXN_5693294,1,0,0,0,0,0,0,0,0,1,0,2023-12-30,1,0.5,0.5,0.3333333333333333
TXN_2887257,0,0,1,0,0,0,0,0,0,1,0,2023-08-27,0,0.5,0.0,0.08333333333333333
TXN_3986876,1,0,0,0,0,0,0,0,1,0,0,2023-11-06,1,0.5,0.5,0.3333333333333333
TXN_1066604,0,0,0,0,0,1,0,0,0,1,0,2023-05-18,1,1.0,0.75,0.7916666666666666
TXN_2494494,0,1,0,0,0,0,0,0,1,0,0,2023-06-13,0,0.0,0.25,0.041666666666666664
TXN_4464373,0,0,1,0,0,0,0,0,0,0,1,2023-04-22,0,0.25,0.0,0.041666666666666664
TXN_7844770,1,0,0,0,0,0,0,0,0,0,1,2023-01-31,1,0.25,0.5,0.20833333333333331
TXN_9968943,0,0,0,0,0,0,1,0,0,0,1,2023-07-25,1,0.0,0.75,0.125
TXN_4051488,0,0,1,0,0,0,0,0,1,0,0,2023-06-09,1,0.75,0.0,0.125
TXN_2668838,1,0,0,0,0,0,0,0,0,1,0,2023-05-11,1,0.75,0.5,0.4583333333333333
TXN_8039752,0,1,0,0,0,0,0,0,1,0,0,2023-11-28,1,0.25,0.25,0.125
TXN_3388908,0,0,1,0,0,0,0,0,0,0,1,2023-11-22,1,0.75,0.0,0.125
TXN_2096487,0,0,0,0,0,1,0,0,0,0,1,2023-08-09,1,1.0,0.75,0.7916666666666666
TXN_8795794,0,0,0,0,0,1,0,0,1,0,0,2023-02-13,0,0.5,0.75,0.4583333333333333
TXN_4627457,1,0,0,0,0,0,0,0,1,0,0,2023-12-13,0,0.5,0.5,0.3333333333333333
TXN_2352308,0,0,1,0,0,0,0,0,1,0,0,2023-11-10,0,0.25,0.0,0.041666666666666664
TXN_3980743,0,0,0,0,1,0,0,0,0,0,1,2023-09-21,1,0.0,1.0,0.16666666666666666
TXN_6538210,0,0,0,0,0,0,1,0,1,0,0,2023-12-29,0,0.0,0.75,0.125
TXN_3749051,0,0,0,0,0,0,1,0,0,1,0,2023-04-19,1,0.5,0.75,0.4583333333333333
TXN_6683798,0,0,1,0,0,0,0,0,0,0,1,2023-07-26,1,0.0,0.0,0.0
TXN_7246683,0,0,0,0,0,0,1,0,0,0,1,2023-05-17,1,0.0,0.75,0.125
TXN_6755348,0,0,0,0,0,0,1,0,1,0,0,2023-06-23,1,1.0,0.75,0.7916666666666666
TXN_3691228,1,0,0,0,0,0,0,0,1,0,0,2023-10-26,1,0.5,0.5,0.3333333333333333
TXN_7407946,0,0,0,0,1,0,0,0,0,1,0,2023-03-26,1,0.5,1.0,0.5833333333333333
TXN_8635803,0,0,0,0,0,0,0,1,1,0,0,2023-03-17,1,0.25,0.125,0.08333333333333333
TXN_9550508,0,0,0,0,0,0,1,0,1,0,0,2023-11-18,1,1.0,0.75,0.7916666666666666
TXN_8010562,0,0,0,0,0,1,0,0,1,0,0,2023-07-23,0,0.0,0.75,0.125
TXN_2501648,1,0,0,0,0,0,0,0,0,1,0,2023-12-05,1,0.25,0.5,0.20833333333333331
TXN_9455679,0,0,0,0,1,0,0,0,0,1,0,2023-05-18,1,1.0,1.0,1.0
TXN_8105705,0,0,0,1,0,0,0,0,0,0,1,2023-10-17,1,0.0,0.5,0.08333333333333333
TXN_9676096,1,0,0,0,0,0,0,0,0,0,1,2023-04-05,0,0.5,0.5,0.3333333333333333
TXN_8476828,0,0,0,0,0,0,0,1,1,0,0,2023-10-25,1,0.5,0.125,0.14583333333333331
TXN_2126034,0,1,0,0,0,0,0,0,1,0,0,2023-10-30,0,0.75,0.25,0.29166666666666663
TXN_2151258,1,0,0,0,0,0,0,0,0,1,0,2023-08-09,0,0.5,0.5,0.3333333333333333
TXN_3672345,0,0,0,0,0,0,0,1,0,1,0,2023-10-17,0,0.5,0.125,0.14583333333333331
TXN_6793298,0,0,0,0,0,0,0,1,0,1,0,2023-04-14,1,0.25,0.125,0.08333333333333333
TXN_3951329,0,0,0,0,0,1,0,0,0,1,0,2023-12-28,1,0.0,0.75,0.125
TXN_7480853,0,0,0,0,0,0,1,0,0,0,1,2023-10-07,0,0.25,0.75,0.29166666666666663
TXN_4944024,0,0,0,0,0,0,1,0,0,0,1,2023-09-26,1,0.25,0.75,0.29166666666666663
TXN_6687528,0,0,0,1,0,0,0,0,0,0,1,2023-05-06,1,0.25,0.5,0.20833333333333331
TXN_5531648,0,1,0,0,0,0,0,0,1,0,0,2023-01-23,1,1.0,0.25,0.375
TXN_8789736,0,1,0,0,0,0,0,0,0,1,0,2023-05-06,1,0.25,0.25,0.125
TXN_9938977,1,0,0,0,0,0,0,0,1,0,0,2023-12-18,0,1.0,0.5,0.5833333333333333
TXN_2730798,0,0,0,0,0,0,0,1,0,1,0,2023-12-01,0,0.75,0.125,0.20833333333333331
TXN_3749801,1,0,0,0,0,0,0,0,0,1,0,2023-01-03,1,1.0,0.5,0.5833333333333333
TXN_3326626,1,0,0,0,0,0,0,0,1,0,0,2023-09-26,1,0.25,0.5,0.20833333333333331
TXN_4843989,0,0,0,0,0,0,0,1,0,0,1,2023-09-30,1,0.75,0.125,0.20833333333333331
TXN_6606514,0,0,0,1,0,0,0,0,0,1,0,2023-06-25,0,0.0,0.5,0.08333333333333333
TXN_6187752,0,0,0,0,0,0,1,0,0,0,1,2023-12-24,1,1.0,0.75,0.7916666666666666
TXN_1666190,0,0,0,0,0,0,1,0,0,1,0,2023-07-28,1,0.75,0.75,0.625
TXN_9438576,0,0,1,0,0,0,0,0,0,1,0,2023-05-05,0,0.0,0.0,0.0
TXN_1344947,1,0,0,0,0,0,0,0,0,0,1,2023-02-16,1,0.5,0.5,0.3333333333333333
TXN_4978922,0,0,1,0,0,0,0,0,1,0,0,2023-01-26,1,0.75,0.0,0.125
TXN_3951552,0,0,0,0,1,0,0,0,1,0,0,2023-03-25,0,0.25,1.0,0.375
TXN_3916668,0,0,0,1,0,0,0,0,0,0,1,2023-05-14,1,0.25,0.5,0.20833333333333331
TXN_4789941,0,0,0,0,0,1,0,0,0,1,0,2023-04-17,1,0.5,0.75,0.4583333333333333
TXN_6957001,0,0,0,0,0,0,0,1,1,0,0,2023-08-08,0,0.75,0.125,0.20833333333333331
TXN_3536893,0,0,0,0,1,0,0,0,1,0,0,2023-05-16,1,0.25,1.0,0.375
TXN_4519915,0,0,0,0,0,0,1,0,0,0,1,2023-05-15,0,0.0,0.75,0.125
TXN_3269434,0,0,0,1,0,0,0,0,1,0,0,2023-02-01,1,0.0,0.5,0.08333333333333333
TXN_3291988,0,0,0,1,0,0,0,0,0,1,0,2023-07-03,1,0.25,0.5,0.20833333333333331
TXN_7083611,1,0,0,0,0,0,0,0,1,0,0,2023-05-15,0,0.25,0.5,0.20833333333333331
TXN_1875220,0,0,0,0,0,0,0,1,1,0,0,2023-03-07,0,0.5,0.125,0.14583333333333331
TXN_1926712,0,1,0,0,0,0,0,0,0,1,0,2023-01-31,0,1.0,0.25,0.375
TXN_5552114,0,0,0,0,0,1,0,0,1,0,0,2023-06-13,0,0.25,0.75,0.29166666666666663
TXN_5672583,0,0,0,1,0,0,0,0,1,0,0,2023-04-09,1,0.25,0.5,0.20833333333333331
TXN_3717444,0,0,0,0,0,0,1,0,0,1,0,2023-09-07,0,0.5,0.75,0.4583333333333333
TXN_1899114,0,0,0,0,0,0,0,1,0,0,1,2023-04-05,1,0.5,0.125,0.14583333333333331
TXN_2625388,0,1,0,0,0,0,0,0,0,0,1,2023-02-09,0,1.0,0.25,0.375
TXN_7153665,0,0,0,0,1,0,0,0,1,0,0,2023-07-31,0,1.0,1.0,1.0
TXN_9161256,0,0,0,0,0,0,1,0,0,0,1,2023-01-01,0,0.25,0.75,0.29166666666666663
TXN_2010060,0,0,0,1,0,0,0,0,1,0,0,2023-11-09,0,0.0,0.5,0.08333333333333333
TXN_9077843,0,0,0,0,0,0,0,1,0,1,0,2023-03-28,0,0.5,0.125,0.14583333333333331
TXN_5611262,0,0,0,0,1,0,0,0,0,0,1,2023-05-22,0,0.25,1.0,0.375
TXN_3255254,0,0,0,1,0,0,0,0,1,0,0,2023-03-23,0,0.75,0.5,0.4583333333333333
TXN_9275800,0,0,0,0,0,0,1,0,1,0,0,2023-05-01,1,0.5,0.75,0.4583333333333333
TXN_2430215,0,0,1,0,0,0,0,0,0,0,1,2023-04-10,1,0.25,0.0,0.041666666666666664
TXN_1372003,0,0,0,0,0,0,0,1,0,0,1,2023-10-13,1,0.75,0.125,0.20833333333333331
TXN_7364110,0,1,0,0,0,0,0,0,1,0,0,2023-06-05,1,1.0,0.25,0.375
TXN_7202644,0,0,0,0,0,0,1,0,1,0,0,2023-08-01,1,1.0,0.75,0.7916666666666666
TXN_5330387,0,1,0,0,0,0,0,0,1,0,0,2023-10-21,1,0.5,0.25,0.20833333333333331
TXN_2119809,0,0,0,0,1,0,0,0,0,0,1,2023-04-21,0,1.0,1.0,1.0
TXN_5587224,0,0,0,0,1,0,0,0,1,0,0,2023-01-05,0,0.25,1.0,0.375
TXN_6332132,0,0,0,1,0,0,0,0,0,1,0,2023-08-18,1,0.5,0.5,0.3333333333333333
TXN_2185661,0,0,0,0,0,1,0,0,1,0,0,2023-03-16,1,0.75,0.75,0.625
TXN_2491186,0,0,0,0,1,0,0,0,0,0,1,2023-11-28,1,1.0,1.0,1.0
TXN_1891217,0,0,0,0,0,0,0,1,0,1,0,2023-04-02,0,1.0,0.125,0.2708333333333333
TXN_8977555,1,0,0,0,0,0,0,0,1,0,0,2023-07-21,0,0.25,0.5,0.20833333333333331
TXN_7179922,1,0,0,0,0,0,0,0,1,0,0,2023-09-05,0,0.25,0.5,0.20833333333333331
TXN_5114283,0,0,0,0,0,0,0,1,0,0,1,2023-05-28,0,0.0,0.125,0.020833333333333332
TXN_1528454,0,1,0,0,0,0,0,0,0,0,1,2023-03-22,0,0.25,0.25,0.125
TXN_5615114,0,0,0,0,0,0,0,1,0,0,1,2023-10-31,1,0.75,0.125,0.20833333333333331
TXN_4968659,0,0,0,0,0,0,0,1,0,1,0,2023-03-18,0,1.0,0.125,0.2708333333333333
TXN_4858666,1,0,0,0,0,0,0,0,0,1,0,2023-03-18,1,0.5,0.5,0.3333333333333333
TXN_3502394,0,1,0,0,0,0,0,0,0,1,0,2023-09-02,0,0.5,0.25,0.20833333333333331
TXN_4754723,0,1,0,0,0,0,0,0,0,1,0,2023-10-02,0,0.25,0.25,0.125
TXN_1902009,1,0,0,0,0,0,0,0,0,1,0,2023-04-12,1,0.25,0.5,0.20833333333333331
TXN_8492074,0,0,0,0,0,0,0,1,0,0,1,2023-11-12,0,0.5,0.125,0.14583333333333331
TXN_6355908,0,0,0,0,0,1,0,0,0,1,0,2023-03-28,0,0.5,0.75,0.4583333333333333
TXN_6856530,0,0,0,0,0,0,1,0,0,0,1,2023-11-11,1,1.0,0.75,0.7916666666666666
TXN_1180397,0,0,0,0,0,0,1,0,0,1,0,2023-04-05,1,0.5,0.75,0.4583333333333333
TXN_4747863,0,0,1,0,0,0,0,0,0,0,1,2023-10-04,0,0.25,0.0,0.041666666666666664
TXN_3979966,0,0,0,0,0,0,1,0,0,1,0,2023-08-23,1,1.0,0.75,0.7916666666666666
TXN_5127984,0,0,0,0,0,1,0,0,1,0,0,2023-11-12,0,0.5,0.75,0.4583333333333333
TXN_9904214,0,0,0,0,0,1,0,0,0,0,1,2023-03-13,1,1.0,0.75,0.7916666666666666
TXN_9948753,0,0,0,0,0,0,0,1,0,0,1,2023-05-09,1,0.25,0.125,0.08333333333333333
TXN_8263172,0,0,0,1,0,0,0,0,1,0,0,2023-12-30,1,0.25,0.5,0.20833333333333331
TXN_1196223,0,0,0,1,0,0,0,0,0,0,1,2023-10-14,0,0.5,0.5,0.3333333333333333
TXN_2401073,0,1,0,0,0,0,0,0,0,1,0,2023-02-10,0,0.75,0.25,0.29166666666666663
TXN_9639089,0,0,0,1,0,0,0,0,0,1,0,2023-05-14,0,0.75,0.5,0.4583333333333333
TXN_8654093,0,1,0,0,0,0,0,0,0,0,1,2023-11-29,0,0.5,0.25,0.20833333333333331
TXN_1038397,0,0,1,0,0,0,0,0,1,0,0,2023-05-20,0,0.5,0.0,0.08333333333333333
TXN_8872715,0,0,1,0,0,0,0,0,0,0,1,2023-04-02,1,0.25,0.0,0.041666666666666664
TXN_4638979,0,0,0,0,1,0,0,0,0,0,1,2023-06-28,0,0.0,1.0,0.16666666666666666
TXN_5506097,0,0,0,0,0,1,0,0,1,0,0,2023-05-04,1,1.0,0.75,0.7916666666666666
TXN_9579984,0,0,0,0,1,0,0,0,0,1,0,2023-12-25,1,1.0,1.0,1.0
TXN_6087578,0,0,0,0,0,0,0,1,0,1,0,2023-12-17,1,0.0,0.125,0.020833333333333332
TXN_5297299,0,1,0,0,0,0,0,0,1,0,0,2023-10-04,0,1.0,0.25,0.375
TXN_7526174,0,0,0,1,0,0,0,0,0,1,0,2023-08-06,0,0.5,0.5,0.3333333333333333
TXN_5401244,0,0,0,0,1,0,0,0,0,1,0,2023-07-08,0,0.0,1.0,0.16666666666666666
TXN_7470034,0,0,0,0,0,0,1,0,0,0,1,2023-04-17,1,1.0,0.75,0.7916666666666666
TXN_7775760,1,0,0,0,0,0,0,0,0,1,0,2023-02-21,1,0.75,0.5,0.4583333333333333
TXN_5820892,0,0,0,1,0,0,0,0,0,0,1,2023-11-14,1,0.0,0.5,0.08333333333333333
TXN_3801338,0,0,0,0,0,1,0,0,0,1,0,2023-11-03,0,0.5,0.75,0.4583333333333333
TXN_1521861,1,0,0,0,0,0,0,0,1,0,0,2023-04-02,0,1.0,0.5,0.5833333333333333
TXN_8365857,0,0,0,0,0,0,1,0,0,0,1,2023-10-06,1,1.0,0.75,0.7916666666666666
TXN_9349657,0,0,1,0,0,0,0,0,0,1,0,2023-03-14,0,0.25,0.0,0.041666666666666664
TXN_4503716,1,0,0,0,0,0,0,0,1,0,0,2023-11-12,0,0.0,0.5,0.08333333333333333
TXN_5679014,0,1,0,0,0,0,0,0,0,0,1,2023-06-12,0,0.0,0.25,0.041666666666666664
TXN_1161606,0,0,0,0,0,1,0,0,0,1,0,2023-09-20,1,1.0,0.75,0.7916666666666666
TXN_5938359,0,0,1,0,0,0,0,0,0,1,0,2023-06-02,1,0.25,0.0,0.041666666666666664
TXN_7565894,0,0,0,0,1,0,0,0,1,0,0,2023-07-15,1,0.0,1.0,0.16666666666666666
TXN_1987311,0,0,0,0,0,0,1,0,1,0,0,2023-08-03,0,0.0,0.75,0.125
TXN_4656387,0,0,1,0,0,0,0,0,0,0,1,2023-07-25,1,0.25,0.0,0.041666666666666664
TXN_9277276,1,0,0,0,0,0,0,0,0,1,0,2023-09-15,1,0.75,0.5,0.4583333333333333
TXN_1576076,0,1,0,0,0,0,0,0,1,0,0,2023-10-07,1,0.5,0.25,0.20833333333333331
TXN_3676632,0,0,0,0,0,0,1,0,0,1,0,2023-12-11,1,0.75,0.75,0.625
TXN_9945457,0,0,1,0,0,0,0,0,1,0,0,2023-06-28,1,0.75,0.0,0.125
TXN_6508674,0,0,0,1,0,0,0,0,0,0,1,2023-02-09,1,0.25,0.5,0.20833333333333331
TXN_4579086,1,0,0,0,0,0,0,0,0,1,0,2023-07-20,0,0.25,0.5,0.20833333333333331
TXN_2421873,0,1,0,0,0,0,0,0,0,1,0,2023-02-18,0,0.25,0.25,0.125
TXN_3601382,0,0,0,0,1,0,0,0,0,0,1,2023-02-12,0,0.5,1.0,0.5833333333333333
TXN_2323650,0,0,0,0,0,0,0,1,0,0,1,2023-10-09,1,0.75,0.125,0.20833333333333331
TXN_3587916,0,0,0,0,1,0,0,0,1,0,0,2023-07-09,0,0.5,1.0,0.5833333333333333
TXN_8914956,0,0,1,0,0,0,0,0,0,1,0,2023-05-13,0,0.25,0.0,0.041666666666666664
TXN_9080521,0,1,0,0,0,0,0,0,0,1,0,2023-01-24,0,0.25,0.25,0.125
TXN_1450705,0,0,1,0,0,0,0,0,0,0,1,2023-10-07,1,1.0,0.0,0.16666666666666666
TXN_9648941,0,1,0,0,0,0,0,0,1,0,0,2023-06-30,1,0.25,0.25,0.125
TXN_9989719,0,0,0,0,0,0,1,0,0,1,0,2023-11-26,1,0.25,0.75,0.29166666666666663
TXN_8409154,1,0,0,0,0,0,0,0,0,0,1,2023-06-20,1,0.75,0.5,0.4583333333333333
TXN_4630633,0,0,0,0,0,1,0,0,1,0,0,2023-10-22,1,0.0,0.75,0.125
TXN_8332592,0,0,0,1,0,0,0,0,0,0,1,2023-03-25,0,1.0,0.5,0.5833333333333333
TXN_5736595,0,1,0,0,0,0,0,0,0,1,0,2023-08-14,0,0.5,0.25,0.20833333333333331
TXN_2264883,0,0,0,1,0,0,0,0,0,1,0,2023-12-24,1,0.25,0.5,0.20833333333333331
TXN_6137394,0,0,0,0,0,1,0,0,0,0,1,2023-11-22,0,0.0,0.75,0.125
TXN_4127927,0,0,0,0,1,0,0,0,0,0,1,2023-08-04,1,1.0,1.0,1.0
TXN_7256205,0,0,0,1,0,0,0,0,1,0,0,2023-04-08,1,0.75,0.5,0.4583333333333333
TXN_1766527,0,0,0,0,1,0,0,0,0,0,1,2023-02-07,1,0.75,1.0,0.7916666666666666
TXN_7591982,0,0,0,0,1,0,0,0,1,0,0,2023-02-28,0,0.0,1.0,0.16666666666666666
TXN_5530273,1,0,0,0,0,0,0,0,0,0,1,2023-01-13,0,0.5,0.5,0.3333333333333333
TXN_2958213,0,0,1,0,0,0,0,0,0,1,0,2023-08-15,0,1.0,0.0,0.16666666666666666
TXN_2057961,0,0,0,1,0,0,0,0,1,0,0,2023-10-04,0,0.25,0.5,0.20833333333333331
TXN_9705027,0,0,1,0,0,0,0,0,1,0,0,2023-09-04,1,0.25,0.0,0.041666666666666664
TXN_6367976,0,0,0,1,0,0,0,0,0,0,1,2023-10-16,1,0.0,0.5,0.08333333333333333
TXN_9921277,1,0,0,0,0,0,0,0,1,0,0,2023-01-29,1,0.0,0.5,0.08333333333333333
TXN_4867316,0,0,0,0,0,1,0,0,0,0,1,2023-11-28,1,0.0,0.75,0.125
TXN_6704173,0,0,0,0,0,0,1,0,0,1,0,2023-07-24,0,0.25,0.75,0.29166666666666663
TXN_9510130,0,0,0,0,1,0,0,0,1,0,0,2023-03-06,0,0.75,1.0,0.7916666666666666
TXN_1192009,0,1,0,0,0,0,0,0,0,0,1,2023-05-18,0,0.0,0.25,0.041666666666666664
TXN_2899889,0,0,0,0,1,0,0,0,1,0,0,2023-12-09,0,0.25,1.0,0.375
TXN_7172693,0,0,0,0,1,0,0,0,0,1,0,2023-03-23,0,1.0,1.0,1.0
TXN_6862603,0,0,0,0,1,0,0,0,0,1,0,2023-04-17,1,0.75,1.0,0.7916666666666666
TXN_5761207,0,0,0,0,0,0,1,0,0,1,0,2023-04-19,1,0.5,0.75,0.4583333333333333
TXN_9852820,0,0,0,0,1,0,0,0,0,1,0,2023-08-27,0,0.25,1.0,0.375
TXN_5939783,0,0,1,0,0,0,0,0,0,0,1,2023-08-13,1,0.25,0.0,0.041666666666666664
TXN_2062604,0,1,0,0,0,0,0,0,1,0,0,2023-08-29,0,0.25,0.25,0.125
TXN_9531812,0,0,0,0,0,1,0,0,0,0,1,2023-02-04,0,0.25,0.75,0.29166666666666663
TXN_1423173,0,0,0,0,0,0,1,0,0,1,0,2023-10-02,1,1.0,0.75,0.7916666666666666
TXN_9811007,0,0,1,0,0,0,0,0,0,1,0,2023-03-07,0,1.0,0.0,0.16666666666666666
TXN_4346813,0,0,0,0,1,0,0,0,0,0,1,2023-07-07,1,1.0,1.0,1.0
TXN_4383311,1,0,0,0,0,0,0,0,1,0,0,2023-09-23,0,0.25,0.5,0.20833333333333331
TXN_5935353,0,0,0,0,0,1,0,0,0,1,0,2023-05-01,1,0.25,0.75,0.29166666666666663
TXN_6778796,1,0,0,0,0,0,0,0,1,0,0,2023-11-29,0,1.0,0.5,0.5833333333333333
TXN_2119373,0,0,0,0,1,0,0,0,0,1,0,2023-06-30,0,0.75,1.0,0.7916666666666666
TXN_6803555,0,0,0,0,0,0,0,1,0,0,1,2023-05-31,1,0.25,0.125,0.08333333333333333
TXN_7010218,0,0,1,0,0,0,0,0,0,0,1,2023-04-29,1,0.75,0.0,0.125
TXN_1707537,1,0,0,0,0,0,0,0,0,0,1,2023-10-17,1,0.5,0.5,0.3333333333333333
TXN_8470187,0,0,0,1,0,0,0,0,1,0,0,2023-06-28,1,0.5,0.5,0.3333333333333333
TXN_6087604,0,0,0,0,0,1,0,0,0,0,1,2023-01-27,0,0.75,0.75,0.625
TXN_9825905,0,1,0,0,0,0,0,0,0,0,1,2023-01-04,1,0.0,0.25,0.041666666666666664
TXN_2086557,0,0,0,0,0,0,1,0,1,0,0,2023-01-13,0,0.25,0.75,0.29166666666666663
TXN_9077087,0,0,0,1,0,0,0,0,0,1,0,2023-05-08,0,0.0,0.5,0.08333333333333333
TXN_7714902,0,1,0,0,0,0,0,0,1,0,0,2023-09-10,1,0.75,0.25,0.29166666666666663
TXN_2154477,1,0,0,0,0,0,0,0,1,0,0,2023-02-11,1,0.75,0.5,0.4583333333333333
TXN_5949199,0,0,0,0,0,0,0,1,0,1,0,2023-02-28,0,1.0,0.125,0.2708333333333333
TXN_8209124,0,1,0,0,0,0,0,0,1,0,0,2023-10-05,1,0.25,0.25,0.125
TXN_7519611,0,0,0,0,0,0,0,1,0,1,0,2023-10-08,0,0.75,0.125,0.20833333333333331
TXN_1318943,0,1,0,0,0,0,0,0,1,0,0,2023-06-13,0,0.25,0.25,0.125
TXN_4502922,0,0,0,0,0,0,1,0,0,1,0,2023-06-23,1,0.0,0.75,0.125
TXN_4554194,0,0,0,0,0,0,1,0,0,1,0,2023-10-04,1,0.5,0.75,0.4583333333333333
TXN_3418612,0,0,0,0,0,0,0,1,0,0,1,2023-01-31,0,0.5,0.125,0.14583333333333331
TXN_2539469,1,0,0,0,0,0,0,0,0,1,0,2023-09-24,1,0.25,0.5,0.20833333333333331
TXN_2764544,0,0,0,1,0,0,0,0,1,0,0,2023-04-02,0,0.75,0.5,0.4583333333333333
TXN_8672939,0,0,0,0,0,0,1,0,1,0,0,2023-11-02,0,0.0,0.75,0.125
TXN_1499346,1,0,0,0,0,0,0,0,1,0,0,2023-12-09,1,1.0,0.5,0.5833333333333333
TXN_9930357,0,0,0,1,0,0,0,0,0,1,0,2023-01-07,0,0.0,0.5,0.08333333333333333
TXN_7631216,0,0,0,1,0,0,0,0,0,1,0,2023-02-16,0,1.0,0.5,0.5833333333333333
TXN_3116803,0,1,0,0,0,0,0,0,0,1,0,2023-09-10,0,0.0,0.25,0.041666666666666664
TXN_6050844,0,0,0,0,0,0,0,1,1,0,0,2023-03-12,1,0.25,0.125,0.08333333333333333
TXN_7403963,0,0,0,0,0,1,0,0,1,0,0,2023-07-27,0,0.75,0.75,0.625
TXN_2708387,0,0,0,0,0,0,0,1,0,1,0,2023-11-12,1,0.75,0.125,0.20833333333333331
TXN_7916758,0,0,0,0,0,0,1,0,0,1,0,2023-10-14,1,0.0,0.75,0.125
TXN_2944717,0,0,1,0,0,0,0,0,1,0,0,2023-12-11,1,0.25,0.0,0.041666666666666664
TXN_7571571,0,0,0,0,0,1,0,0,0,1,0,2023-04-09,0,0.25,0.75,0.29166666666666663
TXN_7250085,0,1,0,0,0,0,0,0,0,0,1,2023-09-19,1,0.75,0.25,0.29166666666666663
TXN_1892102,0,0,0,0,0,1,0,0,1,0,0,2023-03-23,0,0.5,0.75,0.4583333333333333
TXN_7039529,0,0,1,0,0,0,0,0,0,0,1,2023-01-19,0,0.5,0.0,0.08333333333333333
TXN_1452931,0,0,0,0,0,0,0,1,0,0,1,2023-07-08,1,0.0,0.125,0.020833333333333332
TXN_5148201,0,0,0,0,0,0,1,0,1,0,0,2023-11-18,0,1.0,0.75,0.7916666666666666
TXN_7322317,0,0,0,0,0,0,0,1,1,0,0,2023-03-16,0,0.0,0.125,0.020833333333333332
TXN_4648214,0,0,0,0,1,0,0,0,0,1,0,2023-02-15,0,0.0,1.0,0.16666666666666666
TXN_7902691,0,0,0,1,0,0,0,0,0,0,1,2023-10-13,1,0.5,0.5,0.3333333333333333
TXN_4966750,0,0,1,0,0,0,0,0,0,0,1,2023-12-24,0,0.5,0.0,0.08333333333333333
TXN_7740239,0,0,0,0,0,0,0,1,0,0,1,2023-01-26,1,0.25,0.125,0.08333333333333333
TXN_6901162,0,0,0,0,0,0,1,0,0,0,1,2023-01-03,0,0.5,0.75,0.4583333333333333
TXN_3689579,0,0,0,0,0,0,1,0,0,0,1,2023-12-02,1,0.25,0.75,0.29166666666666663
TXN_7770188,0,0,0,1,0,0,0,0,0,0,1,2023-10-28,0,1.0,0.5,0.5833333333333333
TXN_5088167,0,1,0,0,0,0,0,0,0,1,0,2023-09-02,0,1.0,0.25,0.375
TXN_1865302,0,0,1,0,0,0,0,0,0,1,0,2023-08-16,0,1.0,0.0,0.16666666666666666
TXN_4224423,0,0,0,1,0,0,0,0,1,0,0,2023-08-27,1,0.5,0.5,0.3333333333333333
TXN_8269956,0,0,0,0,0,0,1,0,0,1,0,2023-08-02,1,1.0,0.75,0.7916666666666666
TXN_9263959,0,0,1,0,0,0,0,0,1,0,0,2023-11-19,0,1.0,0.0,0.16666666666666666
TXN_3879052,0,1,0,0,0,0,0,0,0,1,0,2023-12-14,0,0.5,0.25,0.20833333333333331
TXN_7340284,0,0,1,0,0,0,0,0,0,0,1,2023-09-05,1,1.0,0.0,0.16666666666666666
TXN_9809696,0,0,0,0,0,0,1,0,0,1,0,2023-01-05,1,0.0,0.75,0.125
TXN_5719592,0,1,0,0,0,0,0,0,0,1,0,2023-08-07,0,0.0,0.25,0.041666666666666664
TXN_6121301,0,0,0,0,0,0,1,0,0,0,1,2023-01-07,1,1.0,0.75,0.7916666666666666
TXN_2097987,0,0,0,0,0,1,0,0,0,0,1,2023-11-16,0,0.25,0.75,0.29166666666666663
TXN_7514279,0,0,0,0,1,0,0,0,0,1,0,2023-02-04,0,0.0,1.0,0.16666666666666666
TXN_5153408,0,0,0,0,0,0,1,0,0,1,0,2023-08-22,1,0.0,0.75,0.125
TXN_4678948,0,0,0,1,0,0,0,0,1,0,0,2023-07-02,1,0.5,0.5,0.3333333333333333
TXN_8918253,0,0,0,0,0,1,0,0,0,0,1,2023-09-07,0,0.5,0.75,0.4583333333333333
TXN_7292662,0,0,0,0,0,1,0,0,1,0,0,2023-04-21,0,0.0,0.75,0.125
TXN_1209852,0,0,1,0,0,0,0,0,0,1,0,2023-11-18,0,0.25,0.0,0.041666666666666664
TXN_4367311,0,1,0,0,0,0,0,0,0,1,0,2023-02-26,0,1.0,0.25,0.375
TXN_5985513,0,0,0,0,0,1,0,0,0,1,0,2023-08-02,1,0.25,0.75,0.29166666666666663
TXN_2086325,0,1,0,0,0,0,0,0,0,1,0,2023-08-14,1,0.25,0.25,0.125
TXN_4062032,0,0,0,0,0,0,0,1,0,0,1,2023-10-28,0,1.0,0.125,0.2708333333333333
TXN_4329558,0,1,0,0,0,0,0,0,0,0,1,2023-04-22,0,0.75,0.25,0.29166666666666663
TXN_2029301,0,0,0,0,0,0,0,1,0,0,1,2023-08-06,0,1.0,0.125,0.2708333333333333
TXN_4508067,0,0,0,0,0,0,1,0,0,1,0,2023-03-19,1,1.0,0.75,0.7916666666666666
TXN_6637315,1,0,0,0,0,0,0,0,1,0,0,2023-12-02,1,0.5,0.5,0.3333333333333333
TXN_3660347,0,0,0,0,0,0,1,0,1,0,0,2023-07-09,0,1.0,0.75,0.7916666666666666
TXN_4251500,0,0,1,0,0,0,0,0,0,0,1,2023-11-11,1,0.75,0.0,0.125
TXN_1516961,0,0,0,0,0,1,0,0,0,1,0,2023-11-01,1,0.5,0.75,0.4583333333333333
TXN_5033660,0,1,0,0,0,0,0,0,0,0,1,2023-09-12,1,0.25,0.25,0.125
TXN_9506595,0,0,0,0,0,0,0,1,1,0,0,2023-07-10,0,0.5,0.125,0.14583333333333331
TXN_6646684,0,0,1,0,0,0,0,0,1,0,0,2023-06-01,1,0.5,0.0,0.08333333333333333
TXN_6866644,0,0,0,0,0,1,0,0,1,0,0,2023-07-22,1,0.0,0.75,0.125
TXN_7228322,0,0,1,0,0,0,0,0,0,1,0,2023-02-18,0,0.0,0.0,0.0
TXN_3595118,0,0,0,1,0,0,0,0,1,0,0,2023-02-03,0,0.25,0.5,0.20833333333333331
TXN_4040941,0,0,1,0,0,0,0,0,1,0,0,2023-02-20,0,0.0,0.0,0.0
TXN_7753584,0,1,0,0,0,0,0,0,0,0,1,2023-07-01,1,0.75,0.25,0.29166666666666663
TXN_4738349,0,0,0,0,0,0,1,0,0,0,1,2023-02-06,0,0.25,0.75,0.29166666666666663
TXN_9436284,0,1,0,0,0,0,0,0,0,1,0,2023-03-28,1,0.5,0.25,0.20833333333333331
TXN_1221801,0,0,0,0,0,0,1,0,1,0,0,2023-06-17,1,0.25,0.75,0.29166666666666663
TXN_3185929,0,0,0,0,1,0,0,0,1,0,0,2023-07-27,1,0.5,1.0,0.5833333333333333
TXN_2332609,0,0,0,0,0,0,1,0,0,1,0,2023-05-17,0,1.0,0.75,0.7916666666666666
TXN_4183705,0,0,0,0,0,0,0,1,0,1,0,2023-11-23,0,0.25,0.125,0.08333333333333333
TXN_5459138,0,0,0,0,0,0,1,0,0,0,1,2023-11-14,0,0.25,0.75,0.29166666666666663
TXN_7435096,0,0,0,0,0,0,0,1,0,1,0,2023-10-21,0,0.75,0.125,0.20833333333333331
TXN_2561471,0,0,0,0,0,1,0,0,1,0,0,2023-07-12,0,0.0,0.75,0.125
TXN_3098503,0,0,0,0,1,0,0,0,0,1,0,2023-05-31,1,0.0,1.0,0.16666666666666666
TXN_1148060,0,0,1,0,0,0,0,0,1,0,0,2023-10-12,0,1.0,0.0,0.16666666666666666
TXN_5151780,0,0,0,0,1,0,0,0,1,0,0,2023-06-24,1,0.75,1.0,0.7916666666666666
TXN_3398955,0,0,1,0,0,0,0,0,1,0,0,2023-10-19,0,0.5,0.0,0.08333333333333333
TXN_8140360,0,1,0,0,0,0,0,0,0,0,1,2023-05-05,1,0.75,0.25,0.29166666666666663
TXN_4448318,0,1,0,0,0,0,0,0,0,0,1,2023-08-07,1,0.75,0.25,0.29166666666666663
TXN_8341520,0,0,0,0,0,1,0,0,0,0,1,2023-06-24,1,0.5,0.75,0.4583333333333333
TXN_9883214,0,0,0,1,0,0,0,0,0,0,1,2023-04-04,0,0.5,0.5,0.3333333333333333
TXN_2912934,0,0,1,0,0,0,0,0,0,1,0,2023-04-01,1,1.0,0.0,0.16666666666666666
TXN_7694996,0,0,0,0,1,0,0,0,1,0,0,2023-03-11,0,0.75,1.0,0.7916666666666666
TXN_5660244,1,0,0,0,0,0,0,0,0,0,1,2023-10-04,0,1.0,0.5,0.5833333333333333
TXN_7873479,0,0,1,0,0,0,0,0,0,1,0,2023-03-18,1,0.0,0.0,0.0
TXN_7771516,0,0,0,0,0,1,0,0,1,0,0,2023-05-26,1,0.5,0.75,0.4583333333333333
TXN_1166001,1,0,0,0,0,0,0,0,1,0,0,2023-12-26,0,1.0,0.5,0.5833333333333333
TXN_6775304,0,0,0,0,0,0,0,1,1,0,0,2023-03-08,0,0.75,0.125,0.20833333333333331
TXN_3801966,0,0,0,0,0,1,0,0,0,0,1,2023-01-14,0,0.75,0.75,0.625
TXN_2849095,0,1,0,0,0,0,0,0,0,0,1,2023-07-13,0,0.5,0.25,0.20833333333333331
TXN_1749930,0,0,0,0,1,0,0,0,0,0,1,2023-07-01,0,1.0,1.0,1.0
TXN_2210925,0,0,0,1,0,0,0,0,1,0,0,2023-07-06,0,0.75,0.5,0.4583333333333333
TXN_6810969,0,0,0,0,0,1,0,0,1,0,0,2023-03-08,0,0.0,0.75,0.125
TXN_2651789,0,0,1,0,0,0,0,0,0,0,1,2023-02-10,1,0.0,0.0,0.0
TXN_7750963,0,0,0,0,0,0,0,1,0,1,0,2023-06-09,0,0.75,0.125,0.20833333333333331
TXN_8134280,0,0,1,0,0,0,0,0,0,0,1,2023-01-29,1,0.0,0.0,0.0
TXN_2231082,1,0,0,0,0,0,0,0,1,0,0,2023-05-03,0,1.0,0.5,0.5833333333333333
TXN_2014042,0,0,1,0,0,0,0,0,0,0,1,2023-10-27,1,0.75,0.0,0.125
TXN_1132293,0,0,0,0,0,0,0,1,0,0,1,2023-07-05,0,0.75,0.125,0.20833333333333331
TXN_3550177,0,0,0,0,1,0,0,0,1,0,0,2023-09-13,0,1.0,1.0,1.0
TXN_5326795,0,0,1,0,0,0,0,0,0,0,1,2023-04-05,0,0.25,0.0,0.041666666666666664
TXN_1993503,0,0,1,0,0,0,0,0,0,1,0,2023-08-16,0,0.75,0.0,0.125
TXN_4097922,0,0,0,0,1,0,0,0,1,0,0,2023-01-16,0,0.5,1.0,0.5833333333333333
TXN_2317041,0,0,0,0,0,0,0,1,1,0,0,2023-01-15,0,0.5,0.125,0.14583333333333331
TXN_4648031,0,0,0,0,0,0,0,1,0,0,1,2023-09-04,0,0.75,0.125,0.20833333333333331
TXN_4942960,0,0,0,1,0,0,0,0,0,0,1,2023-04-12,1,0.0,0.5,0.08333333333333333
TXN_8740501,0,0,0,0,1,0,0,0,0,0,1,2023-02-05,0,1.0,1.0,1.0
TXN_4523273,1,0,0,0,0,0,0,0,0,0,1,2023-10-17,0,0.75,0.5,0.4583333333333333
TXN_7276478,0,0,0,0,0,1,0,0,1,0,0,2023-09-07,1,1.0,0.75,0.7916666666666666
TXN_6036240,1,0,0,0,0,0,0,0,0,1,0,2023-10-30,0,0.75,0.5,0.4583333333333333
TXN_1449866,0,0,0,0,1,0,0,0,1,0,0,2023-09-21,1,0.75,1.0,0.7916666666666666
TXN_2882871,0,0,0,0,1,0,0,0,0,1,0,2023-08-30,1,0.5,1.0,0.5833333333333333
TXN_1047450,0,1,0,0,0,0,0,0,1,0,0,2023-11-19,0,0.25,0.25,0.125
TXN_9673685,0,0,0,0,1,0,0,0,1,0,0,2023-12-11,0,0.0,1.0,0.16666666666666666
TXN_3547569,0,0,0,0,0,0,1,0,0,0,1,2023-08-04,0,0.75,0.75,0.625
TXN_2866587,0,0,0,0,0,1,0,0,0,1,0,2023-09-16,1,0.5,0.75,0.4583333333333333
TXN_1629218,0,1,0,0,0,0,0,0,0,0,1,2023-06-27,1,0.5,0.25,0.20833333333333331
TXN_2964982,0,0,0,0,0,1,0,0,0,0,1,2023-04-15,0,0.0,0.75,0.125
TXN_5974791,0,0,1,0,0,0,0,0,1,0,0,2023-10-22,1,0.25,0.0,0.041666666666666664
TXN_1005472,0,1,0,0,0,0,0,0,0,1,0,2023-04-21,1,0.75,0.25,0.29166666666666663
TXN_7202898,0,0,1,0,0,0,0,0,0,0,1,2023-07-18,1,0.75,0.0,0.125
TXN_4511996,0,0,0,1,0,0,0,0,0,0,1,2023-09-18,1,0.5,0.5,0.3333333333333333
TXN_9896694,0,0,0,0,0,1,0,0,1,0,0,2023-02-16,0,0.75,0.75,0.625
TXN_9881555,1,0,0,0,0,0,0,0,1,0,0,2023-04-09,0,1.0,0.5,0.5833333333333333
TXN_9853220,0,0,1,0,0,0,0,0,0,1,0,2023-04-02,0,1.0,0.0,0.16666666666666666
TXN_2354774,0,1,0,0,0,0,0,0,1,0,0,2023-01-06,0,1.0,0.25,0.375
TXN_5723229,0,0,0,1,0,0,0,0,0,0,1,2023-06-23,1,1.0,0.5,0.5833333333333333
TXN_1065721,0,0,0,0,0,1,0,0,1,0,0,2023-12-06,1,0.75,0.75,0.625
TXN_4921791,0,0,0,0,1,0,0,0,0,1,0,2023-02-08,0,0.75,1.0,0.7916666666666666
TXN_3692789,0,0,0,0,0,1,0,0,0,1,0,2023-12-13,0,0.25,0.75,0.29166666666666663
TXN_8155446,0,0,0,0,1,0,0,0,0,0,1,2023-12-20,1,0.5,1.0,0.5833333333333333
TXN_2253852,0,0,1,0,0,0,0,0,0,1,0,2023-08-26,1,0.25,0.0,0.041666666666666664
TXN_2810187,0,1,0,0,0,0,0,0,0,1,0,2023-10-17,0,0.75,0.25,0.29166666666666663
TXN_4962500,0,0,0,1,0,0,0,0,1,0,0,2023-08-24,1,1.0,0.5,0.5833333333333333
TXN_6994752,0,0,0,1,0,0,0,0,1,0,0,2023-06-17,1,0.75,0.5,0.4583333333333333
TXN_7598654,0,1,0,0,0,0,0,0,0,1,0,2023-11-26,1,0.5,0.25,0.20833333333333331
TXN_8039560,0,1,0,0,0,0,0,0,0,0,1,2023-03-29,1,1.0,0.25,0.375
TXN_6785331,1,0,0,0,0,0,0,0,0,1,0,2023-04-12,0,0.0,0.5,0.08333333333333333
TXN_8260297,0,0,0,0,1,0,0,0,1,0,0,2023-07-04,0,0.25,1.0,0.375
TXN_7152012,0,0,0,0,0,1,0,0,0,0,1,2023-04-02,0,0.5,0.75,0.4583333333333333
TXN_7907366,0,1,0,0,0,0,0,0,0,0,1,2023-01-13,0,0.75,0.25,0.29166666666666663
TXN_3830888,0,1,0,0,0,0,0,0,0,0,1,2023-02-20,0,0.75,0.25,0.29166666666666663
TXN_1565027,0,0,0,0,0,0,0,1,1,0,0,2023-03-16,0,0.5,0.125,0.14583333333333331
TXN_5618377,0,0,0,0,0,1,0,0,0,1,0,2023-04-02,0,0.25,0.75,0.29166666666666663
TXN_3645674,0,0,0,0,0,0,0,1,1,0,0,2023-07-18,1,0.75,0.125,0.20833333333333331
TXN_2464236,0,0,1,0,0,0,0,0,0,0,1,2023-04-02,1,1.0,0.0,0.16666666666666666
TXN_4543793,0,0,0,0,0,1,0,0,1,0,0,2023-10-12,0,0.25,0.75,0.29166666666666663
TXN_5745921,0,0,0,0,0,1,0,0,1,0,0,2023-03-01,0,0.25,0.75,0.29166666666666663
TXN_7229419,0,0,0,0,1,0,0,0,0,1,0,2023-05-15,1,0.25,1.0,0.375
TXN_9247075,0,0,0,0,1,0,0,0,0,1,0,2023-07-05,0,0.5,1.0,0.5833333333333333
TXN_6960459,0,1,0,0,0,0,0,0,0,1,0,2023-07-24,0,0.0,0.25,0.041666666666666664
TXN_4679083,1,0,0,0,0,0,0,0,0,0,1,2023-12-25,1,1.0,0.5,0.5833333333333333
TXN_3313534,0,0,1,0,0,0,0,0,0,0,1,2023-01-05,0,0.25,0.0,0.041666666666666664
TXN_4969431,0,0,0,0,1,0,0,0,0,1,0,2023-04-11,1,0.75,1.0,0.7916666666666666
TXN_2977905,0,0,0,0,0,0,1,0,0,0,1,2023-06-23,0,0.5,0.75,0.4583333333333333
TXN_5341204,0,1,0,0,0,0,0,0,0,1,0,2023-07-24,0,0.0,0.25,0.041666666666666664
TXN_2147706,0,0,0,1,0,0,0,0,0,0,1,2023-03-23,0,1.0,0.5,0.5833333333333333
TXN_3663592,0,0,0,0,0,0,1,0,0,1,0,2023-08-26,1,0.25,0.75,0.29166666666666663
TXN_4459351,0,0,0,0,0,0,1,0,0,1,0,2023-12-08,0,1.0,0.75,0.7916666666666666
TXN_2976052,0,0,1,0,0,0,0,0,1,0,0,2023-11-01,1,1.0,0.0,0.16666666666666666
TXN_1373048,0,0,0,0,1,0,0,0,1,0,0,2023-08-31,0,1.0,1.0,1.0
TXN_2575331,0,0,1,0,0,0,0,0,1,0,0,2023-03-20,0,1.0,0.0,0.16666666666666666
TXN_4764236,0,0,0,1,0,0,0,0,0,0,1,2023-05-29,0,0.0,0.5,0.08333333333333333
TXN_3544380,0,0,0,1,0,0,0,0,0,1,0,2023-09-13,0,0.0,0.5,0.08333333333333333
TXN_2104473,1,0,0,0,0,0,0,0,0,0,1,2023-01-01,1,0.5,0.5,0.3333333333333333
TXN_3819405,0,0,0,1,0,0,0,0,0,0,1,2023-02-16,0,0.75,0.5,0.4583333333333333
TXN_3512665,0,0,0,0,1,0,0,0,0,1,0,2023-10-16,0,1.0,1.0,1.0
TXN_1696813,0,0,1,0,0,0,0,0,1,0,0,2023-04-02,0,0.5,0.0,0.08333333333333333
TXN_4631228,1,0,0,0,0,0,0,0,0,0,1,2023-10-07,1,0.0,0.5,0.08333333333333333
TXN_2084232,0,0,0,0,0,0,0,1,0,0,1,2023-10-11,1,0.75,0.125,0.20833333333333331
TXN_5399303,0,1,0,0,0,0,0,0,0,1,0,2023-11-02,1,0.25,0.25,0.125
TXN_1251960,0,0,0,0,0,1,0,0,0,0,1,2023-11-20,1,1.0,0.75,0.7916666666666666
TXN_1984774,0,0,0,0,0,0,0,1,1,0,0,2023-11-13,1,0.5,0.125,0.14583333333333331
TXN_9886794,1,0,0,0,0,0,0,0,1,0,0,2023-06-06,0,0.0,0.5,0.08333333333333333
TXN_3821298,0,0,0,0,0,0,1,0,0,1,0,2023-04-26,0,1.0,0.75,0.7916666666666666
TXN_1057760,0,0,0,1,0,0,0,0,0,1,0,2023-02-20,1,0.75,0.5,0.4583333333333333
TXN_2294778,0,0,1,0,0,0,0,0,0,0,1,2023-05-29,1,0.5,0.0,0.08333333333333333
TXN_6091431,0,0,0,0,0,0,0,1,0,1,0,2023-11-16,0,0.5,0.125,0.14583333333333331
TXN_1728644,0,1,0,0,0,0,0,0,1,0,0,2023-04-07,1,0.0,0.25,0.041666666666666664
TXN_6993624,1,0,0,0,0,0,0,0,1,0,0,2023-05-09,0,0.75,0.5,0.4583333333333333
TXN_4003831,0,0,1,0,0,0,0,0,0,1,0,2023-01-27,1,0.0,0.0,0.0
TXN_9018366,0,0,0,1,0,0,0,0,1,0,0,2023-03-31,1,1.0,0.5,0.5833333333333333
TXN_7708810,0,0,0,0,0,0,1,0,1,0,0,2023-06-09,0,0.0,0.75,0.125
TXN_8726874,0,0,0,0,0,1,0,0,0,1,0,2023-09-30,1,0.25,0.75,0.29166666666666663
TXN_4190431,0,0,0,0,0,0,0,1,0,0,1,2023-09-23,0,0.5,0.125,0.14583333333333331
TXN_5201123,0,0,0,0,1,0,0,0,0,0,1,2023-07-12,1,0.25,1.0,0.375
TXN_6172528,0,0,0,0,0,0,1,0,0,1,0,2023-05-18,0,0.5,0.75,0.4583333333333333
TXN_1193551,0,0,1,0,0,0,0,0,0,0,1,2023-01-07,1,0.0,0.0,0.0
TXN_9877722,0,0,0,0,0,1,0,0,0,0,1,2023-02-14,0,1.0,0.75,0.7916666666666666
TXN_2702861,0,0,1,0,0,0,0,0,0,0,1,2023-06-02,1,0.75,0.0,0.125
TXN_4255580,0,0,0,0,0,1,0,0,1,0,0,2023-03-05,0,0.0,0.5,0.08333333333333333
TXN_1256851,0,0,0,0,0,1,0,0,0,1,0,2023-07-29,0,0.75,0.75,0.625
TXN_4146795,0,0,0,0,0,0,0,1,1,0,0,2023-10-29,0,1.0,0.125,0.2708333333333333
TXN_2203873,0,0,0,0,0,0,0,1,0,0,1,2023-01-26,1,0.5,0.125,0.14583333333333331
TXN_5018462,0,0,0,0,0,0,1,0,1,0,0,2023-11-28,0,1.0,0.75,0.7916666666666666
TXN_6133971,0,0,0,0,0,0,1,0,0,1,0,2023-04-18,0,1.0,0.75,0.7916666666666666
TXN_1417400,0,0,1,0,0,0,0,0,1,0,0,2023-03-20,0,0.25,0.0,0.041666666666666664
TXN_4239859,0,0,0,1,0,0,0,0,0,1,0,2023-02-03,0,0.0,0.5,0.08333333333333333
TXN_5369010,0,0,0,0,1,0,0,0,1,0,0,2023-04-23,1,0.75,1.0,0.7916666666666666
TXN_4877436,0,0,0,1,0,0,0,0,0,0,1,2023-10-08,0,0.75,0.5,0.4583333333333333
TXN_9697670,1,0,0,0,0,0,0,0,1,0,0,2023-12-29,1,0.5,0.5,0.3333333333333333
TXN_8643596,0,1,0,0,0,0,0,0,0,1,0,2023-03-29,0,1.0,0.25,0.375
TXN_1654784,0,0,1,0,0,0,0,0,1,0,0,2023-12-31,0,1.0,0.0,0.16666666666666666
TXN_4422898,0,0,0,0,1,0,0,0,0,1,0,2023-04-20,0,0.25,1.0,0.375
TXN_4175191,0,0,0,0,0,1,0,0,1,0,0,2023-11-20,0,0.25,0.75,0.29166666666666663
TXN_3196388,0,0,0,0,1,0,0,0,1,0,0,2023-03-04,0,0.5,1.0,0.5833333333333333
TXN_6960031,0,0,0,0,0,1,0,0,0,0,1,2023-04-25,1,1.0,0.75,0.7916666666666666
TXN_8963106,0,1,0,0,0,0,0,0,1,0,0,2023-04-01,0,1.0,0.25,0.375
TXN_7167980,0,0,0,0,0,0,1,0,0,0,1,2023-10-05,1,0.5,0.75,0.4583333333333333
TXN_8732716,0,0,0,0,0,0,0,1,1,0,0,2023-12-29,1,0.5,0.125,0.14583333333333331
TXN_3530118,1,0,0,0,0,0,0,0,0,0,1,2023-11-14,0,1.0,0.5,0.5833333333333333
TXN_7875743,1,0,0,0,0,0,0,0,1,0,0,2023-04-17,1,1.0,0.5,0.5833333333333333
TXN_1526920,0,0,0,0,0,1,0,0,0,0,1,2023-05-24,1,1.0,0.75,0.7916666666666666
TXN_1933315,0,0,0,1,0,0,0,0,0,0,1,2023-09-29,0,0.25,0.5,0.20833333333333331
TXN_5674503,1,0,0,0,0,0,0,0,0,1,0,2023-12-14,1,0.5,0.5,0.3333333333333333
TXN_5252187,0,0,0,0,0,1,0,0,1,0,0,2023-01-20,0,0.0,0.75,0.125
TXN_4668931,0,0,0,1,0,0,0,0,1,0,0,2023-07-09,0,0.5,0.5,0.3333333333333333
TXN_2504703,0,0,0,0,0,0,1,0,0,0,1,2023-01-09,1,1.0,0.75,0.7916666666666666
TXN_3113428,0,0,0,1,0,0,0,0,1,0,0,2023-10-30,0,0.25,0.5,0.20833333333333331
TXN_9663941,0,0,0,1,0,0,0,0,1,0,0,2023-04-11,0,0.75,0.5,0.4583333333333333
TXN_7595115,0,0,0,0,0,1,0,0,0,0,1,2023-04-17,1,0.25,0.75,0.29166666666666663
TXN_9034955,0,0,1,0,0,0,0,0,0,1,0,2023-09-07,0,0.0,0.0,0.0
TXN_7856009,1,0,0,0,0,0,0,0,0,1,0,2023-05-27,1,0.25,0.5,0.20833333333333331
TXN_2375919,0,0,0,0,0,1,0,0,0,0,1,2023-11-23,1,0.5,0.75,0.4583333333333333
TXN_9344399,0,0,1,0,0,0,0,0,0,0,1,2023-12-04,1,0.25,0.0,0.041666666666666664
TXN_1091243,0,0,0,0,0,1,0,0,0,1,0,2023-01-06,0,0.25,0.75,0.29166666666666663
TXN_8800741,0,1,0,0,0,0,0,0,0,0,1,2023-06-26,1,0.75,0.25,0.29166666666666663
TXN_3546303,0,0,0,0,0,0,0,1,0,0,1,2023-09-11,1,0.25,0.125,0.08333333333333333
TXN_7595096,0,0,0,1,0,0,0,0,1,0,0,2023-11-02,1,0.0,0.5,0.08333333333333333
TXN_4788849,0,0,1,0,0,0,0,0,0,0,1,2023-03-13,1,0.0,0.0,0.0
TXN_7838802,0,0,1,0,0,0,0,0,0,1,0,2023-11-20,1,0.25,0.0,0.041666666666666664
TXN_6736326,0,0,0,0,1,0,0,0,0,1,0,2023-04-14,0,0.25,1.0,0.375
TXN_2536021,0,0,1,0,0,0,0,0,1,0,0,2023-10-02,1,1.0,0.0,0.16666666666666666
TXN_2065683,1,0,0,0,0,0,0,0,0,0,1,2023-09-21,0,0.5,0.125,0.20833333333333331
TXN_5538696,0,1,0,0,0,0,0,0,0,0,1,2023-08-30,0,0.25,0.25,0.125
TXN_8434651,0,0,0,1,0,0,0,0,0,0,1,2023-01-27,1,0.75,0.5,0.4583333333333333
TXN_4635386,0,0,0,0,0,0,0,1,0,1,0,2023-09-30,1,0.0,0.125,0.020833333333333332
TXN_5466291,0,0,0,0,1,0,0,0,0,1,0,2023-09-19,1,0.0,1.0,0.16666666666666666
TXN_2643389,0,0,0,0,0,1,0,0,0,1,0,2023-08-24,0,0.25,0.75,0.29166666666666663
TXN_9817135,0,0,0,0,1,0,0,0,0,0,1,2023-03-25,0,0.0,1.0,0.16666666666666666
TXN_7426086,0,1,0,0,0,0,0,0,0,1,0,2023-01-13,0,0.75,0.25,0.29166666666666663
TXN_9327861,0,0,0,0,0,0,0,1,0,1,0,2023-07-17,0,1.0,0.125,0.2708333333333333
TXN_3971440,1,0,0,0,0,0,0,0,0,0,1,2023-10-22,1,0.75,0.5,0.4583333333333333
TXN_8494583,0,0,1,0,0,0,0,0,0,1,0,2023-11-29,0,1.0,0.0,0.16666666666666666
TXN_8083377,0,0,0,0,0,0,0,1,0,0,1,2023-01-06,0,0.75,0.125,0.20833333333333331
TXN_6883187,0,0,0,1,0,0,0,0,0,1,0,2023-11-16,0,0.25,0.5,0.20833333333333331
TXN_8340038,0,0,0,0,0,0,0,1,0,0,1,2023-07-15,0,0.0,0.125,0.020833333333333332
TXN_2275799,0,0,0,0,0,1,0,0,0,0,1,2023-10-04,0,0.5,0.75,0.4583333333333333
TXN_3497691,0,0,0,0,0,0,1,0,0,1,0,2023-09-06,1,0.75,0.75,0.625
TXN_5881237,0,0,1,0,0,0,0,0,0,0,1,2023-08-14,1,0.25,0.0,0.041666666666666664
TXN_2271705,0,0,0,0,0,0,0,1,0,0,1,2023-07-20,0,1.0,0.125,0.2708333333333333
TXN_1640172,0,0,0,0,1,0,0,0,0,1,0,2023-04-13,0,0.0,1.0,0.16666666666666666
TXN_4618211,0,0,0,0,0,0,1,0,1,0,0,2023-09-12,0,0.75,0.75,0.625
TXN_9618563,0,0,0,0,0,0,1,0,0,1,0,2023-02-24,1,0.0,0.75,0.125
TXN_4374260,0,0,1,0,0,0,0,0,1,0,0,2023-04-20,0,0.0,0.0,0.0
TXN_1946773,0,0,0,0,0,1,0,0,1,0,0,2023-08-28,1,0.75,0.75,0.625
TXN_4387523,1,0,0,0,0,0,0,0,1,0,0,2023-02-07,1,0.5,0.5,0.3333333333333333
TXN_7661094,0,0,0,0,1,0,0,0,1,0,0,2023-07-21,0,0.75,1.0,0.7916666666666666
TXN_6766664,0,1,0,0,0,0,0,0,0,0,1,2023-05-21,1,0.5,0.25,0.20833333333333331
TXN_9055374,0,0,0,0,0,1,0,0,0,1,0,2023-11-04,1,0.0,0.75,0.125
TXN_1861717,0,0,0,0,0,0,0,1,1,0,0,2023-11-10,0,0.25,0.125,0.08333333333333333
TXN_3421079,0,0,0,0,0,0,1,0,0,1,0,2023-12-18,0,0.0,0.75,0.125
TXN_1637131,0,0,0,0,0,0,0,1,1,0,0,2023-07-29,0,0.75,0.25,0.20833333333333331
TXN_7636536,0,0,1,0,0,0,0,0,1,0,0,2023-05-06,1,0.25,0.0,0.041666666666666664
TXN_4971607,0,0,0,0,0,0,1,0,1,0,0,2023-03-30,0,1.0,0.75,0.7916666666666666
TXN_1852436,0,0,0,1,0,0,0,0,1,0,0,2023-07-22,1,0.75,0.5,0.4583333333333333
TXN_9701622,0,0,1,0,0,0,0,0,0,0,1,2023-09-24,0,1.0,0.0,0.16666666666666666
TXN_6966241,0,0,0,1,0,0,0,0,0,0,1,2023-04-13,0,0.25,0.5,0.20833333333333331
TXN_9252700,0,0,0,1,0,0,0,0,0,1,0,2023-08-24,1,0.5,0.5,0.3333333333333333
TXN_1124900,0,0,0,0,0,0,1,0,0,1,0,2023-09-08,0,0.75,0.75,0.625
TXN_3964624,0,0,0,0,0,0,0,1,0,0,1,2023-09-20,0,0.5,0.125,0.14583333333333331
TXN_2226371,1,0,0,0,0,0,0,0,1,0,0,2023-11-18,0,0.0,0.5,0.08333333333333333
TXN_5744797,1,0,0,0,0,0,0,0,1,0,0,2023-12-20,0,0.0,0.5,0.08333333333333333
TXN_5777164,0,0,0,0,0,0,1,0,0,1,0,2023-02-07,1,0.0,0.75,0.125
TXN_5817802,0,1,0,0,0,0,0,0,0,1,0,2023-02-13,0,1.0,0.25,0.375
TXN_3787234,0,0,0,0,0,0,0,1,0,0,1,2023-03-15,0,0.25,0.125,0.08333333333333333
TXN_4525646,1,0,0,0,0,0,0,0,0,1,0,2023-07-07,1,0.5,0.5,0.3333333333333333
TXN_7004303,0,0,0,0,0,1,0,0,1,0,0,2023-10-06,0,0.5,0.75,0.4583333333333333
TXN_8649416,1,0,0,0,0,0,0,0,0,1,0,2023-09-21,1,1.0,0.5,0.5833333333333333
TXN_3219599,0,0,0,1,0,0,0,0,0,0,1,2023-08-22,1,0.25,0.5,0.20833333333333331
TXN_1394131,0,0,0,1,0,0,0,0,1,0,0,2023-06-13,1,0.75,0.5,0.4583333333333333
TXN_9237291,0,0,0,1,0,0,0,0,0,1,0,2023-09-22,1,0.25,0.5,0.20833333333333331
TXN_9520855,1,0,0,0,0,0,0,0,0,1,0,2023-01-11,1,0.75,0.5,0.4583333333333333
TXN_4565080,0,0,0,0,0,0,1,0,0,0,1,2023-09-28,0,0.75,0.75,0.625
TXN_8348710,0,1,0,0,0,0,0,0,1,0,0,2023-12-27,0,0.0,0.25,0.041666666666666664
TXN_5127819,0,0,0,1,0,0,0,0,0,1,0,2023-04-03,0,0.5,0.5,0.3333333333333333
TXN_7496394,0,0,0,0,0,0,1,0,1,0,0,2023-06-12,0,0.75,0.75,0.625
TXN_8495889,1,0,0,0,0,0,0,0,1,0,0,2023-06-26,1,0.0,0.5,0.08333333333333333
TXN_5064188,0,0,0,0,0,1,0,0,0,1,0,2023-12-08,1,0.75,0.75,0.625
TXN_6104335,0,0,0,0,0,0,1,0,0,1,0,2023-11-13,1,0.25,0.75,0.29166666666666663
TXN_5313435,0,0,0,0,1,0,0,0,1,0,0,2023-02-18,1,0.75,1.0,0.7916666666666666
TXN_6700745,0,0,0,1,0,0,0,0,1,0,0,2023-04-23,0,0.5,0.5,0.3333333333333333
TXN_9897215,1,0,0,0,0,0,0,0,0,1,0,2023-11-22,0,0.5,0.5,0.3333333333333333
TXN_7764175,0,0,0,0,1,0,0,0,1,0,0,2023-09-02,0,0.5,1.0,0.5833333333333333
TXN_3027490,0,0,1,0,0,0,0,0,0,0,1,2023-02-25,1,0.5,0.0,0.08333333333333333
TXN_5368297,0,0,0,0,0,0,1,0,0,0,1,2023-10-04,1,0.25,0.75,0.29166666666666663
TXN_2053125,0,0,0,0,1,0,0,0,0,0,1,2023-07-26,0,0.0,1.0,0.16666666666666666
TXN_2522828,0,0,0,0,0,0,1,0,0,1,0,2023-01-15,0,0.75,0.75,0.625
TXN_6616787,0,0,0,1,0,0,0,0,1,0,0,2023-09-29,0,0.25,0.5,0.20833333333333331
TXN_6419317,0,0,0,0,0,1,0,0,0,1,0,2023-02-25,1,0.75,0.75,0.625
TXN_5939950,0,0,0,0,0,1,0,0,1,0,0,2023-06-16,0,0.25,0.75,0.29166666666666663
TXN_4607296,1,0,0,0,0,0,0,0,1,0,0,2023-04-02,0,1.0,0.5,0.5833333333333333
TXN_8316135,0,0,0,0,1,0,0,0,0,0,1,2023-11-06,1,0.5,1.0,0.5833333333333333
TXN_7910956,0,1,0,0,0,0,0,0,0,0,1,2023-07-21,0,1.0,0.25,0.375
TXN_1142233,0,0,0,0,0,0,0,1,0,0,1,2023-09-01,1,1.0,0.125,0.2708333333333333
TXN_9810581,1,0,0,0,0,0,0,0,1,0,0,2023-11-20,0,0.0,0.5,0.08333333333333333
TXN_2588566,0,0,0,0,1,0,0,0,1,0,0,2023-01-10,1,0.5,1.0,0.5833333333333333
TXN_3786518,0,0,0,0,1,0,0,0,0,1,0,2023-09-16,0,0.0,1.0,0.16666666666666666
TXN_2009407,0,0,0,1,0,0,0,0,1,0,0,2023-05-05,1,1.0,0.5,0.5833333333333333
TXN_9163155,0,1,0,0,0,0,0,0,0,1,0,2023-04-23,1,0.75,0.25,0.29166666666666663
TXN_8272750,0,0,0,0,1,0,0,0,0,1,0,2023-05-18,1,1.0,1.0,1.0
TXN_2532563,0,0,0,0,1,0,0,0,0,1,0,2023-03-26,1,0.75,1.0,0.7916666666666666
TXN_8532735,0,1,0,0,0,0,0,0,1,0,0,2023-07-28,1,0.25,0.25,0.125
TXN_1697299,0,0,0,0,0,0,1,0,1,0,0,2023-10-08,0,0.5,0.75,0.4583333333333333
TXN_5785639,0,0,0,0,1,0,0,0,0,1,0,2023-04-10,1,0.0,1.0,0.16666666666666666
TXN_8445753,0,0,0,0,0,0,0,1,1,0,0,2023-04-07,1,0.75,0.125,0.20833333333333331
TXN_3641519,0,0,1,0,0,0,0,0,0,0,1,2023-06-08,0,1.0,0.0,0.16666666666666666
TXN_1985278,0,0,0,0,0,1,0,0,1,0,0,2023-02-13,0,0.5,0.75,0.4583333333333333
TXN_6612143,0,0,0,0,0,0,0,1,1,0,0,2023-11-07,0,1.0,0.125,0.2708333333333333
TXN_8352416,0,0,0,0,1,0,0,0,0,0,1,2023-07-26,0,0.0,1.0,0.16666666666666666
TXN_5498693,1,0,0,0,0,0,0,0,1,0,0,2023-05-13,0,0.75,0.5,0.4583333333333333
TXN_2644561,0,0,0,0,0,1,0,0,0,0,1,2023-09-13,0,0.75,0.75,0.625
TXN_8912001,0,0,1,0,0,0,0,0,0,1,0,2023-03-27,0,0.0,0.0,0.0
TXN_8330837,0,0,0,1,0,0,0,0,0,0,1,2023-10-13,0,0.5,0.5,0.3333333333333333
TXN_3703482,1,0,0,0,0,0,0,0,1,0,0,2023-01-08,1,0.75,0.5,0.4583333333333333
TXN_3455103,0,0,0,0,1,0,0,0,0,0,1,2023-04-22,1,0.0,1.0,0.16666666666666666
TXN_1496962,0,0,0,0,0,0,1,0,0,0,1,2023-12-17,0,1.0,0.75,0.7916666666666666
TXN_4216294,0,0,0,0,0,0,0,1,1,0,0,2023-10-19,0,0.75,0.125,0.20833333333333331
TXN_3002889,0,1,0,0,0,0,0,0,0,0,1,2023-10-22,1,0.5,0.25,0.20833333333333331
TXN_4275827,0,0,0,0,0,0,0,1,1,0,0,2023-04-21,1,0.25,0.125,0.08333333333333333
TXN_6044312,1,0,0,0,0,0,0,0,0,0,1,2023-01-03,0,0.25,0.5,0.20833333333333331
TXN_4008135,0,0,1,0,0,0,0,0,1,0,0,2023-11-25,1,1.0,0.0,0.16666666666666666
TXN_5336876,0,0,0,0,0,0,1,0,0,1,0,2023-07-07,0,0.5,0.75,0.4583333333333333
TXN_8990020,0,0,0,0,0,1,0,0,0,1,0,2023-09-09,0,0.75,0.75,0.625
TXN_5654331,0,1,0,0,0,0,0,0,1,0,0,2023-07-31,0,0.75,0.25,0.29166666666666663
TXN_1213938,0,0,0,0,1,0,0,0,0,0,1,2023-07-06,1,1.0,1.0,1.0
TXN_2522182,0,0,0,0,1,0,0,0,0,0,1,2023-11-11,0,0.25,1.0,0.375
TXN_5329431,0,0,0,0,0,1,0,0,0,1,0,2023-10-03,0,0.5,0.75,0.4583333333333333
TXN_9647494,0,0,0,0,0,1,0,0,0,1,0,2023-10-21,1,0.25,0.75,0.29166666666666663
TXN_8482887,0,0,0,0,1,0,0,0,0,0,1,2023-10-29,1,0.0,1.0,0.16666666666666666
TXN_3883425,0,0,0,0,0,0,1,0,0,0,1,2023-07-09,0,1.0,0.75,0.7916666666666666
TXN_4434185,0,0,0,0,0,0,1,0,0,1,0,2023-04-30,1,1.0,0.75,0.7916666666666666
TXN_7388851,0,0,0,0,0,0,1,0,0,0,1,2023-09-30,1,0.0,0.75,0.125
TXN_8460225,0,0,0,0,0,0,1,0,0,0,1,2023-02-23,0,1.0,0.75,0.7916666666666666
TXN_5471175,0,0,1,0,0,0,0,0,1,0,0,2023-04-16,1,0.75,0.0,0.125
TXN_1874601,0,1,0,0,0,0,0,0,0,1,0,2023-12-10,0,0.75,0.25,0.29166666666666663
TXN_3641001,0,0,0,0,0,0,1,0,0,0,1,2023-11-10,0,0.5,0.75,0.4583333333333333
TXN_6446441,0,0,0,0,1,0,0,0,0,0,1,2023-02-18,0,0.5,1.0,0.5833333333333333
TXN_9718216,0,0,0,1,0,0,0,0,0,0,1,2023-07-07,0,0.75,0.5,0.4583333333333333
TXN_7391138,0,0,0,0,0,0,0,1,1,0,0,2023-08-23,0,1.0,0.125,0.2708333333333333
TXN_9548077,0,0,0,0,0,0,0,1,1,0,0,2023-07-05,0,0.25,0.125,0.08333333333333333
TXN_9185022,0,0,0,0,0,1,0,0,0,0,1,2023-06-19,0,0.5,0.75,0.4583333333333333
TXN_6841993,0,0,0,1,0,0,0,0,1,0,0,2023-09-15,1,0.5,0.5,0.3333333333333333
TXN_1701766,1,0,0,0,0,0,0,0,1,0,0,2023-11-22,1,0.75,0.5,0.4583333333333333
TXN_9541057,0,0,0,1,0,0,0,0,1,0,0,2023-04-24,0,0.75,0.5,0.4583333333333333
TXN_4699706,0,1,0,0,0,0,0,0,1,0,0,2023-12-04,0,1.0,0.25,0.375
TXN_2451247,0,0,0,0,0,0,0,1,0,0,1,2023-02-14,1,0.75,0.125,0.20833333333333331
TXN_6272908,0,0,0,1,0,0,0,0,1,0,0,2023-12-01,1,0.5,0.5,0.3333333333333333
TXN_9093708,0,0,0,0,0,1,0,0,0,1,0,2023-12-08,0,0.5,0.75,0.4583333333333333
TXN_7785034,0,0,0,0,0,0,1,0,0,1,0,2023-11-09,1,0.75,0.75,0.625
TXN_4048690,1,0,0,0,0,0,0,0,1,0,0,2023-09-06,0,0.5,0.5,0.3333333333333333
TXN_4971992,1,0,0,0,0,0,0,0,0,1,0,2023-09-24,1,0.25,0.5,0.20833333333333331
TXN_6738516,0,0,0,0,0,1,0,0,1,0,0,2023-10-07,0,1.0,0.75,0.7916666666666666
TXN_3919995,0,0,0,0,0,0,0,1,1,0,0,2023-01-26,1,0.5,0.125,0.14583333333333331
TXN_3522385,0,0,0,0,0,0,1,0,0,1,0,2023-03-19,1,0.75,0.75,0.625
TXN_3140020,0,0,0,1,0,0,0,0,0,0,1,2023-06-19,0,1.0,0.5,0.5833333333333333
TXN_9756401,0,0,0,0,1,0,0,0,1,0,0,2023-02-04,0,0.5,1.0,0.5833333333333333
TXN_1937081,1,0,0,0,0,0,0,0,0,1,0,2023-06-07,1,0.25,0.5,0.20833333333333331
TXN_9668584,0,0,1,0,0,0,0,0,0,0,1,2023-12-13,1,0.25,0.0,0.041666666666666664
TXN_2544072,0,0,1,0,0,0,0,0,0,1,0,2023-08-17,0,0.0,0.0,0.0
TXN_7260110,0,0,0,0,1,0,0,0,0,1,0,2023-03-07,0,1.0,1.0,1.0
TXN_1588687,0,1,0,0,0,0,0,0,0,0,1,2023-08-22,1,0.25,0.25,0.125
TXN_2886505,0,0,0,0,0,0,0,1,0,1,0,2023-09-05,1,0.5,0.125,0.14583333333333331
TXN_3864453,0,0,1,0,0,0,0,0,0,0,1,2023-11-15,1,1.0,0.0,0.16666666666666666
TXN_5346027,0,0,0,0,0,1,0,0,0,1,0,2023-12-19,1,0.25,0.75,0.29166666666666663
TXN_3674876,0,0,0,0,0,0,1,0,1,0,0,2023-12-21,1,1.0,0.75,0.7916666666666666
TXN_8690361,0,0,0,0,0,0,1,0,0,0,1,2023-07-12,0,0.5,0.75,0.4583333333333333
TXN_8419805,1,0,0,0,0,0,0,0,0,0,1,2023-07-24,0,1.0,0.5,0.5833333333333333
TXN_3125699,0,0,0,1,0,0,0,0,0,1,0,2023-02-05,1,0.0,0.5,0.08333333333333333
TXN_5106316,0,0,0,0,0,1,0,0,0,0,1,2023-01-23,1,1.0,0.75,0.7916666666666666
TXN_5666369,0,0,0,1,0,0,0,0,0,0,1,2023-07-17,0,0.25,0.5,0.20833333333333331
TXN_7712807,0,0,0,0,0,0,1,0,0,1,0,2023-02-17,1,0.75,0.75,0.625
TXN_8199561,0,0,1,0,0,0,0,0,0,1,0,2023-07-31,1,0.75,0.0,0.125
TXN_4334932,0,1,0,0,0,0,0,0,1,0,0,2023-12-27,0,0.25,0.25,0.125
TXN_4082099,0,0,0,1,0,0,0,0,0,1,0,2023-06-01,0,0.25,0.5,0.20833333333333331
TXN_9191700,0,0,0,0,0,0,0,1,0,0,1,2023-10-01,0,1.0,0.125,0.2708333333333333
TXN_2249212,1,0,0,0,0,0,0,0,0,1,0,2023-01-03,0,0.25,0.5,0.20833333333333331
TXN_9921392,0,1,0,0,0,0,0,0,0,1,0,2023-06-28,1,1.0,0.25,0.375
TXN_7125395,0,0,0,0,1,0,0,0,1,0,0,2023-07-23,1,0.0,1.0,0.16666666666666666
TXN_4521701,1,0,0,0,0,0,0,0,0,0,1,2023-10-08,0,0.75,0.5,0.4583333333333333
TXN_4243930,0,0,0,0,0,1,0,0,1,0,0,2023-06-07,0,1.0,0.75,0.7916666666666666
TXN_1418829,0,0,0,0,0,0,1,0,0,0,1,2023-09-19,1,0.0,0.75,0.125
TXN_8955306,0,1,0,0,0,0,0,0,0,1,0,2023-10-14,0,0.5,0.25,0.20833333333333331
TXN_7851403,0,1,0,0,0,0,0,0,0,1,0,2023-03-06,1,1.0,0.25,0.375
TXN_5288715,0,0,0,1,0,0,0,0,0,0,1,2023-04-19,0,0.5,0.5,0.3333333333333333
TXN_7108056,0,0,0,1,0,0,0,0,0,1,0,2023-01-25,0,0.5,0.5,0.3333333333333333
TXN_9950775,0,0,0,0,1,0,0,0,0,1,0,2023-02-20,1,0.75,1.0,0.7916666666666666
TXN_9688601,0,0,0,1,0,0,0,0,0,0,1,2023-10-16,0,0.0,0.5,0.08333333333333333
TXN_9924732,0,0,0,0,0,1,0,0,0,1,0,2023-01-18,0,0.5,0.75,0.125
TXN_8807429,0,0,1,0,0,0,0,0,0,0,1,2023-07-21,1,0.75,0.0,0.125
TXN_3340550,0,0,0,1,0,0,0,0,0,0,1,2023-05-02,1,0.25,0.5,0.20833333333333331
TXN_4380808,0,0,0,1,0,0,0,0,0,1,0,2023-04-30,0,0.75,0.5,0.4583333333333333
TXN_6403012,0,0,0,1,0,0,0,0,1,0,0,2023-07-23,0,1.0,0.5,0.5833333333333333
TXN_4176272,0,1,0,0,0,0,0,0,0,0,1,2023-06-06,1,0.0,0.25,0.041666666666666664
TXN_9293877,0,0,0,1,0,0,0,0,0,0,1,2023-08-24,0,1.0,0.5,0.5833333333333333
TXN_8609510,0,0,0,1,0,0,0,0,0,1,0,2023-05-08,1,1.0,0.5,0.5833333333333333
TXN_2294776,0,0,0,1,0,0,0,0,0,1,0,2023-04-10,1,0.75,0.5,0.4583333333333333
TXN_8068515,0,0,1,0,0,0,0,0,1,0,0,2023-06-16,1,0.0,0.0,0.0
TXN_7915173,0,0,1,0,0,0,0,0,1,0,0,2023-10-19,1,0.5,0.0,0.08333333333333333
TXN_2556999,0,0,0,0,0,0,0,1,0,1,0,2023-08-14,1,0.0,0.125,0.020833333333333332
TXN_3816131,0,0,0,1,0,0,0,0,0,1,0,2023-01-23,0,0.5,0.5,0.3333333333333333
TXN_6564856,0,0,0,0,0,0,0,1,0,0,1,2023-02-16,1,1.0,0.125,0.2708333333333333
TXN_4822256,0,0,0,0,0,0,1,0,0,1,0,2023-11-11,1,0.0,0.75,0.125
TXN_9397870,1,0,0,0,0,0,0,0,0,1,0,2023-05-23,1,0.25,0.5,0.20833333333333331
TXN_4976485,0,0,0,0,1,0,0,0,0,0,1,2023-07-10,1,1.0,1.0,1.0
TXN_4856060,0,0,0,1,0,0,0,0,1,0,0,2023-07-29,1,0.0,0.5,0.08333333333333333
TXN_3967103,0,1,0,0,0,0,0,0,1,0,0,2023-11-14,1,1.0,0.25,0.375
TXN_8746881,1,0,0,0,0,0,0,0,1,0,0,2023-11-07,1,0.25,0.5,0.20833333333333331
TXN_4569448,1,0,0,0,0,0,0,0,0,1,0,2023-07-08,1,0.0,0.5,0.08333333333333333
TXN_8732682,0,0,0,0,1,0,0,0,0,1,0,2023-04-07,0,1.0,1.0,1.0
TXN_3687257,0,0,0,0,0,0,0,1,0,1,0,2023-03-27,1,0.75,0.125,0.20833333333333331
TXN_3616839,1,0,0,0,0,0,0,0,0,0,1,2023-04-01,1,0.75,0.5,0.4583333333333333
TXN_2875074,1,0,0,0,0,0,0,0,0,1,0,2023-02-06,1,0.75,0.5,0.4583333333333333
TXN_5470909,0,0,1,0,0,0,0,0,0,1,0,2023-10-21,0,0.75,0.0,0.125
TXN_5680657,1,0,0,0,0,0,0,0,1,0,0,2023-05-16,0,1.0,0.5,0.5833333333333333
TXN_3587915,0,0,0,0,1,0,0,0,0,0,1,2023-06-24,1,0.25,1.0,0.375
TXN_9406938,0,0,0,0,1,0,0,0,0,0,1,2023-10-09,0,0.0,1.0,0.16666666666666666
TXN_9342366,0,0,0,0,0,0,1,0,0,1,0,2023-02-18,0,0.5,0.75,0.4583333333333333
TXN_3101697,0,0,0,0,1,0,0,0,1,0,0,2023-05-29,0,0.5,1.0,0.5833333333333333
TXN_6146889,0,0,0,1,0,0,0,0,0,1,0,2023-09-01,1,0.25,0.5,0.20833333333333331
TXN_7226052,0,0,0,0,0,1,0,0,1,0,0,2023-02-21,0,0.5,0.75,0.4583333333333333
TXN_3422336,0,0,0,0,0,0,0,1,0,1,0,2023-08-02,1,1.0,0.125,0.2708333333333333
TXN_8644398,0,0,0,0,0,1,0,0,1,0,0,2023-02-08,1,0.75,0.75,0.625
TXN_8112788,0,0,0,0,0,0,1,0,0,1,0,2023-08-07,1,0.0,0.75,0.125
TXN_4179583,0,0,0,0,0,0,1,0,0,0,1,2023-06-13,1,0.5,0.75,0.4583333333333333
TXN_3787265,0,0,0,0,1,0,0,0,0,1,0,2023-12-16,0,0.0,1.0,0.16666666666666666
TXN_3577683,0,0,1,0,0,0,0,0,0,0,1,2023-09-17,0,0.25,0.0,0.041666666666666664
TXN_1310741,0,0,0,0,0,1,0,0,0,1,0,2023-07-25,1,0.5,0.75,0.4583333333333333
TXN_2862856,1,0,0,0,0,0,0,0,1,0,0,2023-02-01,1,1.0,0.5,0.5833333333333333
TXN_4940237,1,0,0,0,0,0,0,0,1,0,0,2023-08-03,1,0.25,0.5,0.20833333333333331
TXN_8765822,1,0,0,0,0,0,0,0,0,1,0,2023-03-22,1,0.0,0.5,0.08333333333333333
TXN_3205813,0,0,0,1,0,0,0,0,1,0,0,2023-04-25,0,0.5,0.5,0.3333333333333333
TXN_8436045,1,0,0,0,0,0,0,0,0,1,0,2023-08-08,0,1.0,0.5,0.5833333333333333
TXN_5751040,0,0,0,0,0,0,0,1,1,0,0,2023-02-27,0,1.0,0.125,0.2708333333333333
TXN_4657291,0,1,0,0,0,0,0,0,0,1,0,2023-05-05,1,0.25,0.25,0.125
TXN_8018572,0,0,1,0,0,0,0,0,1,0,0,2023-10-09,0,1.0,0.0,0.16666666666666666
TXN_3454877,0,0,0,0,0,1,0,0,0,1,0,2023-04-19,1,1.0,0.75,0.7916666666666666
TXN_1837764,0,0,0,0,0,0,0,1,1,0,0,2023-07-30,0,0.5,0.125,0.14583333333333331
TXN_4120124,0,1,0,0,0,0,0,0,0,1,0,2023-06-08,1,0.0,0.25,0.041666666666666664
TXN_1661682,0,0,0,0,0,0,1,0,0,0,1,2023-07-13,0,1.0,0.75,0.7916666666666666
TXN_1927404,0,0,0,1,0,0,0,0,0,0,1,2023-12-22,0,0.0,0.5,0.08333333333333333
TXN_9147596,0,1,0,0,0,0,0,0,0,0,1,2023-10-08,1,0.25,0.25,0.125
TXN_5012988,0,0,0,0,1,0,0,0,0,1,0,2023-08-17,1,0.5,1.0,0.5833333333333333
TXN_1534763,0,0,1,0,0,0,0,0,1,0,0,2023-09-17,1,0.25,0.0,0.041666666666666664
TXN_4485458,0,0,0,0,0,1,0,0,1,0,0,2023-12-08,1,0.75,0.75,0.625
TXN_9288882,0,0,0,0,0,1,0,0,0,0,1,2023-04-23,0,0.5,0.75,0.4583333333333333
TXN_3964550,0,0,0,0,0,0,0,1,0,1,0,2023-06-09,1,0.5,0.125,0.14583333333333331
TXN_2509803,0,1,0,0,0,0,0,0,0,1,0,2023-02-22,0,0.0,0.25,0.041666666666666664
TXN_3769567,0,0,1,0,0,0,0,0,0,0,1,2023-02-10,0,0.0,0.0,0.0
TXN_4529101,0,0,1,0,0,0,0,0,0,0,1,2023-09-17,0,0.25,0.0,0.041666666666666664
TXN_2391534,0,0,1,0,0,0,0,0,0,1,0,2023-05-06,1,0.5,0.0,0.08333333333333333
TXN_8379919,0,0,1,0,0,0,0,0,0,0,1,2023-12-04,1,0.5,0.0,0.08333333333333333
TXN_6474636,0,0,0,0,0,0,0,1,0,0,1,2023-10-25,0,0.5,0.125,0.14583333333333331
TXN_6219977,0,0,1,0,0,0,0,0,0,1,0,2023-12-17,1,0.25,0.0,0.041666666666666664
TXN_5731238,1,0,0,0,0,0,0,0,0,1,0,2023-03-27,1,0.25,0.5,0.20833333333333331
TXN_7825796,0,0,0,0,0,0,0,1,1,0,0,2023-04-03,1,0.25,0.125,0.08333333333333333
TXN_2375667,0,0,0,0,1,0,0,0,1,0,0,2023-12-28,0,0.0,1.0,0.16666666666666666
TXN_5213761,0,1,0,0,0,0,0,0,0,0,1,2023-08-18,1,0.5,0.25,0.20833333333333331
TXN_1427485,0,1,0,0,0,0,0,0,0,1,0,2023-07-19,0,0.5,0.25,0.20833333333333331
TXN_5954991,0,0,0,0,0,1,0,0,1,0,0,2023-08-07,1,0.5,0.75,0.4583333333333333
TXN_8860270,0,0,0,0,0,0,1,0,1,0,0,2023-11-06,1,0.0,0.75,0.125
TXN_6482416,0,1,0,0,0,0,0,0,1,0,0,2023-07-20,1,0.0,0.25,0.041666666666666664
TXN_4916611,0,0,0,1,0,0,0,0,0,1,0,2023-05-21,1,1.0,0.5,0.5833333333333333
TXN_4814244,0,0,0,0,0,0,1,0,1,0,0,2023-06-01,0,0.5,0.75,0.4583333333333333
TXN_7968892,0,0,0,0,0,0,0,1,1,0,0,2023-10-02,0,0.25,0.125,0.08333333333333333
TXN_9535721,1,0,0,0,0,0,0,0,0,0,1,2023-08-03,0,1.0,0.5,0.5833333333333333
TXN_2161372,0,0,0,1,0,0,0,0,0,1,0,2023-12-17,1,0.0,0.5,0.08333333333333333
TXN_8877714,0,0,0,1,0,0,0,0,1,0,0,2023-03-28,0,1.0,0.5,0.5833333333333333
TXN_5478129,0,0,0,1,0,0,0,0,0,1,0,2023-01-22,0,0.75,0.5,0.4583333333333333
TXN_7267366,0,0,0,0,0,1,0,0,0,0,1,2023-06-02,1,0.5,0.75,0.4583333333333333
TXN_4696403,0,0,1,0,0,0,0,0,1,0,0,2023-08-19,0,0.5,0.0,0.08333333333333333
TXN_2480808,0,0,0,0,0,1,0,0,0,1,0,2023-03-30,1,0.0,0.25,0.125
TXN_8688603,0,1,0,0,0,0,0,0,1,0,0,2023-05-05,1,0.25,0.25,0.125
TXN_6148811,0,0,0,0,0,0,0,1,0,1,0,2023-06-18,1,1.0,0.125,0.2708333333333333
TXN_2827259,0,0,0,0,0,0,0,1,0,1,0,2023-08-11,1,0.5,0.125,0.14583333333333331
TXN_4382406,0,1,0,0,0,0,0,0,1,0,0,2023-09-26,1,1.0,0.25,0.375
TXN_5426507,0,0,0,1,0,0,0,0,1,0,0,2023-06-13,1,0.25,0.5,0.20833333333333331
TXN_3855408,0,0,1,0,0,0,0,0,1,0,0,2023-06-02,1,0.0,0.0,0.0
TXN_6992783,0,0,0,0,0,0,0,1,0,0,1,2023-01-29,1,0.0,0.125,0.020833333333333332
TXN_8801160,0,0,0,0,1,0,0,0,1,0,0,2023-11-29,0,0.25,1.0,0.375
TXN_2638810,0,0,0,0,0,0,0,1,1,0,0,2023-11-16,1,0.25,0.125,0.08333333333333333
TXN_9158251,0,0,0,0,1,0,0,0,0,1,0,2023-03-24,1,0.25,1.0,0.375
TXN_3390610,0,0,0,0,0,1,0,0,0,0,1,2023-02-01,1,0.25,0.75,0.29166666666666663
TXN_6498876,0,0,0,0,0,1,0,0,0,1,0,2023-08-20,1,0.5,0.75,0.4583333333333333
TXN_1627038,0,0,0,1,0,0,0,0,0,1,0,2023-12-25,1,0.75,0.5,0.4583333333333333
TXN_2785262,0,0,0,0,1,0,0,0,1,0,0,2023-08-30,1,0.5,1.0,0.5833333333333333
TXN_9944730,0,0,0,0,0,0,0,1,0,0,1,2023-04-10,1,0.0,0.125,0.020833333333333332
TXN_7002929,0,0,1,0,0,0,0,0,0,1,0,2023-01-30,0,0.0,0.0,0.0
TXN_7484886,0,0,0,0,0,0,1,0,0,1,0,2023-04-17,0,0.5,0.75,0.4583333333333333
TXN_7316790,0,1,0,0,0,0,0,0,0,1,0,2023-11-07,0,0.0,0.25,0.041666666666666664
TXN_4663529,0,0,0,0,0,1,0,0,0,0,1,2023-12-24,1,1.0,0.75,0.7916666666666666
TXN_2675174,0,0,0,0,1,0,0,0,0,0,1,2023-12-04,1,0.25,1.0,0.375
TXN_4350798,0,0,0,0,1,0,0,0,0,1,0,2023-11-23,0,0.0,1.0,0.16666666666666666
TXN_7229543,1,0,0,0,0,0,0,0,0,1,0,2023-07-10,0,0.0,0.5,0.08333333333333333
TXN_4330643,0,0,1,0,0,0,0,0,1,0,0,2023-05-15,1,0.5,0.0,0.08333333333333333
TXN_2003488,0,0,0,1,0,0,0,0,0,0,1,2023-09-25,1,0.5,0.5,0.3333333333333333
TXN_2206884,0,0,0,0,1,0,0,0,0,1,0,2023-06-22,0,1.0,1.0,1.0
TXN_3492393,0,1,0,0,0,0,0,0,1,0,0,2023-05-29,0,0.0,0.25,0.041666666666666664
TXN_3894660,0,0,0,1,0,0,0,0,1,0,0,2023-02-09,0,0.25,0.5,0.20833333333333331
TXN_5766532,0,0,0,0,0,0,1,0,1,0,0,2023-06-23,0,1.0,0.75,0.7916666666666666
TXN_5476485,0,0,0,1,0,0,0,0,1,0,0,2023-01-07,0,0.25,0.5,0.20833333333333331
TXN_9335226,0,0,0,0,0,1,0,0,0,0,1,2023-05-08,1,1.0,0.75,0.7916666666666666
TXN_2581559,0,0,0,0,0,1,0,0,0,1,0,2023-03-25,1,0.0,0.75,0.125
TXN_9146123,0,1,0,0,0,0,0,0,0,0,1,2023-12-12,1,0.25,0.25,0.125
TXN_1335256,0,1,0,0,0,0,0,0,0,0,1,2023-08-04,1,1.0,0.25,0.375
TXN_5968921,0,0,0,0,1,0,0,0,0,1,0,2023-10-10,1,1.0,1.0,1.0
TXN_6895558,0,1,0,0,0,0,0,0,0,1,0,2023-04-10,0,0.25,0.25,0.125
TXN_6428404,0,0,0,0,1,0,0,0,0,0,1,2023-02-06,0,0.25,1.0,0.375
TXN_6762311,0,0,0,1,0,0,0,0,0,1,0,2023-02-18,1,0.0,0.5,0.08333333333333333
TXN_1190402,1,0,0,0,0,0,0,0,0,1,0,2023-12-01,1,0.0,0.5,0.08333333333333333
TXN_9607633,0,0,1,0,0,0,0,0,0,0,1,2023-08-25,1,0.25,0.0,0.041666666666666664
TXN_3787941,0,0,0,0,0,0,0,1,1,0,0,2023-06-14,0,0.25,0.125,0.08333333333333333
TXN_6349424,0,0,0,0,0,1,0,0,1,0,0,2023-02-24,1,1.0,0.75,0.7916666666666666
TXN_1401771,0,0,0,0,0,1,0,0,1,0,0,2023-12-08,0,0.25,0.75,0.29166666666666663
TXN_9188733,0,0,0,0,1,0,0,0,0,0,1,2023-08-19,0,0.5,1.0,0.5833333333333333
TXN_3334632,1,0,0,0,0,0,0,0,0,1,0,2023-11-20,1,0.0,0.125,0.041666666666666664
TXN_3851928,0,0,0,1,0,0,0,0,0,1,0,2023-02-07,0,0.5,0.5,0.3333333333333333
TXN_8267915,0,0,0,0,0,1,0,0,0,1,0,2023-03-22,1,0.25,0.75,0.29166666666666663
TXN_3726397,0,0,0,0,1,0,0,0,0,1,0,2023-01-30,1,1.0,1.0,1.0
TXN_1210058,0,0,0,0,0,0,0,1,0,0,1,2023-11-25,0,1.0,0.125,0.2708333333333333
TXN_7791293,0,0,0,0,1,0,0,0,0,1,0,2023-04-08,1,0.5,1.0,0.5833333333333333
TXN_6343367,0,0,0,1,0,0,0,0,1,0,0,2023-09-17,0,0.25,0.5,0.20833333333333331
TXN_2653224,0,0,0,1,0,0,0,0,0,0,1,2023-03-27,1,0.5,0.5,0.3333333333333333
TXN_6300001,0,0,0,0,0,0,0,1,0,0,1,2023-06-07,1,0.0,0.125,0.020833333333333332
TXN_4693942,0,0,0,0,0,1,0,0,1,0,0,2023-12-16,1,0.75,0.75,0.625
TXN_3562418,0,0,0,0,0,0,1,0,0,0,1,2023-08-13,1,0.25,0.75,0.29166666666666663
TXN_7963324,0,1,0,0,0,0,0,0,1,0,0,2023-12-09,1,0.5,0.25,0.20833333333333331
TXN_5563486,0,0,0,1,0,0,0,0,0,0,1,2023-03-13,0,1.0,0.5,0.5833333333333333
TXN_3679582,0,1,0,0,0,0,0,0,0,1,0,2023-04-11,0,1.0,0.25,0.375
TXN_6932752,0,0,0,0,0,0,1,0,0,0,1,2023-09-20,1,1.0,0.75,0.7916666666666666
TXN_5697414,1,0,0,0,0,0,0,0,0,1,0,2023-02-16,0,1.0,0.5,0.5833333333333333
TXN_5434310,0,0,0,0,0,0,1,0,1,0,0,2023-11-21,0,0.5,0.75,0.4583333333333333
TXN_8435360,0,0,0,0,0,0,0,1,0,1,0,2023-07-03,0,0.5,0.125,0.14583333333333331
TXN_5422843,0,0,0,0,0,1,0,0,1,0,0,2023-07-21,0,0.25,0.75,0.29166666666666663
TXN_1704041,0,1,0,0,0,0,0,0,0,1,0,2023-05-21,1,0.75,0.25,0.29166666666666663
TXN_9729178,0,1,0,0,0,0,0,0,0,1,0,2023-05-28,0,0.5,0.25,0.20833333333333331
TXN_4663964,0,0,1,0,0,0,0,0,0,0,1,2023-06-29,0,0.75,0.0,0.125
TXN_6805057,0,0,1,0,0,0,0,0,0,1,0,2023-10-15,0,0.75,0.0,0.125
TXN_8162690,0,0,0,0,1,0,0,0,0,0,1,2023-05-08,1,0.25,1.0,0.375
TXN_7089712,1,0,0,0,0,0,0,0,1,0,0,2023-08-13,1,1.0,0.5,0.5833333333333333
TXN_8077812,0,0,0,0,1,0,0,0,1,0,0,2023-01-16,0,1.0,1.0,1.0
TXN_4834450,1,0,0,0,0,0,0,0,1,0,0,2023-06-26,0,0.25,0.5,0.20833333333333331
TXN_9081686,0,0,1,0,0,0,0,0,0,1,0,2023-06-11,1,1.0,0.0,0.16666666666666666
TXN_6650875,0,0,1,0,0,0,0,0,0,1,0,2023-01-29,1,1.0,0.0,0.16666666666666666
TXN_2133223,1,0,0,0,0,0,0,0,1,0,0,2023-11-17,0,0.5,0.5,0.3333333333333333
TXN_5879154,0,0,0,0,1,0,0,0,0,0,1,2023-06-28,1,0.25,1.0,0.375
TXN_9575926,0,0,0,0,0,1,0,0,0,1,0,2023-12-12,0,0.5,0.75,0.4583333333333333
TXN_5425911,0,0,0,0,0,0,1,0,0,0,1,2023-11-30,1,0.0,0.75,0.125
TXN_5604021,0,0,0,0,0,1,0,0,1,0,0,2023-09-10,1,0.0,0.75,0.125
TXN_9860308,0,0,0,0,0,0,1,0,0,0,1,2023-02-20,1,0.25,0.75,0.29166666666666663
TXN_5908078,0,1,0,0,0,0,0,0,1,0,0,2023-03-23,0,0.0,0.25,0.041666666666666664
TXN_3507013,0,0,0,1,0,0,0,0,0,0,1,2023-01-16,0,0.0,0.5,0.08333333333333333
TXN_7896733,1,0,0,0,0,0,0,0,0,0,1,2023-06-03,1,0.75,0.5,0.4583333333333333
TXN_3092390,0,0,0,0,0,1,0,0,1,0,0,2023-07-24,0,0.5,0.75,0.4583333333333333
TXN_8131570,0,0,0,0,1,0,0,0,0,1,0,2023-12-02,0,0.75,1.0,0.7916666666666666
TXN_3898445,0,0,0,0,0,1,0,0,1,0,0,2023-06-17,1,0.5,0.75,0.4583333333333333
TXN_8588758,0,0,0,0,0,1,0,0,0,1,0,2023-07-27,0,0.75,0.75,0.625
TXN_7641606,0,1,0,0,0,0,0,0,0,1,0,2023-12-26,1,0.5,0.25,0.20833333333333331
TXN_1414039,0,0,0,1,0,0,0,0,0,1,0,2023-02-13,1,0.75,0.5,0.4583333333333333
TXN_2322162,1,0,0,0,0,0,0,0,0,0,1,2023-11-12,0,1.0,0.5,0.5833333333333333
TXN_6190857,0,0,0,0,0,0,0,1,1,0,0,2023-10-14,0,0.0,0.125,0.020833333333333332
TXN_7652830,1,0,0,0,0,0,0,0,0,0,1,2023-08-15,1,0.25,0.5,0.20833333333333331
TXN_1688292,0,0,0,0,0,0,1,0,0,1,0,2023-12-09,0,0.5,0.25,0.3333333333333333
TXN_1805937,0,0,0,1,0,0,0,0,0,1,0,2023-06-12,0,0.5,0.5,0.3333333333333333
TXN_7390866,0,0,0,0,0,0,0,1,0,0,1,2023-06-16,1,1.0,0.125,0.2708333333333333
TXN_4717715,0,0,0,0,0,1,0,0,0,0,1,2023-07-27,0,0.5,0.75,0.4583333333333333
TXN_1237674,0,0,0,0,0,0,0,1,0,1,0,2023-10-04,0,0.5,0.125,0.14583333333333331
TXN_9686177,1,0,0,0,0,0,0,0,1,0,0,2023-12-30,0,0.5,0.5,0.3333333333333333
TXN_2672972,0,0,0,0,0,1,0,0,0,0,1,2023-06-15,1,0.0,0.75,0.125
TXN_9582818,0,0,0,0,0,1,0,0,1,0,0,2023-10-27,0,0.0,0.75,0.125
TXN_6970542,0,0,0,0,0,1,0,0,0,1,0,2023-08-04,1,0.75,0.75,0.625
TXN_6091542,0,0,0,1,0,0,0,0,0,0,1,2023-01-17,1,1.0,0.5,0.5833333333333333
TXN_4184461,0,0,0,0,1,0,0,0,0,0,1,2023-02-22,0,0.25,1.0,0.375
TXN_3224397,0,0,1,0,0,0,0,0,0,0,1,2023-05-15,1,0.75,0.0,0.125
TXN_2772639,0,0,0,0,0,0,0,1,0,1,0,2023-08-30,0,0.75,0.125,0.20833333333333331
TXN_4385826,0,0,0,0,0,0,0,1,0,1,0,2023-08-02,1,0.25,0.125,0.08333333333333333
TXN_5109348,1,0,0,0,0,0,0,0,0,0,1,2023-02-10,0,0.75,0.5,0.4583333333333333
TXN_6137985,0,1,0,0,0,0,0,0,0,1,0,2023-03-15,0,1.0,0.25,0.375
TXN_3895871,0,0,1,0,0,0,0,0,1,0,0,2023-05-30,0,0.0,0.0,0.0
TXN_3526255,0,0,0,0,0,0,1,0,0,1,0,2023-06-23,1,0.75,0.75,0.625
TXN_7310356,0,0,0,1,0,0,0,0,0,0,1,2023-10-20,0,0.75,0.5,0.4583333333333333
TXN_9054074,1,0,0,0,0,0,0,0,0,1,0,2023-10-15,1,0.0,0.5,0.08333333333333333
TXN_7538724,0,0,0,0,0,1,0,0,1,0,0,2023-05-17,0,0.0,0.75,0.125
TXN_6715991,0,0,0,1,0,0,0,0,1,0,0,2023-06-18,1,0.0,0.5,0.08333333333333333
TXN_2271725,0,0,0,0,0,0,1,0,1,0,0,2023-12-21,1,1.0,0.75,0.7916666666666666
TXN_1488481,0,1,0,0,0,0,0,0,0,1,0,2023-07-28,1,0.75,0.25,0.29166666666666663
TXN_4600894,0,0,0,0,1,0,0,0,0,0,1,2023-09-17,0,1.0,1.0,1.0
TXN_3494652,0,1,0,0,0,0,0,0,0,0,1,2023-05-23,1,0.0,0.25,0.041666666666666664
TXN_2860281,0,0,0,0,0,0,1,0,1,0,0,2023-09-19,0,0.75,0.75,0.625
TXN_1232346,0,0,0,0,1,0,0,0,0,0,1,2023-01-04,0,1.0,1.0,1.0
TXN_1911093,0,0,0,0,0,0,0,1,0,0,1,2023-10-07,0,0.25,0.125,0.08333333333333333
TXN_1672229,0,0,1,0,0,0,0,0,1,0,0,2023-11-12,1,0.25,0.0,0.041666666666666664
TXN_7056162,0,0,0,0,0,0,1,0,0,0,1,2023-03-04,0,0.5,0.75,0.4583333333333333
TXN_2064049,0,0,0,0,1,0,0,0,0,1,0,2023-09-21,1,0.75,1.0,0.7916666666666666
TXN_8191202,0,0,1,0,0,0,0,0,0,0,1,2023-01-14,0,0.25,0.0,0.041666666666666664
TXN_4518505,0,0,0,0,0,0,0,1,1,0,0,2023-05-09,0,1.0,0.125,0.2708333333333333
TXN_2823220,0,0,0,0,1,0,0,0,1,0,0,2023-05-17,0,0.75,1.0,0.7916666666666666
TXN_6826409,0,0,0,0,0,1,0,0,0,1,0,2023-10-21,1,0.0,0.75,0.125
TXN_2954833,0,1,0,0,0,0,0,0,0,1,0,2023-01-29,1,0.0,0.25,0.041666666666666664
TXN_5309677,0,1,0,0,0,0,0,0,1,0,0,2023-08-09,0,0.75,0.25,0.29166666666666663
TXN_6011106,0,0,0,1,0,0,0,0,0,0,1,2023-09-07,1,0.25,0.5,0.20833333333333331
TXN_4714592,0,0,0,0,0,0,0,1,1,0,0,2023-06-02,0,0.0,0.125,0.020833333333333332
TXN_6704284,0,0,0,0,1,0,0,0,0,1,0,2023-08-31,1,0.25,1.0,0.375
TXN_9506076,0,0,0,0,1,0,0,0,0,1,0,2023-01-17,1,1.0,1.0,1.0
TXN_2354394,0,0,0,0,0,0,0,1,1,0,0,2023-04-17,0,0.75,0.125,0.20833333333333331
TXN_3436344,0,0,0,0,0,0,1,0,0,1,0,2023-02-28,1,0.25,0.75,0.29166666666666663
TXN_7826516,1,0,0,0,0,0,0,0,0,1,0,2023-06-21,1,0.75,0.5,0.4583333333333333
TXN_2699745,0,1,0,0,0,0,0,0,1,0,0,2023-12-30,0,0.75,0.25,0.29166666666666663
TXN_6097664,0,0,0,0,1,0,0,0,0,0,1,2023-11-27,0,0.75,1.0,0.7916666666666666
TXN_3858288,0,0,0,0,0,0,0,1,0,1,0,2023-04-12,0,0.25,0.125,0.08333333333333333
TXN_1272815,0,0,0,1,0,0,0,0,0,1,0,2023-08-07,0,0.75,0.5,0.4583333333333333
TXN_4755623,0,0,0,1,0,0,0,0,1,0,0,2023-11-23,0,0.5,0.5,0.3333333333333333
TXN_8261045,0,0,0,0,0,0,0,1,1,0,0,2023-01-21,0,0.5,0.125,0.14583333333333331
TXN_2217015,0,1,0,0,0,0,0,0,1,0,0,2023-04-17,1,0.5,0.25,0.20833333333333331
TXN_1660104,0,0,0,0,0,0,1,0,0,1,0,2023-02-04,1,0.25,0.75,0.29166666666666663
TXN_6589078,0,0,0,0,0,0,0,1,0,0,1,2023-08-03,1,0.5,0.125,0.14583333333333331
TXN_6306555,0,0,0,0,0,0,1,0,0,0,1,2023-04-12,1,0.0,0.75,0.125
TXN_1208561,0,0,0,0,1,0,0,0,0,1,0,2023-08-19,0,1.0,0.5,0.7916666666666666
TXN_8751702,1,0,0,0,0,0,0,0,1,0,0,2023-02-13,0,1.0,0.5,0.5833333333333333
TXN_2079029,1,0,0,0,0,0,0,0,1,0,0,2023-05-11,0,1.0,0.5,0.5833333333333333
TXN_5737641,0,0,1,0,0,0,0,0,0,0,1,2023-02-16,1,0.0,0.0,0.0
TXN_2845506,0,0,0,0,0,0,0,1,0,0,1,2023-12-30,1,0.25,0.125,0.08333333333333333
TXN_8565799,0,0,0,0,0,0,1,0,0,1,0,2023-04-22,0,0.75,0.75,0.625
TXN_3052584,0,0,0,0,1,0,0,0,1,0,0,2023-01-21,0,0.0,1.0,0.16666666666666666
TXN_1530892,0,0,0,1,0,0,0,0,0,0,1,2023-09-09,0,0.25,0.5,0.20833333333333331
TXN_3392953,0,1,0,0,0,0,0,0,0,0,1,2023-01-06,1,0.0,0.25,0.041666666666666664
TXN_4606893,0,0,0,1,0,0,0,0,0,0,1,2023-05-24,0,1.0,0.5,0.5833333333333333
TXN_7300653,0,0,1,0,0,0,0,0,1,0,0,2023-04-24,0,1.0,0.0,0.16666666666666666
TXN_1759063,0,0,1,0,0,0,0,0,0,0,1,2023-09-09,1,0.25,0.0,0.041666666666666664
TXN_1706896,0,0,0,0,0,0,1,0,1,0,0,2023-07-15,1,0.5,0.75,0.4583333333333333
TXN_3325234,0,0,0,0,0,0,0,1,1,0,0,2023-08-26,0,0.0,0.125,0.020833333333333332
TXN_5536245,0,0,0,0,0,0,1,0,1,0,0,2023-12-06,1,0.75,0.75,0.625
TXN_1976619,0,1,0,0,0,0,0,0,0,0,1,2023-08-02,1,0.25,0.25,0.125
TXN_7953750,0,0,0,0,0,1,0,0,1,0,0,2023-06-16,0,1.0,0.75,0.7916666666666666
TXN_9162296,0,0,0,0,0,1,0,0,1,0,0,2023-05-10,0,0.5,0.75,0.4583333333333333
TXN_8367194,0,0,0,1,0,0,0,0,0,0,1,2023-02-04,1,0.0,0.5,0.08333333333333333
TXN_6744733,0,0,0,0,0,1,0,0,1,0,0,2023-06-04,1,0.0,0.75,0.125
TXN_4959078,1,0,0,0,0,0,0,0,0,0,1,2023-09-13,1,0.25,0.5,0.20833333333333331
TXN_4552137,0,0,0,0,0,0,0,1,0,1,0,2023-04-05,0,0.25,0.125,0.08333333333333333
TXN_1748121,1,0,0,0,0,0,0,0,1,0,0,2023-12-07,0,0.25,0.5,0.20833333333333331
TXN_7922350,0,1,0,0,0,0,0,0,0,0,1,2023-05-09,1,0.25,0.25,0.125
TXN_1944293,0,1,0,0,0,0,0,0,1,0,0,2023-02-25,0,0.5,0.25,0.20833333333333331
TXN_4528914,0,0,0,0,1,0,0,0,1,0,0,2023-08-06,0,0.0,1.0,0.16666666666666666
TXN_1928401,0,0,0,0,0,1,0,0,0,0,1,2023-06-15,0,1.0,0.75,0.7916666666666666
TXN_7621213,0,1,0,0,0,0,0,0,0,0,1,2023-03-07,0,0.5,0.25,0.20833333333333331
TXN_7861799,0,0,1,0,0,0,0,0,1,0,0,2023-05-23,1,0.25,0.0,0.041666666666666664
TXN_5244674,1,0,0,0,0,0,0,0,1,0,0,2023-04-27,1,1.0,0.5,0.5833333333333333
TXN_9679675,0,1,0,0,0,0,0,0,1,0,0,2023-07-07,1,0.0,0.25,0.041666666666666664
TXN_2562041,1,0,0,0,0,0,0,0,1,0,0,2023-12-24,1,1.0,0.5,0.5833333333333333
TXN_2738904,0,0,0,0,0,0,1,0,0,0,1,2023-11-23,0,0.75,0.75,0.625
TXN_7359190,0,0,0,0,1,0,0,0,1,0,0,2023-12-19,0,0.5,1.0,0.5833333333333333
TXN_9266499,1,0,0,0,0,0,0,0,0,0,1,2023-02-16,1,0.0,0.5,0.08333333333333333
TXN_9196229,0,0,0,0,0,1,0,0,0,1,0,2023-12-08,1,1.0,0.75,0.7916666666666666
TXN_3740505,0,0,0,0,0,0,0,1,0,0,1,2023-11-21,0,0.25,0.125,0.08333333333333333
TXN_4308634,0,1,0,0,0,0,0,0,1,0,0,2023-02-14,0,0.5,0.25,0.20833333333333331
TXN_3450880,0,0,0,0,0,0,0,1,1,0,0,2023-05-29,0,0.5,0.125,0.14583333333333331
TXN_6838411,0,1,0,0,0,0,0,0,1,0,0,2023-07-04,1,0.0,0.25,0.041666666666666664
TXN_7548396,0,0,0,0,0,0,0,1,0,0,1,2023-04-06,1,0.25,0.125,0.08333333333333333
TXN_8786286,0,0,0,0,0,1,0,0,0,0,1,2023-05-28,0,1.0,0.75,0.7916666666666666
TXN_7439400,0,0,0,0,1,0,0,0,0,0,1,2023-06-28,1,0.5,1.0,0.5833333333333333
TXN_7461658,0,1,0,0,0,0,0,0,0,1,0,2023-08-13,1,0.5,0.25,0.20833333333333331
TXN_6017034,1,0,0,0,0,0,0,0,0,1,0,2023-10-06,0,0.75,0.5,0.4583333333333333
TXN_3649492,0,0,0,0,1,0,0,0,0,0,1,2023-12-01,0,0.75,1.0,0.7916666666666666
TXN_4071743,0,1,0,0,0,0,0,0,1,0,0,2023-07-06,1,1.0,0.25,0.375
TXN_8150967,0,0,0,0,0,0,1,0,1,0,0,2023-01-08,1,0.5,0.75,0.4583333333333333
TXN_3792683,0,0,0,0,1,0,0,0,0,0,1,2023-08-06,0,0.75,1.0,0.7916666666666666
TXN_4006067,0,0,0,1,0,0,0,0,1,0,0,2023-01-30,1,0.75,0.5,0.4583333333333333
TXN_1975184,0,1,0,0,0,0,0,0,0,0,1,2023-01-15,0,1.0,0.25,0.20833333333333331
TXN_3456242,0,0,0,0,0,1,0,0,0,1,0,2023-04-28,0,1.0,0.75,0.7916666666666666
TXN_1928131,0,0,0,0,0,0,1,0,0,1,0,2023-04-17,1,0.0,0.75,0.125
TXN_8318388,1,0,0,0,0,0,0,0,0,0,1,2023-11-26,0,1.0,0.5,0.5833333333333333
TXN_8270768,0,0,0,1,0,0,0,0,0,0,1,2023-02-28,1,1.0,0.5,0.5833333333333333
TXN_4157300,0,0,0,0,0,0,0,1,1,0,0,2023-09-23,1,0.75,0.125,0.20833333333333331
TXN_3224156,0,0,1,0,0,0,0,0,0,1,0,2023-03-16,0,0.0,0.0,0.0
TXN_3105633,0,1,0,0,0,0,0,0,0,0,1,2023-03-30,0,0.0,0.25,0.041666666666666664
TXN_1964893,0,0,0,0,0,0,1,0,0,0,1,2023-03-21,1,0.0,0.75,0.125
TXN_7936851,0,0,0,0,0,1,0,0,0,1,0,2023-10-07,1,0.5,0.75,0.4583333333333333
TXN_6393305,0,0,0,0,1,0,0,0,0,0,1,2023-10-19,0,1.0,1.0,1.0
TXN_7326720,1,0,0,0,0,0,0,0,1,0,0,2023-12-08,0,0.25,0.5,0.20833333333333331
TXN_3069563,0,0,0,0,0,1,0,0,1,0,0,2023-04-25,0,0.25,0.75,0.29166666666666663
TXN_1728427,0,1,0,0,0,0,0,0,1,0,0,2023-02-11,1,1.0,0.25,0.375
TXN_9176288,0,0,0,0,0,0,0,1,0,0,1,2023-02-08,0,0.25,0.125,0.08333333333333333
TXN_9071439,0,0,0,1,0,0,0,0,0,1,0,2023-02-05,0,0.5,0.5,0.3333333333333333
TXN_4659954,0,0,0,0,0,1,0,0,0,1,0,2023-10-28,0,0.5,0.75,0.4583333333333333
TXN_1841204,0,0,0,0,1,0,0,0,0,0,1,2023-04-18,0,0.5,1.0,0.5833333333333333
TXN_8963470,0,0,0,0,1,0,0,0,0,1,0,2023-06-01,0,0.25,1.0,0.375
TXN_8330240,0,0,0,0,0,1,0,0,0,0,1,2023-06-06,1,0.75,0.75,0.625
TXN_3534588,0,0,0,0,1,0,0,0,1,0,0,2023-07-05,0,0.0,1.0,0.16666666666666666
TXN_2749289,0,0,0,0,0,0,1,0,0,0,1,2023-05-05,1,0.25,0.75,0.29166666666666663
TXN_6587628,0,1,0,0,0,0,0,0,0,1,0,2023-05-09,0,1.0,0.25,0.375
TXN_1711872,0,0,0,1,0,0,0,0,0,1,0,2023-01-27,1,0.0,0.5,0.08333333333333333
TXN_3809533,0,0,0,1,0,0,0,0,0,0,1,2023-02-02,1,0.25,0.5,0.20833333333333331
TXN_4339925,0,0,1,0,0,0,0,0,1,0,0,2023-11-23,1,0.0,0.0,0.0
TXN_1183208,0,0,0,0,0,0,1,0,0,0,1,2023-08-26,1,1.0,0.75,0.7916666666666666
TXN_9089045,0,1,0,0,0,0,0,0,1,0,0,2023-03-12,0,1.0,0.25,0.375
TXN_9503145,0,0,0,1,0,0,0,0,0,0,1,2023-09-21,0,1.0,0.5,0.5833333333333333
TXN_8999360,0,0,0,1,0,0,0,0,1,0,0,2023-09-27,1,0.5,0.5,0.3333333333333333
TXN_6188262,0,0,0,1,0,0,0,0,1,0,0,2023-10-24,1,0.0,0.5,0.08333333333333333
TXN_5967452,0,0,0,1,0,0,0,0,0,1,0,2023-03-07,0,1.0,0.5,0.5833333333333333
TXN_9053365,0,0,1,0,0,0,0,0,0,0,1,2023-07-15,0,0.0,0.0,0.0
TXN_3706457,0,0,0,0,0,0,0,1,0,1,0,2023-07-18,1,1.0,0.125,0.2708333333333333
TXN_9612533,1,0,0,0,0,0,0,0,0,0,1,2023-01-26,0,0.25,0.5,0.20833333333333331
TXN_4948026,0,0,0,0,0,0,0,1,0,0,1,2023-07-02,0,0.75,0.125,0.20833333333333331
TXN_8741663,0,0,0,0,0,0,1,0,0,1,0,2023-01-21,1,0.0,0.75,0.125
TXN_7249396,1,0,0,0,0,0,0,0,1,0,0,2023-09-26,0,0.0,0.5,0.08333333333333333
TXN_8104914,0,0,1,0,0,0,0,0,1,0,0,2023-03-15,1,0.0,0.0,0.0
TXN_8922585,0,0,0,0,1,0,0,0,0,1,0,2023-06-22,1,1.0,1.0,1.0
TXN_2112522,0,0,0,0,0,1,0,0,0,0,1,2023-04-30,1,1.0,0.75,0.7916666666666666
TXN_2338617,0,0,0,1,0,0,0,0,0,0,1,2023-01-12,1,0.25,0.5,0.20833333333333331
TXN_2464054,0,1,0,0,0,0,0,0,0,0,1,2023-08-18,1,1.0,0.25,0.375
TXN_6133115,0,0,0,0,0,0,1,0,0,0,1,2023-12-08,0,1.0,0.75,0.7916666666666666
TXN_8408353,0,0,0,0,0,0,0,1,0,1,0,2023-12-13,0,0.0,0.125,0.020833333333333332
TXN_6420902,1,0,0,0,0,0,0,0,0,1,0,2023-11-22,1,0.5,0.5,0.3333333333333333
TXN_9400245,0,0,0,0,1,0,0,0,1,0,0,2023-02-24,0,0.0,1.0,0.16666666666666666
TXN_4767609,0,1,0,0,0,0,0,0,0,0,1,2023-10-15,0,0.5,0.25,0.20833333333333331
TXN_1425591,0,0,0,0,0,0,1,0,1,0,0,2023-09-10,1,0.0,0.75,0.125
TXN_2292088,0,0,0,0,0,1,0,0,0,0,1,2023-03-04,1,0.0,0.75,0.125
TXN_6706599,1,0,0,0,0,0,0,0,1,0,0,2023-09-20,1,0.0,0.5,0.08333333333333333
TXN_4365321,0,0,0,0,1,0,0,0,1,0,0,2023-03-09,0,0.75,1.0,0.7916666666666666
TXN_4457299,0,0,0,0,0,0,1,0,0,1,0,2023-09-19,0,0.5,0.75,0.4583333333333333
TXN_4671375,0,0,0,0,0,0,0,1,1,0,0,2023-06-28,0,0.0,0.125,0.020833333333333332
TXN_1184715,1,0,0,0,0,0,0,0,0,0,1,2023-09-10,1,0.25,0.5,0.20833333333333331
TXN_5981429,0,0,0,1,0,0,0,0,0,0,1,2023-12-24,0,0.25,0.5,0.20833333333333331
TXN_9036527,0,0,0,0,0,0,1,0,0,0,1,2023-06-27,1,0.75,0.75,0.625
TXN_2464706,1,0,0,0,0,0,0,0,0,0,1,2023-11-09,1,0.75,0.5,0.4583333333333333
TXN_8844497,0,0,0,0,0,1,0,0,0,0,1,2023-11-18,1,0.5,0.75,0.4583333333333333
TXN_5171519,0,0,0,0,1,0,0,0,0,0,1,2023-04-06,0,0.5,1.0,0.5833333333333333
TXN_6049240,0,0,0,1,0,0,0,0,1,0,0,2023-05-31,0,0.0,0.5,0.08333333333333333
TXN_4428252,0,0,0,0,0,1,0,0,1,0,0,2023-10-31,1,0.5,0.75,0.4583333333333333
TXN_8344810,0,0,0,0,0,0,1,0,0,0,1,2023-09-26,0,0.25,0.75,0.29166666666666663
TXN_8502079,0,0,0,0,0,0,0,1,1,0,0,2023-04-20,0,0.25,0.125,0.08333333333333333
TXN_9460419,1,0,0,0,0,0,0,0,0,1,0,2023-03-09,1,0.0,0.5,0.08333333333333333
TXN_1169615,0,0,0,0,0,0,1,0,0,0,1,2023-03-16,0,1.0,0.75,0.7916666666666666
TXN_9778251,0,0,0,0,0,0,0,1,0,0,1,2023-11-09,1,0.75,0.125,0.20833333333333331
TXN_1949093,0,0,0,0,0,0,1,0,1,0,0,2023-02-05,1,0.25,0.75,0.29166666666666663
TXN_8253472,1,0,0,0,0,0,0,0,0,1,0,2023-04-04,0,0.0,0.5,0.08333333333333333
TXN_9357808,0,0,0,0,0,1,0,0,1,0,0,2023-05-20,0,0.75,0.75,0.625
TXN_9026468,0,0,0,0,0,1,0,0,0,1,0,2023-08-23,0,0.25,0.75,0.29166666666666663
TXN_8273780,0,0,0,0,1,0,0,0,0,0,1,2023-10-15,1,0.25,1.0,0.375
TXN_4224427,0,0,0,1,0,0,0,0,1,0,0,2023-01-23,1,0.75,0.5,0.4583333333333333
TXN_5344848,0,0,0,0,1,0,0,0,0,0,1,2023-09-27,1,0.0,1.0,0.16666666666666666
TXN_6411708,0,1,0,0,0,0,0,0,0,1,0,2023-05-20,0,0.75,0.25,0.29166666666666663
TXN_7495283,1,0,0,0,0,0,0,0,0,1,0,2023-04-14,1,1.0,0.5,0.5833333333333333
TXN_8153550,0,0,1,0,0,0,0,0,1,0,0,2023-10-12,1,0.25,0.0,0.041666666666666664
TXN_8807600,0,0,0,0,0,1,0,0,1,0,0,2023-09-24,1,0.0,0.75,0.125
TXN_5921442,0,0,0,0,0,0,1,0,1,0,0,2023-02-04,1,0.75,0.75,0.625
TXN_9496697,0,0,0,0,0,0,0,1,0,1,0,2023-09-27,0,0.0,0.125,0.020833333333333332
TXN_3130865,0,0,0,1,0,0,0,0,1,0,0,2023-04-02,0,0.5,0.5,0.3333333333333333
TXN_2818204,1,0,0,0,0,0,0,0,0,0,1,2023-03-09,1,0.0,0.5,0.08333333333333333
TXN_4122925,0,0,1,0,0,0,0,0,0,0,1,2023-10-20,1,0.75,0.0,0.125
TXN_9407169,0,0,0,0,0,1,0,0,0,0,1,2023-01-28,0,0.0,0.75,0.125
TXN_8966400,1,0,0,0,0,0,0,0,0,1,0,2023-11-29,1,1.0,0.5,0.5833333333333333
TXN_1191659,0,1,0,0,0,0,0,0,0,1,0,2023-11-21,0,0.75,0.25,0.29166666666666663
TXN_9187008,0,0,0,0,0,0,0,1,0,0,1,2023-09-16,0,0.75,0.125,0.20833333333333331
TXN_1958525,0,0,1,0,0,0,0,0,0,1,0,2023-10-08,1,0.5,0.0,0.08333333333333333
TXN_6487003,0,1,0,0,0,0,0,0,0,1,0,2023-11-15,1,0.75,0.25,0.29166666666666663
TXN_4125474,0,0,0,0,1,0,0,0,0,1,0,2023-08-02,0,0.25,1.0,0.375
TXN_4556831,0,0,0,1,0,0,0,0,0,0,1,2023-05-28,0,0.25,0.5,0.20833333333333331
TXN_3546629,0,0,0,1,0,0,0,0,0,1,0,2023-03-04,0,1.0,0.5,0.5833333333333333
TXN_2153100,0,0,0,0,0,0,0,1,1,0,0,2023-12-29,1,0.25,0.125,0.08333333333333333
TXN_4723089,0,0,0,0,0,1,0,0,1,0,0,2023-05-23,0,0.75,0.75,0.625
TXN_8545707,1,0,0,0,0,0,0,0,1,0,0,2023-02-14,1,1.0,0.5,0.5833333333333333
TXN_8938445,1,0,0,0,0,0,0,0,0,0,1,2023-11-07,0,0.5,0.5,0.3333333333333333
TXN_5846013,0,0,0,0,0,0,0,1,0,0,1,2023-12-20,0,0.25,0.125,0.08333333333333333
TXN_6494265,0,1,0,0,0,0,0,0,0,1,0,2023-05-24,1,0.25,0.25,0.125
TXN_8563793,0,0,0,1,0,0,0,0,1,0,0,2023-03-26,0,0.75,0.5,0.4583333333333333
TXN_8866974,0,0,0,0,0,0,1,0,0,0,1,2023-03-14,1,0.5,0.75,0.4583333333333333
TXN_9954652,0,1,0,0,0,0,0,0,1,0,0,2023-09-12,0,0.25,0.25,0.125
TXN_5762440,0,0,0,0,0,1,0,0,1,0,0,2023-03-05,0,1.0,0.75,0.7916666666666666
TXN_6120851,0,0,0,0,1,0,0,0,1,0,0,2023-02-04,1,1.0,1.0,1.0
TXN_3124078,1,0,0,0,0,0,0,0,0,1,0,2023-08-06,0,0.75,0.5,0.4583333333333333
TXN_7936002,0,0,0,0,1,0,0,0,0,0,1,2023-01-26,1,0.25,1.0,0.375
TXN_8076061,0,0,0,0,0,0,0,1,1,0,0,2023-04-01,0,0.75,0.125,0.20833333333333331
TXN_9668108,1,0,0,0,0,0,0,0,1,0,0,2023-01-20,0,0.0,0.5,0.08333333333333333
TXN_3528020,0,0,1,0,0,0,0,0,1,0,0,2023-08-26,1,0.0,0.0,0.0
TXN_5548914,0,0,0,1,0,0,0,0,0,0,1,2023-11-04,0,0.25,0.5,0.20833333333333331
TXN_4302199,0,0,0,0,0,0,0,1,0,1,0,2023-02-16,1,0.5,0.125,0.14583333333333331
TXN_9933628,0,0,0,0,0,0,1,0,1,0,0,2023-07-20,0,1.0,0.75,0.7916666666666666
TXN_6796890,0,0,0,0,0,0,0,1,1,0,0,2023-08-24,1,0.75,0.125,0.20833333333333331
TXN_4583012,0,0,0,0,0,1,0,0,0,0,1,2023-02-27,0,1.0,0.75,0.7916666666666666
TXN_8567525,0,0,1,0,0,0,0,0,0,1,0,2023-12-30,1,0.25,0.0,0.041666666666666664
TXN_9226047,0,0,0,0,0,0,1,0,1,0,0,2023-10-25,1,0.5,0.75,0.4583333333333333
TXN_3142496,0,0,0,0,0,0,1,0,1,0,0,2023-07-27,1,0.0,0.75,0.125
TXN_3297457,1,0,0,0,0,0,0,0,0,1,0,2023-01-03,1,0.25,0.5,0.20833333333333331
TXN_2858441,0,0,0,0,0,1,0,0,0,1,0,2023-12-14,0,0.25,0.75,0.29166666666666663
TXN_1784478,0,0,0,1,0,0,0,0,1,0,0,2023-07-31,0,1.0,0.5,0.5833333333333333
TXN_9594133,1,0,0,0,0,0,0,0,0,0,1,2023-03-10,0,1.0,0.5,0.5833333333333333
TXN_1741685,0,0,0,1,0,0,0,0,1,0,0,2023-08-18,1,1.0,0.5,0.5833333333333333
TXN_1538510,0,1,0,0,0,0,0,0,0,0,1,2023-05-22,1,1.0,0.25,0.375
TXN_3897619,0,0,0,0,0,1,0,0,1,0,0,2023-02-24,1,0.5,0.75,0.4583333333333333
TXN_2739140,0,0,0,0,0,0,1,0,1,0,0,2023-07-05,0,0.75,0.75,0.625
TXN_4766549,0,0,0,0,0,0,1,0,1,0,0,2023-10-20,0,0.25,0.75,0.29166666666666663
TXN_7851634,0,0,0,0,0,1,0,0,1,0,0,2023-01-08,1,0.75,0.75,0.625
TXN_7672686,0,1,0,0,0,0,0,0,1,0,0,2023-08-30,1,0.25,0.25,0.125
TXN_9659401,1,0,0,0,0,0,0,0,0,0,1,2023-06-02,0,0.5,0.0,0.08333333333333333
TXN_5255387,0,1,0,0,0,0,0,0,0,0,1,2023-03-02,1,0.75,0.25,0.29166666666666663
TXN_7695629,0,0,1,0,0,0,0,0,0,0,1,2023-12-02,1,0.5,0.0,0.08333333333333333
TXN_6170729,0,0,0,0,0,1,0,0,1,0,0,2023-11-07,0,0.5,0.75,0.4583333333333333
